"CrashName","Name","Sex","Age","Speed","VehicleDamage","PartyCategory","Sobriety","VehicleDirection","MovementPrecedingCollision","PartyType","OtherAssociatedFactor","VehicleCount","ViolationCode","ViolationCodeDescription"
"CR-0000087553","ACV-0000179039","M","25","","Major","Driver","Impairment Not Known","South","Proceeding Straight","Motorcycle/Moped","None Apparent","1","Unknown","Unknown"
"CR-0000087556","ACV-0000179045","M","31","","Minor","Driver","Impairment Not Known","East","Making Left Turn","Car","Other Violation","1","21801","Yield Left Turn"
"CR-0000087546","ACV-0000179027","","0","","Unknown","Driver","Impairment Not Known","Unknown","Unknown","Unknown","Unknown","1","Unknown","Unknown"
"CR-0000087567","ACV-0000179064","M","30","","Moderate","Driver","Had Not Been Drinking","South","Making Left Turn","Car","Other Violation","1","21801","Yield Left Turn"
"CR-0000087561","ACV-0000179053","M","30","","Minor","Driver","Sleepy/Fatigued","South","Proceeding Straight","Car","Other","1","22350","Speeding"
"CR-0000087565","ACV-0000179061","","0","","Major","Parked","Not Applicable","Not Applicable","Parked","Car","None Apparent","1","Not Applicable","Not Applicable"
"CR-0000087558","ACV-0000179048","M","19","","Moderate","Driver","Had Not Been Drinking","North","Proceeding Straight","Car","None Apparent","1","21453","Run Red Light"
"CR-0000087556","ACV-0000179046","F","30","","Moderate","Driver","Impairment Not Known","North","Proceeding Straight","Car","Unknown","1","Not Applicable","Not Applicable"
"CR-0000087553","ACV-0000179038","M","29","","Major","Driver","Impairment Not Known","South","Making Left Turn","Panel Truck","None Apparent","1","Unknown","Unknown"
"CR-0000087545","ACV-0000179023","","0","","Minor","Parked","Not Applicable","Not Applicable","Parked","Car","Unknown","1","Not Applicable","Not Applicable"
"CR-0000087563","ACV-0000179057","","0","","Major","Driver","Impairment Not Known","South","Making Right Turn","Car","Other Violation","1","22107","Unsafe Turn Movement"
"CR-0000087544","ACV-0000179021","M","34","","Minor","Driver","Impairment Not Known","North","Stopped","Panel Truck","None Apparent","1","Not Applicable","Not Applicable"
"CR-0000087547","ACV-0000179024","","0","","Unknown","Parked","Not Applicable","Not Applicable","Parked","Car","Unknown","1","Unknown","Unknown"
"CR-0000087560","ACV-0000179052","M","59","","Minor","Driver","Impairment Not Known","North","Stopped","Car","None Apparent","1","Not Applicable","Not Applicable"
"CR-0000087561","ACV-0000179054","M","38","","Minor","Driver","Had Not Been Drinking","South","Stopped","Car","Unknown","1","Not Applicable","Not Applicable"
"CR-0000087560","ACV-0000179051","M","0","","Unknown","Driver","Impairment Not Known","North","Proceeding Straight","Car","Other Violation","1","22350","Speeding"
"CR-0000087551","ACV-0000179035","","0","","Unknown","Driver","Impairment Not Known","Unknown","Unknown","Car","Unknown","1","Unknown","Unknown"
"CR-0000087549","ACV-0000179030","M","23","","Major","Driver","Had Not Been Drinking","North","Proceeding Straight","Car","Other Violation","1","22350","Speeding"
"CR-0000087543","ACV-0000179017","F","52","","Minor","Driver","Impairment Not Known","West","Making U-Turn","Car","None Apparent","1","21460","Driving Over Centerline"
"CR-0000087545","ACV-0000179022","M","24","","Minor","Driver","Had Not Been Drinking","North","Backing","Emergency Vehicle","None Apparent","1","22106","Unsafe Backing"
"CR-0000087569","ACV-0000179066","M","26","","Moderate","Driver","Had Not Been Drinking","North","Proceeding Straight","Car","None Apparent","1","21703","Follow Too Closely"
"CR-0000087570","ACV-0000179070","F","22","","Major","Driver","Had Not Been Drinking","North","Proceeding Straight","Car","None Apparent","1","Not Applicable","Not Applicable"
"CR-0000087571","ACV-0000179072","M","14","","Not Applicable","Bicycle","Had Not Been Drinking","North","Proceeding Straight","Bicycle","Unknown","1","Not Applicable","Not Applicable"
"CR-0000087572","ACV-0000179073","F","0","","Major","Driver","Impairment Not Known","North","Making Left Turn","Car","Other Violation","1","21802","Yield Stop Sign"
"CR-0000087572","ACV-0000179074","M","49","","Moderate","Driver","Had Not Been Drinking","West","Proceeding Straight","Panel Truck","None Apparent","1","Not Applicable","Not Applicable"
"CR-0000087573","ACV-0000179075","M","0","","Major","Driver","Impairment Not Known","Unknown","Unknown","Car","Other Violation","1","22350","Speeding"
"CR-0000087569","ACV-0000179068","F","25","","Moderate","Driver","Had Not Been Drinking","North","Slowing/Stopping","Car","None Apparent","1","Not Applicable","Not Applicable"
"CR-0000087570","ACV-0000179069","F","38","","Moderate","Driver","Had Not Been Drinking","South","Making U-Turn","Car","None Apparent","1","Unknown","Unknown"
"CR-0000087571","ACV-0000179071","F","79","","Minor","Driver","Had Not Been Drinking","West","Proceeding Straight","Car","Unknown","1","22350","Speeding"
"CR-0000087569","ACV-0000179067","M","34","","Moderate","Driver","Had Not Been Drinking","North","Slowing/Stopping","Car","None Apparent","1","Not Applicable","Not Applicable"
"CR-0000087575","ACV-0000179079","F","47","","Unknown","Driver","Impairment Not Known","Unknown","Stopped","Car","Unknown","1","Unknown","Unknown"
"CR-0000087574","ACV-0000179076","","0","","Unknown","Driver","Impairment Not Known","West","Backing","Car","Unknown","1","Unknown","Unknown"
"CR-0000087574","ACV-0000179077","F","41","","Unknown","Driver","Impairment Not Known","North","Proceeding Straight","Car","Unknown","1","Unknown","Unknown"
"CR-0000087576","ACV-0000179081","","0","","Moderate","Parked","Not Applicable","Not Applicable","Parked","Panel Truck","Unknown","1","Not Applicable","Not Applicable"
"CR-0000087575","ACV-0000179078","","0","","Unknown","Driver","Impairment Not Known","Unknown","Backing","Car","Unknown","1","Unknown","Unknown"
"CR-0000087576","ACV-0000179080","M","44","","Major","Driver","Had Been Drinking - Under Influence","North","Proceeding Straight","Car","Other Violation","1","23152","Driving Drunk"
"CR-0000087577","ACV-0000179083","M","20","","Major","Driver","Impairment Not Known","South","Proceeding Straight","Car","Unknown","1","Not Applicable","Not Applicable"
"CR-0000087578","ACV-0000179085","","0","","Unknown","Driver","Impairment Not Known","West","Proceeding Straight","Car","Other Violation","1","21802","Yield Stop Sign"
"CR-0000087578","ACV-0000179086","M","20","","Unknown","Driver","Had Not Been Drinking","East","Making Left Turn","Car","None Apparent","1","Not Applicable","Not Applicable"
"CR-0000087579","ACV-0000179087","","0","","Unknown","Driver","Impairment Not Known","North","Proceeding Straight","Car","Other Violation","1","22350","Speeding"
"CR-0000087577","ACV-0000179082","","0","","Major","Driver","Impairment Not Known","West","Proceeding Straight","Car","Other Violation","1","21453","Run Red Light"
"CR-0000087577","ACV-0000179084","M","48","","Major","Driver","Had Not Been Drinking","East","Stopped","Car","Unknown","1","Not Applicable","Not Applicable"
"CR-0000087580","ACV-0000179089","","0","","Moderate","Driver","Impairment Not Known","South","Other Unsafe Turning","Car","Other Violation","1","22107","Unsafe Turn Movement"
"CR-0000087583","ACV-0000179094","M","37","","Minor","Driver","Impairment Not Known","North","Ran Off Road","Car","Other Violation","1","23103","Reckless Driving 2"
"CR-0000087585","ACV-0000179097","M","56","","Moderate","Driver","Impairment Not Known","East","Proceeding Straight","Car","None Apparent","1","Unknown","Unknown"
"CR-0000087585","ACV-0000179098","F","58","","Moderate","Driver","Impairment Not Known","East","Proceeding Straight","Car","None Apparent","1","Not Applicable","Not Applicable"
"CR-0000087581","ACV-0000179090","","0","","Unknown","Driver","Impairment Not Known","East","Passing Other Vehicles","Car","Other Violation","1","22107","Unsafe Turn Movement"
"CR-0000087582","ACV-0000179093","M","58","","Unknown","Parked","Not Applicable","Unknown","Parked","Panel Truck","None Apparent","1","Not Applicable","Not Applicable"
"CR-0000087584","ACV-0000179095","","0","","Unknown","Unknown","Impairment Not Known","Not Applicable","Other","Unknown","None Apparent","1","Unknown","Unknown"
"CR-0000087579","ACV-0000179088","","0","","Major","Parked","Not Applicable","Not Applicable","Parked","Car","None Apparent","1","Not Applicable","Not Applicable"
"CR-0000087586","ACV-0000179099","M","23","","Unknown","Driver","Had Not Been Drinking","North","Passing Other Vehicles","Panel Truck","Vision Obscurement","1","22107","Unsafe Turn Movement"
"CR-0000087581","ACV-0000179091","M","57","","Moderate","Driver","Had Not Been Drinking","East","Proceeding Straight","Car","None Apparent","1","Not Applicable","Not Applicable"
"CR-0000087582","ACV-0000179092","","0","","Unknown","Driver","Impairment Not Known","Unknown","Proceeding Straight","Unknown","None Apparent","1","Unknown","Unknown"
"CR-0000087584","ACV-0000179096","M","0","","Not Applicable","Parked","Not Applicable","North","Parked","Car","None Apparent","1","Not Applicable","Not Applicable"
"CR-0000087586","ACV-0000179100","","0","","Unknown","Parked","Not Applicable","Not Applicable","Parked","Panel Truck","None Apparent","1","Not Applicable","Not Applicable"
"CR-0000087587","ACV-0000179102","M","27","","Major","Driver","Had Not Been Drinking","South","Stopped","Car","None Apparent","1","Not Applicable","Not Applicable"
"CR-0000087588","ACV-0000179104","M","41","","Not Applicable","Driver","Impairment Not Known","East","Stopped","Car","None Apparent","1","Not Applicable","Not Applicable"
"CR-0000087587","ACV-0000179101","M","28","","Major","Driver","Had Not Been Drinking","South","Proceeding Straight","Car","Inattention","1","22350","Speeding"
"CR-0000087588","ACV-0000179103","F","17","","Unknown","Driver","Impairment Not Known","West","Making Left Turn","Car","Stop And Go Traffic","1","Unknown","Unknown"
"CR-0000087626","ACV-0000179177","","0","","Unknown","Driver","Impairment Not Known","East","Proceeding Straight","Car","Other Violation","1","21950","Yield Pedestrian In Crosswalk"
"CR-0000087648","ACV-0000179222","M","0","","Unknown","Driver","Impairment Not Known","West","Backing","Car","Other Violation","1","22106","Unsafe Backing"
"CR-0000087622","ACV-0000179168","","0","","Minor","Parked","Not Applicable","Not Applicable","Parked","Car","None Apparent","1","Not Applicable","Not Applicable"
"CR-0000087624","ACV-0000179172","M","66","","Moderate","Driver","Had Not Been Drinking","West","Proceeding Straight","Car","None Apparent","1","Not Applicable","Not Applicable"
"CR-0000087615","ACV-0000179154","M","43","","Not Applicable","Bicycle","Had Not Been Drinking","North","Proceeding Straight","Bicycle","None Apparent","1","Not Applicable","Not Applicable"
"CR-0000087630","ACV-0000179186","M","53","","Major","Driver","Had Not Been Drinking","East","Proceeding Straight","Car","None Apparent","1","Not Applicable","Not Applicable"
"CR-0000087632","ACV-0000179190","M","25","","Major","Driver","Had Not Been Drinking","East","Proceeding Straight","Car","Previous Collision","1","Not Applicable","Not Applicable"
"CR-0000087612","ACV-0000179146","","0","","Moderate","Driver","Impairment Not Known","North","Making Right Turn","Panel Truck","Other Violation","1","22350","Speeding"
"CR-0000087614","ACV-0000179151","M","60","","Minor","Driver","Had Not Been Drinking","East","Proceeding Straight","Car","None Apparent","1","Unknown","Unknown"
"CR-0000087644","ACV-0000179215","M","30","","Not Applicable","Bicycle","Impairment Not Known","North","Traveling Wrong Way","Bicycle","Other Violation","1","Not Applicable","Not Applicable"
"CR-0000087601","ACV-0000179126","M","21","","Major","Driver","Had Not Been Drinking","North","Proceeding Straight","Car","None Apparent","1","Not Applicable","Not Applicable"
"CR-0000087612","ACV-0000179148","F","58","","Moderate","Driver","Had Not Been Drinking","West","Slowing/Stopping","Car","None Apparent","1","Not Applicable","Not Applicable"
"CR-0000087647","ACV-0000179221","M","22","","Moderate","Driver","Had Not Been Drinking","West","Stopped","Car","None Apparent","1","Not Applicable","Not Applicable"
"CR-0000087602","ACV-0000179128","F","38","","Moderate","Driver","Impairment Not Known","South","Proceeding Straight","Car","None Apparent","1","Not Applicable","Not Applicable"
"CR-0000087642","ACV-0000179210","","0","","Unknown","Driver","Impairment Not Known","South","Proceeding Straight","Unknown","Other Violation","1","22350","Speeding"
"CR-0000087625","ACV-0000179175","M","58","","Major","Parked","Not Applicable","Not Applicable","Parked","Car","None Apparent","1","Not Applicable","Not Applicable"
"CR-0000087649","ACV-0000179224","M","18","","Minor","Driver","Had Not Been Drinking","West","Making Left Turn","Car","None Apparent","1","21453","Run Red Light"
"CR-0000087621","ACV-0000179166","M","56","","Moderate","Driver","Had Not Been Drinking","East","Proceeding Straight","Car","None Apparent","1","Not Applicable","Not Applicable"
"CR-0000087651","ACV-0000179228","F","52","","Moderate","Driver","Impairment Not Known","South","Making Left Turn","Car","Inattention","1","22107","Unsafe Turn Movement"
"CR-0000087632","ACV-0000179189","M","31","","Minor","Driver","Had Not Been Drinking","North","Making Left Turn","Panel Truck","Other Violation","1","22107","Unsafe Turn Movement"
"CR-0000087613","ACV-0000179149","M","28","","Moderate","Driver","Had Not Been Drinking","East","Making Left Turn","Panel Truck","None Apparent","1","21453","Run Red Light"
"CR-0000087617","ACV-0000179157","M","47","","Minor","Parked","Not Applicable","Unknown","Parked","Car","Other Violation","1","22517","Open Door Traffic"
"CR-0000087614","ACV-0000179152","F","54","","Not Applicable","Bicycle","Had Not Been Drinking","South","Proceeding Straight","Bicycle","None Apparent","1","Not Applicable","Not Applicable"
"CR-0000087655","ACV-0000179237","","0","","Moderate","Parked","Not Applicable","Not Applicable","Parked","Car","None Apparent","1","Not Applicable","Not Applicable"
"CR-0000087598","ACV-0000179120","M","22","","Minor","Driver","Impairment Not Known","South","Making Left Turn","Car","Other Violation","1","22107","Unsafe Turn Movement"
"CR-0000087623","ACV-0000179169","F","43","","Moderate","Driver","Impairment Not Known","East","Slowing/Stopping","Car","None Apparent","1","22350","Speeding"
"CR-0000087650","ACV-0000179226","M","18","","Moderate","Driver","Had Not Been Drinking","North","Making U-Turn","Car","Other Violation","1","22107","Unsafe Turn Movement"
"CR-0000087636","ACV-0000179198","M","56","","Major","Driver","Had Not Been Drinking","East","Proceeding Straight","Car","None Apparent","1","Not Applicable","Not Applicable"
"CR-0000087616","ACV-0000179155","F","23","","Major","Driver","Had Not Been Drinking","West","Proceeding Straight","Car","None Apparent","1","21802","Yield Stop Sign"
"CR-0000087652","ACV-0000179229","M","0","","Moderate","Driver","Impairment Not Known","West","Proceeding Straight","Car","Other Violation","1","21453","Run Red Light"
"CR-0000087600","ACV-0000179123","","0","","Unknown","Driver","Impairment Not Known","West","Proceeding Straight","Unknown","Other Violation","1","21453","Run Red Light"
"CR-0000087635","ACV-0000179196","F","40","","Moderate","Driver","Had Not Been Drinking","West","Making Left Turn","Car","None Apparent","1","Not Applicable","Not Applicable"
"CR-0000087608","ACV-0000179138","M","10","","Not Applicable","Pedestrian","Had Not Been Drinking","East","Entering Traffic","Pedestrian","None Apparent","1","21954","Pedestrian Yield Car"
"CR-0000087625","ACV-0000179173","M","19","","Major","Driver","Had Not Been Drinking","West","Proceeding Straight","Car","Other Violation","1","22350","Speeding"
"CR-0000087640","ACV-0000179207","F","33","","Unknown","Parked","Not Applicable","Not Applicable","Parked","Car","None Apparent","1","Not Applicable","Not Applicable"
"CR-0000087637","ACV-0000179199","F","24","","Major","Driver","Had Not Been Drinking","South","Making Left Turn","Panel Truck","None Apparent","1","21800","Yield Uncontrolled Intersection"
"CR-0000087654","ACV-0000179234","M","59","","Minor","Driver","Impairment Not Known","West","Stopped","Car","Stop And Go Traffic","1","22106","Unsafe Backing"
"CR-0000087591","ACV-0000179110","M","72","","Minor","Driver","Impairment Not Known","East","Stopped","Car","None Apparent","1","Not Applicable","Not Applicable"
"CR-0000087653","ACV-0000179231","","0","","Minor","Driver","Impairment Not Known","West","Proceeding Straight","Car","None Apparent","1","22350","Speeding"
"CR-0000087610","ACV-0000179143","M","45","","Moderate","Driver","Had Not Been Drinking","North","Proceeding Straight","Car","None Apparent","1","Not Applicable","Not Applicable"
"CR-0000087627","ACV-0000179180","M","0","","Minor","Driver","Not Applicable","Not Applicable","Parked","Unknown","None Apparent","1","Not Applicable","Not Applicable"
"CR-0000087589","ACV-0000179105","","0","","Unknown","Driver","Impairment Not Known","South","Proceeding Straight","Unknown","None Apparent","1","Unknown","Unknown"
"CR-0000087625","ACV-0000179174","M","56","","Moderate","Parked","Not Applicable","Not Applicable","Parked","Car","None Apparent","1","Not Applicable","Not Applicable"
"CR-0000087611","ACV-0000179145","M","42","","Moderate","Driver","Impairment Not Known","North","Making Left Turn","Car","None Apparent","1","Not Applicable","Not Applicable"
"CR-0000087595","ACV-0000179118","","0","","Minor","Parked","Not Applicable","Not Applicable","Parked","Car","None Apparent","1","Not Applicable","Not Applicable"
"CR-0000087639","ACV-0000179205","M","59","","Minor","Driver","Had Not Been Drinking","North","Stopped","Car","None Apparent","1","Not Applicable","Not Applicable"
"CR-0000087603","ACV-0000179130","F","33","","None","Driver","Had Not Been Drinking","South","Making Right Turn","Car","None Apparent","1","Not Applicable","Not Applicable"
"CR-0000087624","ACV-0000179171","M","55","","Major","Driver","Had Not Been Drinking","East","Making Left Turn","Car","None Apparent","1","21453","Run Red Light"
"CR-0000087611","ACV-0000179144","F","17","","Moderate","Driver","Impairment Not Known","East","Proceeding Straight","Car","None Apparent","1","21453","Run Red Light"
"CR-0000087631","ACV-0000179188","","0","","None","Parked","Not Applicable","Not Applicable","Parked","Car","None Apparent","1","Not Applicable","Not Applicable"
"CR-0000087645","ACV-0000179217","M","60","","Minor","Driver","Impairment Not Known","South","Making Right Turn","Bus - Other","None Apparent","1","Not Applicable","Not Applicable"
"CR-0000087609","ACV-0000179141","F","38","","Minor","Driver","Had Not Been Drinking","East","Proceeding Straight","Car","None Apparent","1","Not Applicable","Not Applicable"
"CR-0000087603","ACV-0000179129","M","32","","Minor","Driver","Had Not Been Drinking","South","Making Right Turn","Car","None Apparent","1","21703","Follow Too Closely"
"CR-0000087618","ACV-0000179160","","0","","Unknown","Driver","Impairment Not Known","North","Making Left Turn","Car","None Apparent","1","Not Applicable","Not Applicable"
"CR-0000087590","ACV-0000179107","","0","","Unknown","Driver","Impairment Not Known","West","Other Unsafe Turning","Car","None Apparent","1","22107","Unsafe Turn Movement"
"CR-0000087637","ACV-0000179200","F","44","","Major","Driver","Had Not Been Drinking","West","Proceeding Straight","Car","None Apparent","1","Not Applicable","Not Applicable"
"CR-0000087654","ACV-0000179233","","0","","Unknown","Driver","Impairment Not Known","East","Stopped","Car","Other Violation","1","22106","Unsafe Backing"
"CR-0000087610","ACV-0000179142","M","19","","Moderate","Driver","Had Not Been Drinking","South","Making Left Turn","Car","None Apparent","1","21801","Yield Left Turn"
"CR-0000087591","ACV-0000179109","M","29","","Minor","Driver","Impairment Not Known","East","Stopped","Car","Inattention","1","Unknown","Unknown"
"CR-0000087605","ACV-0000179133","M","22","","Moderate","Driver","Had Not Been Drinking","West","Ran Off Road","Car","Other Violation","1","22350","Speeding"
"CR-0000087626","ACV-0000179178","M","36","","Not Applicable","Pedestrian","Had Been Drinking - Under Influence","North","Proceeding Straight","Pedestrian","None Apparent","1","Not Applicable","Not Applicable"
"CR-0000087594","ACV-0000179116","F","0","","Minor","Driver","Not Applicable","East","Proceeding Straight","Car","None Apparent","1","Not Applicable","Not Applicable"
"CR-0000087595","ACV-0000179119","","0","","Moderate","Parked","Not Applicable","Not Applicable","Parked","Car","None Apparent","1","Not Applicable","Not Applicable"
"CR-0000087622","ACV-0000179167","M","35","","Totaled","Driver","Had Not Been Drinking","North","Proceeding Straight","Car","Inattention","1","22350","Speeding"
"CR-0000087633","ACV-0000179191","F","29","","Minor","Driver","Had Not Been Drinking","West","Proceeding Straight","Car","Other Violation","1","21750","Passing On Left"
"CR-0000087619","ACV-0000179162","M","31","","None","Bicycle","Had Not Been Drinking","West","Proceeding Straight","Bicycle","None Apparent","1","Not Applicable","Not Applicable"
"CR-0000087602","ACV-0000179127","F","20","","Major","Driver","Impairment Not Known","North","Making Left Turn","Car","None Apparent","1","Unknown","Unknown"
"CR-0000087634","ACV-0000179193","","0","","Moderate","Driver","Impairment Not Known","West","Making Right Turn","Car","Other Violation","1","22107","Unsafe Turn Movement"
"CR-0000087599","ACV-0000179122","","0","","Major","Parked","Not Applicable","Not Applicable","Parked","Car","None Apparent","1","Not Applicable","Not Applicable"
"CR-0000087589","ACV-0000179106","M","20","","Not Applicable","Driver","Impairment Not Known","South","Stopped","Car","None Apparent","1","Not Applicable","Not Applicable"
"CR-0000087649","ACV-0000179225","M","29","","Minor","Driver","Had Not Been Drinking","South","Proceeding Straight","Motorcycle/Moped","None Apparent","1","Not Applicable","Not Applicable"
"CR-0000087639","ACV-0000179203","F","29","","Major","Driver","Had Not Been Drinking","East","Proceeding Straight","Car","None Apparent","1","21453","Run Red Light"
"CR-0000087613","ACV-0000179150","M","48","","Moderate","Driver","Had Not Been Drinking","West","Proceeding Straight","Car","None Apparent","1","Not Applicable","Not Applicable"
"CR-0000087650","ACV-0000179227","F","34","","Minor","Driver","Had Not Been Drinking","North","Proceeding Straight","Car","None Apparent","1","Not Applicable","Not Applicable"
"CR-0000087631","ACV-0000179187","M","57","","None","Driver","Impairment Not Known","West","Proceeding Straight","Car","None Apparent","1","22350","Speeding"
"CR-0000087646","ACV-0000179218","","0","","Moderate","Driver","Had Been Drinking - Impairment Unknown","South","Making Left Turn","Car","Other Violation","1","22107","Unsafe Turn Movement"
"CR-0000087642","ACV-0000179211","M","25","","Minor","Driver","Had Not Been Drinking","South","Stopped","Motorcycle/Moped","None Apparent","1","Not Applicable","Not Applicable"
"CR-0000087647","ACV-0000179220","M","42","","Moderate","Driver","Had Been Drinking - Under Influence","West","Proceeding Straight","Semi Truck","Other Violation","1","22350","Speeding"
"CR-0000087612","ACV-0000179147","M","39","","Minor","Driver","Had Not Been Drinking","East","Proceeding Straight","Panel Truck","None Apparent","1","Not Applicable","Not Applicable"
"CR-0000087644","ACV-0000179214","F","26","","Minor","Driver","Had Not Been Drinking","East","Making Right Turn","Car","Inattention","1","21453","Run Red Light"
"CR-0000087617","ACV-0000179158","M","18","","Not Applicable","Bicycle","Impairment Not Known","North","Proceeding Straight","Bicycle","None Apparent","1","Not Applicable","Not Applicable"
"CR-0000087599","ACV-0000179121","M","34","","Moderate","Driver","Had Been Drinking - Under Influence","South","Proceeding Straight","Car","Other Violation","1","23152","Driving Drunk"
"CR-0000087633","ACV-0000179192","M","0","","Minor","Driver","Not Applicable","Not Applicable","Parked","Car","None Apparent","1","Not Applicable","Not Applicable"
"CR-0000087600","ACV-0000179124","F","38","","Major","Driver","Had Not Been Drinking","South","Making Left Turn","Car","None Apparent","1","Not Applicable","Not Applicable"
"CR-0000087634","ACV-0000179194","M","56","","Major","Driver","Had Not Been Drinking","West","Making Left Turn","Panel Truck","None Apparent","1","Not Applicable","Not Applicable"
"CR-0000087627","ACV-0000179179","","0","","Unknown","Driver","Impairment Not Known","West","Other Unsafe Turning","Unknown","Other Violation","1","22350","Speeding"
"CR-0000087601","ACV-0000179125","M","51","","Minor","Driver","Had Not Been Drinking","North","Other Unsafe Turning","Semi Truck","None Apparent","1","22107","Unsafe Turn Movement"
"CR-0000087635","ACV-0000179195","F","61","","Moderate","Driver","Had Not Been Drinking","North","Proceeding Straight","Car","Inattention","1","21453","Run Red Light"
"CR-0000087643","ACV-0000179213","F","45","","Minor","Driver","Had Not Been Drinking","North","Stopped","Car","None Apparent","1","Not Applicable","Not Applicable"
"CR-0000087607","ACV-0000179136","M","43","","None","Driver","Had Not Been Drinking","West","Making Right Turn","Car","None Apparent","1","22107","Unsafe Turn Movement"
"CR-0000087608","ACV-0000179139","F","29","","None","Driver","Had Not Been Drinking","South","Proceeding Straight","Car","None Apparent","1","Not Applicable","Not Applicable"
"CR-0000087625","ACV-0000179176","","0","","Major","Parked","Not Applicable","Not Applicable","Parked","Car","None Apparent","1","Not Applicable","Not Applicable"
"CR-0000087653","ACV-0000179232","M","73","","Minor","Driver","Had Not Been Drinking","South","Proceeding Straight","Car","None Apparent","1","Not Applicable","Not Applicable"
"CR-0000087655","ACV-0000179236","M","22","","Moderate","Driver","Had Been Drinking - Not Under Influence","West","Proceeding Straight","Panel Truck","Other Violation","1","22350","Speeding"
"CR-0000087629","ACV-0000179183","F","19","","Moderate","Driver","Impairment Not Known","South","Making Left Turn","Car","None Apparent","1","Not Applicable","Not Applicable"
"CR-0000087638","ACV-0000179202","M","62","","Minor","Driver","Impairment Not Known","West","Proceeding Straight","Panel Truck","None Apparent","1","Not Applicable","Not Applicable"
"CR-0000087652","ACV-0000179230","F","29","","Moderate","Driver","Had Been Drinking - Not Under Influence","East","Making Left Turn","Car","None Apparent","1","Not Applicable","Not Applicable"
"CR-0000087636","ACV-0000179197","M","49","","Major","Driver","Had Not Been Drinking","East","Making U-Turn","Panel Truck","None Apparent","1","22107","Unsafe Turn Movement"
"CR-0000087640","ACV-0000179206","M","0","","Unknown","Driver","Impairment Not Known","North","Making Right Turn","Car","None Apparent","1","Unknown","Unknown"
"CR-0000087606","ACV-0000179135","M","53","","Moderate","Driver","Not Applicable","East","Proceeding Straight","Car","None Apparent","1","Not Applicable","Not Applicable"
"CR-0000087618","ACV-0000179159","M","34","","Major","Driver","Had Not Been Drinking","East","Making Right Turn","Motorcycle/Moped","Other Violation","1","22450","Fail Stop/Sign"
"CR-0000087620","ACV-0000179163","M","55","","Moderate","Driver","Had Not Been Drinking","West","Proceeding Straight","Car","None Apparent","1","21453","Run Red Light"
"CR-0000087607","ACV-0000179137","M","35","","Not Applicable","Bicycle","Impairment Not Known","West","Proceeding Straight","Bicycle","None Apparent","1","Not Applicable","Not Applicable"
"CR-0000087654","ACV-0000179235","F","54","","Unknown","Other","Impairment Not Known","Not Applicable","Other","Other","None Apparent","1","Not Applicable","Not Applicable"
"CR-0000087604","ACV-0000179132","M","25","","Major","Driver","Had Not Been Drinking","West","Proceeding Straight","Car","None Apparent","1","Not Applicable","Not Applicable"
"CR-0000087592","ACV-0000179111","M","0","","Moderate","Driver","Had Not Been Drinking","East","Proceeding Straight","Car","Other Violation","1","22350","Speeding"
"CR-0000087616","ACV-0000179156","F","57","","Moderate","Driver","Had Not Been Drinking","North","Proceeding Straight","Car","None Apparent","1","Not Applicable","Not Applicable"
"CR-0000087593","ACV-0000179113","M","80","","Major","Driver","Impairment Not Known","East","Making Left Turn","Car","None Apparent","1","21801","Yield Left Turn"
"CR-0000087593","ACV-0000179114","M","21","","Totaled","Driver","Impairment Not Known","West","Proceeding Straight","Car","None Apparent","1","Not Applicable","Not Applicable"
"CR-0000087641","ACV-0000179209","","0","","Unknown","Parked","Not Applicable","Not Applicable","Parked","Panel Truck","None Apparent","1","Not Applicable","Not Applicable"
"CR-0000087628","ACV-0000179181","M","74","","Moderate","Driver","Impairment Not Known","South","Proceeding Straight","Car","None Apparent","1","Unknown","Unknown"
"CR-0000087620","ACV-0000179164","M","19","","Major","Driver","Had Not Been Drinking","East","Making Left Turn","Car","None Apparent","1","Not Applicable","Not Applicable"
"CR-0000087643","ACV-0000179212","","0","","Unknown","Driver","Impairment Not Known","South","Making Right Turn","Car","None Apparent","1","22107","Unsafe Turn Movement"
"CR-0000087619","ACV-0000179161","M","49","","Minor","Driver","Had Not Been Drinking","North","Making Right Turn","Car","Entering/Leaving Ramp","1","22100","Improper Turn"
"CR-0000087592","ACV-0000179112","F","46","","Moderate","Driver","Had Been Drinking - Impairment Unknown","North","Making Left Turn","Car","Runaway Vehicle","1","Not Applicable","Not Applicable"
"CR-0000087594","ACV-0000179115","","0","","Unknown","Driver","Impairment Not Known","East","Changing Lanes","Unknown","Other Violation","1","22107","Unsafe Turn Movement"
"CR-0000087609","ACV-0000179140","F","24","","Major","Driver","Had Not Been Drinking","West","Making Left Turn","Car","None Apparent","1","21801","Yield Left Turn"
"CR-0000087638","ACV-0000179201","M","23","","Minor","Driver","Impairment Not Known","West","Entering Traffic","Car","None Apparent","1","21804","Yield From Driveway/Curb"