"CrashName","Name","Sex","Age","Speed","VehicleDamage","PartyCategory","Sobriety","VehicleDirection","MovementPrecedingCollision","PartyType","OtherAssociatedFactor","VehicleCount","ViolationCode","ViolationCodeDescription"
"CR-0000088531","ACV-0000181018","F","17","","Major","Driver","Had Not Been Drinking","South","Other Unsafe Turning","Car","Other Violation","1","22107","Unsafe Turn Movement"
"CR-0000088524","ACV-0000181006","F","68","","Moderate","Driver","Impairment Not Known","South","Stopped","Car","Stop And Go Traffic","1","Not Applicable","Not Applicable"
"CR-0000088527","ACV-0000181010","M","32","","Major","Driver","Had Not Been Drinking","East","Making Left Turn","Car","None Apparent","1","21801","Yield Left Turn"
"CR-0000088527","ACV-0000181011","M","68","","Major","Driver","Had Not Been Drinking","West","Proceeding Straight","Car","None Apparent","1","Not Applicable","Not Applicable"
"CR-0000088530","ACV-0000181017","M","55","","Moderate","Driver","Had Not Been Drinking","West","Proceeding Straight","Car","None Apparent","1","Not Applicable","Not Applicable"
"CR-0000088532","ACV-0000181022","","0","","Unknown","Parked","Not Applicable","Not Applicable","Parked","Panel Truck","None Apparent","1","Not Applicable","Not Applicable"
"CR-0000088533","ACV-0000181025","M","31","","Minor","Driver","Had Not Been Drinking","East","Stopped","Car","None Apparent","1","Not Applicable","Not Applicable"
"CR-0000088536","ACV-0000181031","F","30","","Major","Driver","Had Not Been Drinking","South","Proceeding Straight","Car","None Apparent","1","Not Applicable","Not Applicable"
"CR-0000088537","ACV-0000181033","M","20","","Unknown","Driver","Impairment Not Known","West","Slowing/Stopping","Car","None Apparent","1","Not Applicable","Not Applicable"
"CR-0000088541","ACV-0000181040","M","46","","Not Applicable","Pedestrian","Impairment Not Known","West","Proceeding Straight","Pedestrian","None Apparent","1","21954","Pedestrian Yield Car"
"CR-0000088528","ACV-0000181012","M","65","","Minor","Driver","Impairment Not Known","South","Making Right Turn","Motorcycle/Moped","None Apparent","1","21658","Unsafe Lane Change"
"CR-0000088528","ACV-0000181013","F","29","","Moderate","Driver","Had Not Been Drinking","South","Proceeding Straight","Car","None Apparent","1","Not Applicable","Not Applicable"
"CR-0000088536","ACV-0000181030","F","26","","Major","Driver","Had Not Been Drinking","North","Making Left Turn","Car","None Apparent","1","21801","Yield Left Turn"
"CR-0000088537","ACV-0000181032","F","0","","Unknown","Driver","Impairment Not Known","West","Proceeding Straight","Panel Truck","None Apparent","1","Unknown","Unknown"
"CR-0000088531","ACV-0000181019","","0","","Major","Parked","Not Applicable","Not Applicable","Parked","Car","None Apparent","1","Not Applicable","Not Applicable"
"CR-0000088532","ACV-0000181020","","0","","Major","Driver","Impairment Not Known","South","Proceeding Straight","Car","Other Violation","1","22350","Speeding"
"CR-0000088532","ACV-0000181021","","0","","Major","Parked","Not Applicable","Not Applicable","Parked","Car","None Apparent","1","Not Applicable","Not Applicable"
"CR-0000088538","ACV-0000181034","M","51","","Minor","Driver","Had Not Been Drinking","East","Entering Traffic","Car","None Apparent","1","21804","Yield From Driveway/Curb"
"CR-0000088538","ACV-0000181035","M","40","","Not Applicable","Bicycle","Had Not Been Drinking","North","Proceeding Straight","Bicycle","None Apparent","1","Not Applicable","Not Applicable"
"CR-0000088529","ACV-0000181014","M","65","","Not Applicable","Bicycle","Had Not Been Drinking","North","Proceeding Straight","Bicycle","Other Violation","1","21453","Run Red Light"
"CR-0000088533","ACV-0000181024","M","41","","Major","Driver","Had Not Been Drinking","East","Stopped","Car","None Apparent","1","Not Applicable","Not Applicable"
"CR-0000088534","ACV-0000181026","M","27","","Minor","Driver","Impairment Not Known","South","Proceeding Straight","Panel Truck","None Apparent","1","21453","Run Red Light"
"CR-0000088539","ACV-0000181036","M","51","","Unknown","Driver","Had Not Been Drinking","South","Traveling Wrong Way","Car","Other Violation","1","21651","Divided Highway"
"CR-0000088534","ACV-0000181027","M","33","","Major","Driver","Had Not Been Drinking","West","Proceeding Straight","Panel Truck","None Apparent","1","Not Applicable","Not Applicable"
"CR-0000088535","ACV-0000181028","M","0","","Unknown","Driver","Impairment Not Known","East","Making Left Turn","Unknown","Other Violation","1","21456","Pedestrian Don't Walk"
"CR-0000088535","ACV-0000181029","M","12","","Not Applicable","Pedestrian","Impairment Not Known","North","Other (Ped)","Pedestrian","None Apparent","1","Not Applicable","Not Applicable"
"CR-0000088539","ACV-0000181037","F","42","","Major","Driver","Had Not Been Drinking","South","Making Left Turn","Car","None Apparent","1","21651","Divided Highway"
"CR-0000088540","ACV-0000181038","M","54","","Moderate","Driver","Impairment Not Known","East","Proceeding Straight","Motorcycle/Moped","None Apparent","1","Not Applicable","Not Applicable"
"CR-0000088540","ACV-0000181039","","0","","Unknown","Driver","Impairment Not Known","East","Proceeding Straight","Semi Truck","Other Violation","1","Not Applicable","Not Applicable"
"CR-0000088541","ACV-0000181041","M","62","","None","Driver","Impairment Not Known","East","Making Left Turn","Car","None Apparent","1","Not Applicable","Not Applicable"
"CR-0000088547","ACV-0000181051","M","23","","Moderate","Driver","Had Not Been Drinking","South","Proceeding Straight","Car","Unknown","1","Not Applicable","Not Applicable"
"CR-0000088548","ACV-0000181052","F","24","","Major","Driver","Had Been Drinking - Under Influence","North","Proceeding Straight","Car","Under Influence","1","22350","Speeding"
"CR-0000088545","ACV-0000181047","","0","","Major","Driver","Impairment Not Known","North","Traveling Wrong Way","Panel Truck","Other Violation","1","21663","Driving On Sidewalk"
"CR-0000088546","ACV-0000181049","M","26","","Minor","Driver","Had Not Been Drinking","South","Proceeding Straight","Car","None Apparent","1","Not Applicable","Not Applicable"
"CR-0000088543","ACV-0000181042","M","67","","Moderate","Driver","Had Not Been Drinking","South","Proceeding Straight","Car","None Apparent","1","21457","Flashing Signal"
"CR-0000088543","ACV-0000181043","M","40","","Minor","Driver","Had Not Been Drinking","West","Proceeding Straight","Car","None Apparent","1","Not Applicable","Not Applicable"
"CR-0000088544","ACV-0000181044","","0","","Major","Driver","Impairment Not Known","West","Proceeding Straight","Car","Other Violation","1","22107","Unsafe Turn Movement"
"CR-0000088544","ACV-0000181046","","0","","Major","Parked","Not Applicable","North","Parked","Car","Unknown","1","Not Applicable","Not Applicable"
"CR-0000088546","ACV-0000181048","M","0","","Unknown","Driver","Impairment Not Known","West","Making Right Turn","Car","Other Violation","1","21453","Run Red Light"
"CR-0000088548","ACV-0000181053","","0","","Minor","Parked","Not Applicable","Not Applicable","Parked","Panel Truck","None Apparent","1","Not Applicable","Not Applicable"
"CR-0000088549","ACV-0000181054","","0","","Major","Driver","Impairment Not Known","South","Proceeding Straight","Car","Other Violation","1","22350","Speeding"
"CR-0000088550","ACV-0000181056","","0","","Unknown","Driver","Impairment Not Known","East","Proceeding Straight","Car","Other Violation","1","21460","Driving Over Centerline"
"CR-0000088549","ACV-0000181055","","0","","Minor","Parked","Not Applicable","Not Applicable","Parked","Car","Unknown","1","Not Applicable","Not Applicable"
"CR-0000088550","ACV-0000181057","F","22","","Minor","Driver","Had Not Been Drinking","West","Making Left Turn","Car","None Apparent","1","Not Applicable","Not Applicable"
"CR-0000088556","ACV-0000181069","","0","","Major","Driver","Impairment Not Known","South","Proceeding Straight","Car","Other Violation","1","22350","Speeding"
"CR-0000088544","ACV-0000181045","","0","","Major","Parked","Not Applicable","Not Applicable","Parked","Car","Unknown","1","Not Applicable","Not Applicable"
"CR-0000088551","ACV-0000181059","","0","","Minor","Parked","Not Applicable","Not Applicable","Parked","Car","Unknown","1","Not Applicable","Not Applicable"
"CR-0000088552","ACV-0000181061","M","19","","Moderate","Driver","Impairment Not Known","South","Making Left Turn","Car","Inattention","1","21801","Yield Left Turn"
"CR-0000088547","ACV-0000181050","","0","","Moderate","Driver","Impairment Not Known","West","Proceeding Straight","Car","Other Violation","1","21453","Run Red Light"
"CR-0000088551","ACV-0000181058","","0","","Major","Driver","Impairment Not Known","East","Proceeding Straight","Car","Other Violation","1","22350","Speeding"
"CR-0000088551","ACV-0000181060","","0","","Minor","Parked","Not Applicable","Not Applicable","Parked","Car","Unknown","1","Not Applicable","Not Applicable"
"CR-0000088559","ACV-0000181078","F","21","","Minor","Driver","Impairment Not Known","South","Proceeding Straight","Car","None Apparent","1","Not Applicable","Not Applicable"
"CR-0000088560","ACV-0000181080","","0","","Moderate","Parked","Not Applicable","Not Applicable","Parked","Car","Unknown","1","Not Applicable","Not Applicable"
"CR-0000088560","ACV-0000181083","","0","","Moderate","Parked","Not Applicable","Not Applicable","Parked","Car","Unknown","1","Not Applicable","Not Applicable"
"CR-0000088560","ACV-0000181079","M","27","","Major","Driver","Impairment Not Known","West","Proceeding Straight","Car","Other Violation","1","22350","Speeding"
"CR-0000088560","ACV-0000181081","","0","","Moderate","Parked","Not Applicable","Not Applicable","Parked","Car","Unknown","1","Not Applicable","Not Applicable"
"CR-0000088560","ACV-0000181082","","0","","Major","Parked","Not Applicable","Not Applicable","Parked","Car","Unknown","1","Not Applicable","Not Applicable"
"CR-0000088552","ACV-0000181062","M","18","","Moderate","Driver","Had Not Been Drinking","North","Proceeding Straight","Car","Unknown","1","Not Applicable","Not Applicable"
"CR-0000088553","ACV-0000181064","","0","","Major","Parked","Not Applicable","Not Applicable","Parked","Car","Unknown","1","Not Applicable","Not Applicable"
"CR-0000088554","ACV-0000181065","","0","","Major","Driver","Impairment Not Known","North","Proceeding Straight","Car","Other Violation","1","22350","Speeding"
"CR-0000088553","ACV-0000181063","","0","","Major","Driver","Impairment Not Known","North","Making Right Turn","Panel Truck","Other Violation","1","22107","Unsafe Turn Movement"
"CR-0000088555","ACV-0000181068","M","23","","Major","Driver","Had Not Been Drinking","North","Proceeding Straight","Car","Unknown","1","Not Applicable","Not Applicable"
"CR-0000088556","ACV-0000181070","","0","","Major","Parked","Not Applicable","Not Applicable","Parked","Car","None Apparent","1","Not Applicable","Not Applicable"
"CR-0000088561","ACV-0000181084","M","34","","Major","Driver","Had Been Drinking - Under Influence","North","Crossing Into Opposing Lane","Panel Truck","None Apparent","1","23153","Driving Drunk With Injury"
"CR-0000088562","ACV-0000181087","M","74","","Unknown","Driver","Impairment Not Known","South","Proceeding Straight","Car","None Apparent","1","Unknown","Unknown"
"CR-0000088561","ACV-0000181085","M","59","","Major","Driver","Had Not Been Drinking","South","Proceeding Straight","Car","None Apparent","1","Not Applicable","Not Applicable"
"CR-0000088561","ACV-0000181086","","0","","Minor","Parked","Not Applicable","Not Applicable","Parked","Car","None Apparent","1","Not Applicable","Not Applicable"
"CR-0000088564","ACV-0000181092","F","42","","Major","Driver","Impairment Not Known","North","Proceeding Straight","Car","Unknown","1","Not Applicable","Not Applicable"
"CR-0000088554","ACV-0000181066","","0","","Minor","Parked","Not Applicable","Not Applicable","Parked","Car","Unknown","1","Not Applicable","Not Applicable"
"CR-0000088555","ACV-0000181067","F","0","","Major","Driver","Impairment Not Known","South","Other Unsafe Turning","Car","Other Violation","1","21460","Driving Over Centerline"
"CR-0000088556","ACV-0000181071","","0","","Major","Parked","Not Applicable","Not Applicable","Parked","Car","None Apparent","1","Not Applicable","Not Applicable"
"CR-0000088557","ACV-0000181072","M","20","","Moderate","Driver","Had Not Been Drinking","East","Making Right Turn","Car","None Apparent","1","22107","Unsafe Turn Movement"
"CR-0000088558","ACV-0000181075","","0","","Major","Parked","Not Applicable","Not Applicable","Parked","Car","Unknown","1","Not Applicable","Not Applicable"
"CR-0000088559","ACV-0000181077","M","27","","Unknown","Driver","Impairment Not Known","East","Making Left Turn","Car","Other Violation","1","22107","Unsafe Turn Movement"
"CR-0000088562","ACV-0000181088","","0","","Unknown","Parked","Impairment Not Known","Not Applicable","Parked","Car With Trailer","None Apparent","1","Unknown","Unknown"
"CR-0000088563","ACV-0000181089","","0","","Unknown","Driver","Impairment Not Known","South","Making Right Turn","Car","None Apparent","1","Unknown","Unknown"
"CR-0000088572","ACV-0000181102","F","13","","Not Applicable","Bicycle","Had Not Been Drinking","South","Proceeding Straight","Bicycle","None Apparent","1","Not Applicable","Not Applicable"
"CR-0000088557","ACV-0000181073","M","0","","Unknown","Driver","Impairment Not Known","South","Proceeding Straight","Panel Truck","Other Violation","1","Not Applicable","Not Applicable"
"CR-0000088558","ACV-0000181074","F","26","","Major","Driver","Had Been Drinking - Under Influence","South","Proceeding Straight","Car","Other Violation","1","23153","Driving Drunk With Injury"
"CR-0000088564","ACV-0000181091","F","43","","Major","Driver","Impairment Not Known","East","Proceeding Straight","Car","Inattention","1","00001","Other Improper Driving"
"CR-0000088565","ACV-0000181093","M","39","","Minor","Driver","Had Not Been Drinking","South","Making Left Turn","Car","None Apparent","1","21950","Yield Pedestrian In Crosswalk"
"CR-0000088573","ACV-0000181103","F","44","","Major","Driver","Had Not Been Drinking","West","Making U-Turn","Car","None Apparent","1","21804","Yield From Driveway/Curb"
"CR-0000088571","ACV-0000181099","M","39","","Moderate","Driver","Had Not Been Drinking","North","Proceeding Straight","Car","None Apparent","1","22350","Speeding"
"CR-0000088572","ACV-0000181101","M","34","","None","Driver","Had Not Been Drinking","East","Entering Traffic","Car","None Apparent","1","21950","Yield Pedestrian In Crosswalk"
"CR-0000088574","ACV-0000181107","F","28","","Unknown","Driver","Impairment Not Known","South","Proceeding Straight","Car","None Apparent","1","Unknown","Unknown"
"CR-0000088565","ACV-0000181094","F","38","","Not Applicable","Pedestrian","Had Not Been Drinking","South","Proceeding Straight","Pedestrian","None Apparent","1","Not Applicable","Not Applicable"
"CR-0000088570","ACV-0000181098","M","57","","Moderate","Driver","Had Not Been Drinking","East","Making Left Turn","Car","None Apparent","1","Not Applicable","Not Applicable"
"CR-0000088558","ACV-0000181076","","0","","Minor","Parked","Not Applicable","Not Applicable","Parked","Car","Unknown","1","Not Applicable","Not Applicable"
"CR-0000088563","ACV-0000181090","M","39","","Unknown","Driver","Impairment Not Known","South","Making Right Turn","Car","None Apparent","1","Unknown","Unknown"
"CR-0000088566","ACV-0000181095","M","49","","Major","Driver","Had Not Been Drinking","North","Making Left Turn","Car","Other Violation","1","22107","Unsafe Turn Movement"
"CR-0000088573","ACV-0000181104","M","22","","Major","Driver","Had Not Been Drinking","West","Proceeding Straight","Car","None Apparent","1","Not Applicable","Not Applicable"
"CR-0000088574","ACV-0000181106","","0","","Unknown","Driver","Impairment Not Known","South","Making Right Turn","Car","None Apparent","1","Unknown","Unknown"
"CR-0000088566","ACV-0000181096","M","41","","Major","Driver","Had Not Been Drinking","South","Proceeding Straight","Car","None Apparent","1","Not Applicable","Not Applicable"
"CR-0000088570","ACV-0000181097","M","57","","Totaled","Driver","Had Not Been Drinking","South","Proceeding Straight","Car","None Apparent","1","21453","Run Red Light"
"CR-0000088571","ACV-0000181100","M","20","","Minor","Driver","Had Not Been Drinking","North","Stopped","Motorcycle/Moped","None Apparent","1","Not Applicable","Not Applicable"
"CR-0000088573","ACV-0000181105","","0","","Moderate","Parked","Not Applicable","Not Applicable","Parked","Car","None Apparent","1","Not Applicable","Not Applicable"
"CR-0000088635","ACV-0000181222","F","45","","Minor","Driver","Had Not Been Drinking","East","Stopped","Car","None Apparent","1","Not Applicable","Not Applicable"
"CR-0000088642","ACV-0000181237","M","58","","None","Driver","Impairment Not Known","East","Proceeding Straight","Car","Other Violation","1","21703","Follow Too Closely"
"CR-0000088645","ACV-0000181244","M","0","","Minor","Parked","Not Applicable","Not Applicable","Parked","Car","None Apparent","1","Not Applicable","Not Applicable"
"CR-0000088612","ACV-0000181181","M","21","","Minor","Driver","Impairment Not Known","North","Slowing/Stopping","Car","None Apparent","1","Not Applicable","Not Applicable"
"CR-0000088647","ACV-0000181247","","0","","Major","Driver","Impairment Not Known","North","Proceeding Straight","Car","Other Violation","1","22350","Speeding"
"CR-0000088632","ACV-0000181215","","0","","Major","Driver","Impairment Not Known","West","Making Right Turn","Car","Other Violation","1","22107","Unsafe Turn Movement"
"CR-0000088640","ACV-0000181234","F","55","","Minor","Driver","Had Not Been Drinking","West","Making Right Turn","Car","None Apparent","1","21703","Follow Too Closely"
"CR-0000088592","ACV-0000181137","F","29","","Moderate","Driver","Had Not Been Drinking","North","Making U-Turn","Car","Unknown","1","Unknown","Unknown"
"CR-0000088627","ACV-0000181208","M","0","","Major","Driver","Had Not Been Drinking","North","Ran Off Road","Panel Truck","None Apparent","1","21663","Driving On Sidewalk"
"CR-0000088625","ACV-0000181205","","0","","Unknown","Driver","Impairment Not Known","Unknown","Backing","Car","Unknown","1","Unknown","Unknown"
"CR-0000088577","ACV-0000181110","F","41","","Major","Driver","Impairment Not Known","East","Making Left Turn","Car","Other Violation","1","22350","Speeding"
"CR-0000088638","ACV-0000181231","","0","","Minor","Parked","Not Applicable","Not Applicable","Parked","Car","None Apparent","1","Not Applicable","Not Applicable"
"CR-0000088605","ACV-0000181166","M","59","","Unknown","Driver","Impairment Not Known","Unknown","Proceeding Straight","Car","Unknown","1","Unknown","Unknown"
"CR-0000088633","ACV-0000181217","M","51","","Minor","Driver","Had Not Been Drinking","East","Proceeding Straight","Panel Truck","None Apparent","1","Not Applicable","Not Applicable"
"CR-0000088603","ACV-0000181161","M","60","","Moderate","Parked","Not Applicable","Not Applicable","Parked","Car","None Apparent","1","Not Applicable","Not Applicable"
"CR-0000088600","ACV-0000181154","","0","","Minor","Parked","Not Applicable","Not Applicable","Parked","Panel Truck","None Apparent","1","Not Applicable","Not Applicable"
"CR-0000088589","ACV-0000181133","","0","","Major","Driver","Impairment Not Known","South","Ran Off Road","Car","Other Violation","1","22107","Unsafe Turn Movement"
"CR-0000088604","ACV-0000181162","M","0","","Unknown","Driver","Impairment Not Known","Unknown","Proceeding Straight","Car","Unknown","1","Unknown","Unknown"
"CR-0000088577","ACV-0000181111","F","25","","Major","Driver","Impairment Not Known","North","Proceeding Straight","Car","None Apparent","1","Not Applicable","Not Applicable"
"CR-0000088593","ACV-0000181139","","0","","Unknown","Driver","Impairment Not Known","East","Proceeding Straight","Unknown","Other Violation","1","22107","Unsafe Turn Movement"
"CR-0000088615","ACV-0000181186","M","18","","Totaled","Driver","Impairment Not Known","East","Proceeding Straight","Panel Truck","None Apparent","1","Not Applicable","Not Applicable"
"CR-0000088618","ACV-0000181190","M","19","","Major","Driver","Had Been Drinking - Not Under Influence","West","Proceeding Straight","Car","Unknown","1","22350","Speeding"
"CR-0000088592","ACV-0000181138","F","45","","Moderate","Driver","Had Not Been Drinking","South","Proceeding Straight","Panel Truck","Unknown","1","Not Applicable","Not Applicable"
"CR-0000088645","ACV-0000181243","","0","","Unknown","Unknown","Impairment Not Known","Unknown","Unknown","Unknown","Other Violation","1","20002","Leave Accident Scene"
"CR-0000088580","ACV-0000181116","F","22","","Minor","Driver","Impairment Not Known","North","Passing Other Vehicles","Car","None Apparent","1","21750","Passing On Left"
"CR-0000088582","ACV-0000181120","M","16","","Major","Driver","Sleepy/Fatigued","North","Proceeding Straight","Car","None Apparent","1","22350","Speeding"
"CR-0000088640","ACV-0000181235","M","55","","Minor","Driver","Had Not Been Drinking","West","Making Right Turn","Car","None Apparent","1","Not Applicable","Not Applicable"
"CR-0000088602","ACV-0000181158","F","36","","Unknown","Driver","Impairment Not Known","Unknown","Stopped","Car","Unknown","1","Unknown","Unknown"
"CR-0000088600","ACV-0000181153","","0","","Minor","Parked","Not Applicable","Not Applicable","Parked","Car","None Apparent","1","Not Applicable","Not Applicable"
"CR-0000088601","ACV-0000181159","M","48","","Minor","Driver","Impairment Not Known","East","Proceeding Straight","Panel Truck","Other","1","22350","Speeding"
"CR-0000088593","ACV-0000181140","","0","","Major","Parked","Not Applicable","Not Applicable","Parked","Car","None Apparent","1","Not Applicable","Not Applicable"
"CR-0000088642","ACV-0000181238","M","44","","Minor","Driver","Impairment Not Known","East","Stopped","Car","None Apparent","1","Not Applicable","Not Applicable"
"CR-0000088610","ACV-0000181175","","0","","Unknown","Driver","Impairment Not Known","West","Proceeding Straight","Panel Truck","Other Violation","1","22107","Unsafe Turn Movement"
"CR-0000088578","ACV-0000181112","M","31","","Moderate","Driver","Had Not Been Drinking","East","Proceeding Straight","Car","Other Violation","1","22350","Speeding"
"CR-0000088644","ACV-0000181241","","0","","Unknown","Driver","Had Been Drinking - Impairment Unknown","East","Making Right Turn","Unknown","None Apparent","1","22107","Unsafe Turn Movement"
"CR-0000088614","ACV-0000181182","F","21","","Major","Driver","Impairment Not Known","North","Proceeding Straight","Car","Other","1","Not Applicable","Not Applicable"
"CR-0000088634","ACV-0000181220","F","29","","Minor","Parked","Not Applicable","Not Applicable","Parked","Car","None Apparent","1","Not Applicable","Not Applicable"
"CR-0000088634","ACV-0000181218","M","30","","Moderate","Driver","Had Been Drinking - Under Influence","West","Proceeding Straight","Car","None Apparent","1","22107","Unsafe Turn Movement"
"CR-0000088606","ACV-0000181167","","0","","Unknown","Driver","Impairment Not Known","North","Proceeding Straight","Car","Unknown","1","Unknown","Unknown"
"CR-0000088583","ACV-0000181121","F","31","","Minor","Driver","Impairment Not Known","East","Making Right Turn","Car","Vision Obscurement","1","22450","Fail Stop/Sign"
"CR-0000088617","ACV-0000181192","F","65","","Minor","Driver","Had Not Been Drinking","West","Stopped","Car","None Apparent","1","Not Applicable","Not Applicable"
"CR-0000088588","ACV-0000181131","M","31","","Major","Driver","Impairment Not Known","South","Proceeding Straight","Car","Unknown","1","Not Applicable","Not Applicable"
"CR-0000088594","ACV-0000181141","","0","","Minor","Driver","Impairment Not Known","Unknown","Entering Traffic","Car","Unknown","1","Unknown","Unknown"
"CR-0000088617","ACV-0000181191","M","62","","Major","Driver","Had Not Been Drinking","West","Stopped","Car","None Apparent","1","Not Applicable","Not Applicable"
"CR-0000088620","ACV-0000181196","M","40","","Moderate","Driver","Had Not Been Drinking","South","Proceeding Straight","Motorcycle/Moped","Other Violation","1","21703","Follow Too Closely"
"CR-0000088610","ACV-0000181176","","0","","Minor","Parked","Not Applicable","Not Applicable","Parked","Panel Truck","None Apparent","1","Not Applicable","Not Applicable"
"CR-0000088608","ACV-0000181171","M","19","","Moderate","Driver","Had Not Been Drinking","East","Making Left Turn","Car","None Apparent","1","22106","Unsafe Backing"
"CR-0000088635","ACV-0000181221","M","53","","Minor","Driver","Had Been Drinking - Under Influence","East","Proceeding Straight","Car","Other Violation","1","23152","Driving Drunk"
"CR-0000088607","ACV-0000181169","F","25","","Major","Driver","Had Not Been Drinking","West","Making Left Turn","Car","Inattention","1","21801","Yield Left Turn"
"CR-0000088635","ACV-0000181223","","0","","Minor","Parked","Not Applicable","Not Applicable","Parked","Car","None Apparent","1","Not Applicable","Not Applicable"
"CR-0000088585","ACV-0000181126","F","17","","Moderate","Driver","Had Not Been Drinking","West","Proceeding Straight","Car","Unknown","1","Not Applicable","Not Applicable"
"CR-0000088591","ACV-0000181136","F","22","","Major","Driver","Had Not Been Drinking","East","Proceeding Straight","Car","None Apparent","1","22350","Speeding"
"CR-0000088648","ACV-0000181248","F","18","","Major","Driver","Had Not Been Drinking","North","Making Left Turn","Car","None Apparent","1","22107","Unsafe Turn Movement"
"CR-0000088612","ACV-0000181180","","0","","Unknown","Driver","Impairment Not Known","North","Proceeding Straight","Car","Other Violation","1","21703","Follow Too Closely"
"CR-0000088581","ACV-0000181119","F","27","","Minor","Driver","Had Not Been Drinking","East","Stopped","Car","None Apparent","1","Not Applicable","Not Applicable"
"CR-0000088637","ACV-0000181227","","0","","Moderate","Parked","Not Applicable","Not Applicable","Parked","Car","None Apparent","1","Not Applicable","Not Applicable"
"CR-0000088638","ACV-0000181230","","0","","Minor","Parked","Not Applicable","Not Applicable","Parked","Car","None Apparent","1","Not Applicable","Not Applicable"
"CR-0000088596","ACV-0000181146","M","29","","Major","Driver","Had Not Been Drinking","East","Proceeding Straight","Car","None Apparent","1","Not Applicable","Not Applicable"
"CR-0000088639","ACV-0000181233","F","42","","Moderate","Driver","Impairment Not Known","East","Making Left Turn","Car","None Apparent","1","Not Applicable","Not Applicable"
"CR-0000088588","ACV-0000181132","M","39","","Moderate","Driver","Impairment Not Known","South","Proceeding Straight","Car","Unknown","1","Not Applicable","Not Applicable"
"CR-0000088594","ACV-0000181142","M","17","","Not Applicable","Pedestrian","Had Not Been Drinking","West","Proceeding Straight","Pedestrian","Unknown","1","Unknown","Unknown"
"CR-0000088626","ACV-0000181206","M","29","","Major","Driver","Impairment Not Known","West","Proceeding Straight","Car","None Apparent","1","21453","Run Red Light"
"CR-0000088580","ACV-0000181117","M","26","","Minor","Parked","Not Applicable","Not Applicable","Parked","Semi Truck","Other Violation","1","Not Applicable","Not Applicable"
"CR-0000088606","ACV-0000181168","F","33","","Unknown","Driver","Impairment Not Known","North","Stopped","Car","Unknown","1","Unknown","Unknown"
"CR-0000088636","ACV-0000181224","","0","","Major","Driver","Impairment Not Known","East","Proceeding Straight","Car","Other Violation","1","22350","Speeding"
"CR-0000088600","ACV-0000181155","","0","","Major","Parked","Not Applicable","Not Applicable","Parked","Panel Truck","None Apparent","1","Not Applicable","Not Applicable"
"CR-0000088634","ACV-0000181219","M","58","","Moderate","Parked","Not Applicable","Not Applicable","Parked","Car","None Apparent","1","Not Applicable","Not Applicable"
"CR-0000088583","ACV-0000181122","M","59","","Not Applicable","Bicycle","Impairment Not Known","North","Proceeding Straight","Bicycle","Violation By Bike","1","Not Applicable","Not Applicable"
"CR-0000088646","ACV-0000181245","M","37","","Minor","Driver","Had Been Drinking - Under Influence","South","Changing Lanes","Car","Other Violation","1","22107","Unsafe Turn Movement"
"CR-0000088607","ACV-0000181170","F","38","","Unknown","Driver","Had Not Been Drinking","East","Proceeding Straight","Car","Unknown","1","Not Applicable","Not Applicable"
"CR-0000088628","ACV-0000181209","","0","","Unknown","Driver","Had Been Drinking - Not Under Influence","West","Proceeding Straight","Car","None Apparent","1","22350","Speeding"
"CR-0000088604","ACV-0000181163","F","19","","Unknown","Driver","Impairment Not Known","Unknown","Proceeding Straight","Car","Unknown","1","Unknown","Unknown"
"CR-0000088643","ACV-0000181239","M","21","","Minor","Driver","Had Not Been Drinking","East","Proceeding Straight","Car","None Apparent","1","21703","Follow Too Closely"
"CR-0000088611","ACV-0000181179","","0","","Minor","Parked","Not Applicable","Not Applicable","Parked","Panel Truck","Unknown","1","Not Applicable","Not Applicable"
"CR-0000088637","ACV-0000181228","","0","","Minor","Parked","Not Applicable","Not Applicable","Parked","Car","None Apparent","1","Not Applicable","Not Applicable"
"CR-0000088636","ACV-0000181225","","0","","Major","Parked","Not Applicable","Not Applicable","Parked","Car","None Apparent","1","Not Applicable","Not Applicable"
"CR-0000088648","ACV-0000181249","F","38","","Moderate","Driver","Had Not Been Drinking","East","Proceeding Straight","Car","None Apparent","1","Not Applicable","Not Applicable"
"CR-0000088599","ACV-0000181151","F","66","","Moderate","Driver","Sleepy/Fatigued","East","Proceeding Straight","Car","None Apparent","1","22107","Unsafe Turn Movement"
"CR-0000088578","ACV-0000181113","M","36","","Moderate","Driver","Had Not Been Drinking","East","Proceeding Straight","Panel Truck","None Apparent","1","Not Applicable","Not Applicable"
"CR-0000088629","ACV-0000181212","","0","","Major","Parked","Not Applicable","Not Applicable","Parked","Car","None Apparent","1","Not Applicable","Not Applicable"
"CR-0000088620","ACV-0000181197","M","57","","Minor","Driver","Had Not Been Drinking","South","Proceeding Straight","Car","None Apparent","1","Not Applicable","Not Applicable"
"CR-0000088611","ACV-0000181177","F","47","","Major","Driver","Had Been Drinking - Not Under Influence","North","Proceeding Straight","Car","Other Violation","1","22350","Speeding"