"CrashName","Name","Sex","Age","Speed","VehicleDamage","PartyCategory","Sobriety","VehicleDirection","MovementPrecedingCollision","PartyType","OtherAssociatedFactor","VehicleCount","ViolationCode","ViolationCodeDescription"
"CR-0000089148","ACV-0000182264","","0","","Unknown","Bicycle","Impairment Not Known","East","Proceeding Straight","Bicycle","None Apparent","1","Unknown","Unknown"
"CR-0000089149","ACV-0000182267","F","18","","Unknown","Driver","Impairment Not Known","West","Proceeding Straight","Car","None Apparent","1","Unknown","Unknown"
"CR-0000089156","ACV-0000182276","M","63","","Unknown","Driver","Impairment Not Known","Unknown","Stopped","Car","None Apparent","1","Unknown","Unknown"
"CR-0000089154","ACV-0000182272","","0","","Moderate","Driver","Had Been Drinking - Impairment Unknown","West","Proceeding Straight","Car","Inattention","1","22107","Unsafe Turn Movement"
"CR-0000089158","ACV-0000182279","F","53","","Unknown","Driver","Impairment Not Known","Unknown","Stopped","Car","None Apparent","1","Not Applicable","Not Applicable"
"CR-0000089150","ACV-0000182268","F","50","","Unknown","Driver","Impairment Not Known","Unknown","Making Left Turn","Car","None Apparent","1","Unknown","Unknown"
"CR-0000089148","ACV-0000182265","M","38","","Unknown","Driver","Impairment Not Known","East","Making Right Turn","Car","None Apparent","1","Unknown","Unknown"
"CR-0000089152","ACV-0000182270","","25","","Unknown","Driver","Impairment Not Known","Unknown","Stopped","Car","None Apparent","1","Unknown","Unknown"
"CR-0000089155","ACV-0000182273","M","56","","Minor","Driver","Had Not Been Drinking","West","Other","Car","Other Violation","1","20002","Leave Accident Scene"
"CR-0000089151","ACV-0000182269","F","29","","Unknown","Driver","Impairment Not Known","Unknown","Stopped","Car","None Apparent","1","Unknown","Unknown"
"CR-0000089161","ACV-0000182282","","0","","Unknown","Driver","Impairment Not Known","West","Passing Other Vehicles","Unknown","None Apparent","1","Unknown","Unknown"
"CR-0000089169","ACV-0000182293","M","57","","Unknown","Driver","Impairment Not Known","East","Stopped","Car","None Apparent","1","Unknown","Unknown"
"CR-0000089169","ACV-0000182294","","36","","Unknown","Driver","Impairment Not Known","East","Proceeding Straight","Car","None Apparent","1","Unknown","Unknown"
"CR-0000089165","ACV-0000182287","F","26","","Unknown","Driver","Impairment Not Known","Unknown","Stopped","Car","None Apparent","1","Unknown","Unknown"
"CR-0000089167","ACV-0000182290","M","20","","Unknown","Parked","Impairment Not Known","Unknown","Parked","Car","None Apparent","1","Unknown","Unknown"
"CR-0000089170","ACV-0000182298","M","63","","Major","Driver","Impairment Not Known","North","Proceeding Straight","Car","Unknown","1","Unknown","Unknown"
"CR-0000089163","ACV-0000182285","F","19","","Unknown","Driver","Impairment Not Known","Unknown","Making U-Turn","Car","None Apparent","1","Unknown","Unknown"
"CR-0000089164","ACV-0000182286","M","40","","Unknown","Parked","Not Applicable","Not Applicable","Parked","Car","None Apparent","1","Unknown","Unknown"
"CR-0000089168","ACV-0000182291","","0","","Unknown","Driver","Impairment Not Known","North","Ran Off Road","Car","None Apparent","1","Unknown","Unknown"
"CR-0000089166","ACV-0000182288","F","37","","Unknown","Driver","Impairment Not Known","Unknown","Making Right Turn","Car","None Apparent","1","Unknown","Unknown"
"CR-0000089166","ACV-0000182289","F","27","","Unknown","Driver","Impairment Not Known","Unknown","Other Unsafe Turning","Car","None Apparent","1","Unknown","Unknown"
"CR-0000089170","ACV-0000182297","F","33","","Not Applicable","Pedestrian","Impairment Not Known","East","Other (Ped)","Pedestrian","Unknown","1","Unknown","Unknown"
"CR-0000089170","ACV-0000182295","M","49","","Not Applicable","Pedestrian","Impairment Not Known","East","Other (Ped)","Pedestrian","Unknown","1","Unknown","Unknown"
"CR-0000089170","ACV-0000182296","M","38","","Not Applicable","Pedestrian","Impairment Not Known","East","Other (Ped)","Pedestrian","Unknown","1","Unknown","Unknown"
"CR-0000089171","ACV-0000182299","M","69","","Not Applicable","Pedestrian","Impairment Not Known","East","Proceeding Straight","Pedestrian","None Apparent","1","21955","Crossing Controlled Intersection/Jaywalking"
"CR-0000089168","ACV-0000182292","M","38","","Unknown","Driver","Impairment Not Known","Unknown","Stopped","Car","None Apparent","1","Unknown","Unknown"
"CR-0000089171","ACV-0000182300","M","19","","Moderate","Driver","Had Not Been Drinking","South","Proceeding Straight","Car","Speeding","1","Not Applicable","Not Applicable"
"CR-0000089172","ACV-0000182301","M","31","","Major","Driver","Impairment Not Known","North","Proceeding Straight","Car","Unknown","1","22350","Speeding"
"CR-0000089172","ACV-0000182302","M","67","","Major","Driver","Impairment Not Known","West","Making Right Turn","Car","Unknown","1","Not Applicable","Not Applicable"
"CR-0000089176","ACV-0000182309","F","39","","Minor","Driver","Impairment Not Known","East","Proceeding Straight","Panel Truck","None Apparent","1","21703","Follow Too Closely"
"CR-0000089177","ACV-0000182312","F","70","","Unknown","Driver","Had Not Been Drinking","East","Proceeding Straight","Car","Unknown","1","21802","Yield Stop Sign"
"CR-0000089181","ACV-0000182321","M","36","","Major","Driver","Had Not Been Drinking","North","Proceeding Straight","Car","None Apparent","1","Not Applicable","Not Applicable"
"CR-0000089181","ACV-0000182322","","0","","Moderate","Parked","Not Applicable","Not Applicable","Parked","Car","None Apparent","1","Not Applicable","Not Applicable"
"CR-0000089173","ACV-0000182303","M","25","","Moderate","Driver","Had Not Been Drinking","West","Making Left Turn","Car","Unknown","1","22350","Speeding"
"CR-0000089175","ACV-0000182307","M","19","","Moderate","Driver","Had Been Drinking - Under Influence","North","Making Right Turn","Car","Other Violation","1","22107","Unsafe Turn Movement"
"CR-0000089175","ACV-0000182308","F","40","","Moderate","Bicycle","Had Not Been Drinking","North","Proceeding Straight","Car","Unknown","1","Not Applicable","Not Applicable"
"CR-0000089173","ACV-0000182304","","0","","Unknown","Parked","Not Applicable","Not Applicable","Parked","Car","None Apparent","1","Not Applicable","Not Applicable"
"CR-0000089174","ACV-0000182305","","0","","Unknown","Driver","Impairment Not Known","East","Proceeding Straight","Car","Other Violation","1","21453","Run Red Light"
"CR-0000089174","ACV-0000182306","F","46","","Moderate","Driver","Had Not Been Drinking","South","Proceeding Straight","Car","Unknown","1","Not Applicable","Not Applicable"
"CR-0000089180","ACV-0000182318","F","18","","Minor","Driver","Had Not Been Drinking","West","Entering Traffic","Car","None Apparent","1","21804","Yield From Driveway/Curb"
"CR-0000089182","ACV-0000182324","M","27","","Moderate","Driver","Had Been Drinking - Under Influence","South","Crossing Into Opposing Lane","Car","Other Violation","1","21658","Unsafe Lane Change"
"CR-0000089181","ACV-0000182323","","0","","Minor","Parked","Not Applicable","Not Applicable","Parked","Panel Truck","None Apparent","1","Not Applicable","Not Applicable"
"CR-0000089184","ACV-0000182329","","0","","Unknown","Driver","Impairment Not Known","North","Making Left Turn","Unknown","Other Violation","1","21801","Yield Left Turn"
"CR-0000089184","ACV-0000182330","F","59","","None","Bicycle","Had Been Drinking - Impairment Unknown","South","Proceeding Straight","Bicycle","None Apparent","1","Not Applicable","Not Applicable"
"CR-0000089176","ACV-0000182310","M","76","","Moderate","Driver","Impairment Not Known","East","Proceeding Straight","Car","None Apparent","1","Not Applicable","Not Applicable"
"CR-0000089176","ACV-0000182311","M","37","","Minor","Driver","Impairment Not Known","East","Stopped","Car","None Apparent","1","Not Applicable","Not Applicable"
"CR-0000089179","ACV-0000182316","M","45","","Major","Driver","Impairment Not Known","North","Making Left Turn","Car","Other Violation","1","21453","Run Red Light"
"CR-0000089182","ACV-0000182326","","0","","Minor","Parked","Not Applicable","Not Applicable","Parked","Car","Unknown","1","Not Applicable","Not Applicable"
"CR-0000089183","ACV-0000182327","M","0","","Moderate","Driver","Impairment Not Known","West","Changing Lanes","Panel Truck","Other Violation","1","22107","Unsafe Turn Movement"
"CR-0000089186","ACV-0000182334","F","35","","Moderate","Driver","Had Not Been Drinking","West","Proceeding Straight","Car","None Apparent","1","Not Applicable","Not Applicable"
"CR-0000089177","ACV-0000182313","M","45","","Unknown","Driver","Had Not Been Drinking","North","Proceeding Straight","Car","Unknown","1","Not Applicable","Not Applicable"
"CR-0000089178","ACV-0000182314","M","0","","Unknown","Driver","Impairment Not Known","East","Proceeding Straight","Car","Other Violation","1","Unknown","Unknown"
"CR-0000089178","ACV-0000182315","M","53","","None","Bicycle","Impairment Not Known","West","Other Unsafe Turning","Bicycle","Unknown","1","Not Applicable","Not Applicable"
"CR-0000089185","ACV-0000182331","","0","","Unknown","Driver","Impairment Not Known","North","Proceeding Straight","Unknown","Other Violation","1","22350","Speeding"
"CR-0000089185","ACV-0000182332","M","32","","Moderate","Driver","Had Not Been Drinking","North","Making Right Turn","Car","Unknown","1","Not Applicable","Not Applicable"
"CR-0000089186","ACV-0000182333","","0","","Unknown","Driver","Impairment Not Known","West","Proceeding Straight","Car","Other Violation","1","22350","Speeding"
"CR-0000089181","ACV-0000182320","M","0","","Unknown","Driver","Impairment Not Known","North","Proceeding Straight","Panel Truck","Other Violation","1","21650","Driving Wrong Side"
"CR-0000089188","ACV-0000182338","M","53","","Moderate","Driver","Had Not Been Drinking","West","Proceeding Straight","Motorcycle/Moped","None Apparent","1","Not Applicable","Not Applicable"
"CR-0000089179","ACV-0000182317","M","32","","Major","Driver","Had Not Been Drinking","South","Proceeding Straight","Car","None Apparent","1","Not Applicable","Not Applicable"
"CR-0000089180","ACV-0000182319","F","19","","Minor","Driver","Had Not Been Drinking","North","Proceeding Straight","Car","None Apparent","1","Not Applicable","Not Applicable"
"CR-0000089190","ACV-0000182344","M","46","","Moderate","Driver","Had Not Been Drinking","East","Proceeding Straight","Motorcycle/Moped","None Apparent","1","Not Applicable","Not Applicable"
"CR-0000089192","ACV-0000182347","","0","","Unknown","Driver","Impairment Not Known","East","Making Right Turn","Car","Other Violation","1","21950","Yield Pedestrian In Crosswalk"
"CR-0000089187","ACV-0000182336","F","24","","Major","Driver","Had Not Been Drinking","North","Making Right Turn","Car","None Apparent","1","Not Applicable","Not Applicable"
"CR-0000089190","ACV-0000182343","","0","","Unknown","Driver","Impairment Not Known","East","Proceeding Straight","Car","Other Violation","1","23103","Reckless Driving 2"
"CR-0000089191","ACV-0000182345","F","33","","Minor","Driver","Had Not Been Drinking","East","Making Right Turn","Car","Other Violation","1","22100","Improper Turn"
"CR-0000089189","ACV-0000182339","M","24","","Major","Driver","Had Been Drinking - Under Influence","East","Passing Other Vehicles","Panel Truck","Other Violation","1","23152","Driving Drunk"
"CR-0000089189","ACV-0000182340","F","41","","Major","Parked","Not Applicable","Not Applicable","Parked","Other","None Apparent","1","Not Applicable","Not Applicable"
"CR-0000089182","ACV-0000182325","M","27","","Not Applicable","Pedestrian","Impairment Not Known","North","Other (Ped)","Pedestrian","Unknown","1","Not Applicable","Not Applicable"
"CR-0000089183","ACV-0000182328","F","51","","Moderate","Driver","Had Not Been Drinking","West","Making Right Turn","Car","None Apparent","1","Not Applicable","Not Applicable"
"CR-0000089193","ACV-0000182349","","0","","Unknown","Driver","Impairment Not Known","East","Changing Lanes","Unknown","Other Violation","1","22107","Unsafe Turn Movement"
"CR-0000089193","ACV-0000182350","M","31","","Major","Driver","Impairment Not Known","East","Proceeding Straight","Motorcycle/Moped","None Apparent","1","Not Applicable","Not Applicable"
"CR-0000089192","ACV-0000182348","M","51","","Not Applicable","Bicycle","Had Not Been Drinking","North","Proceeding Straight","Bicycle","None Apparent","1","Not Applicable","Not Applicable"
"CR-0000089194","ACV-0000182352","M","40","","Not Applicable","Bicycle","Impairment Not Known","North","Making Left Turn","Bicycle","None Apparent","1","Not Applicable","Not Applicable"
"CR-0000089187","ACV-0000182335","","0","","Major","Driver","Impairment Not Known","North","Ran Off Road","Car","Other Violation","1","22107","Unsafe Turn Movement"
"CR-0000089188","ACV-0000182337","","0","","Moderate","Driver","Impairment Not Known","West","Proceeding Straight","Unknown","Other Violation","1","22350","Speeding"
"CR-0000089189","ACV-0000182342","","0","","Moderate","Parked","Not Applicable","Not Applicable","Parked","Car","None Apparent","1","Not Applicable","Not Applicable"
"CR-0000089195","ACV-0000182354","M","0","","Not Applicable","Bicycle","Had Not Been Drinking","East","Proceeding Straight","Bicycle","Unknown","1","Not Applicable","Not Applicable"
"CR-0000089199","ACV-0000182364","M","47","","Minor","Driver","Impairment Not Known","South","Proceeding Straight","Car","Unknown","1","Not Applicable","Not Applicable"
"CR-0000089197","ACV-0000182359","M","61","","Moderate","Driver","Had Not Been Drinking","East","Proceeding Straight","Car","None Apparent","1","Not Applicable","Not Applicable"
"CR-0000089198","ACV-0000182360","M","49","","Unknown","Driver","Impairment Not Known","East","Proceeding Straight","Car","Other Violation","1","Unknown","Unknown"
"CR-0000089198","ACV-0000182361","M","35","","Not Applicable","Pedestrian","Impairment Not Known","Unknown","Other (Ped)","Pedestrian","Unknown","1","Not Applicable","Not Applicable"
"CR-0000089189","ACV-0000182341","","0","","Minor","Unknown","Not Applicable","Not Applicable","Parked","Car","None Apparent","1","Not Applicable","Not Applicable"
"CR-0000089196","ACV-0000182355","","0","","Unknown","Driver","Impairment Not Known","North","Proceeding Straight","Unknown","Other Violation","1","22350","Speeding"
"CR-0000089196","ACV-0000182356","M","20","","Moderate","Driver","Impairment Not Known","North","Proceeding Straight","Car","Unknown","1","Not Applicable","Not Applicable"
"CR-0000089191","ACV-0000182346","M","61","","Moderate","Driver","Had Not Been Drinking","East","Making Right Turn","Motorcycle/Moped","None Apparent","1","Not Applicable","Not Applicable"
"CR-0000089194","ACV-0000182351","","0","","Unknown","Driver","Impairment Not Known","North","Proceeding Straight","Unknown","Other Violation","1","22350","Speeding"
"CR-0000089200","ACV-0000182366","M","19","","Major","Driver","Impairment Not Known","West","Proceeding Straight","Car","None Apparent","1","Not Applicable","Not Applicable"
"CR-0000089205","ACV-0000182375","M","29","","Major","Driver","Had Not Been Drinking","East","Other Unsafe Turning","Car","Other Violation","1","21703","Follow Too Closely"
"CR-0000089199","ACV-0000182362","","0","","Moderate","Driver","Impairment Not Known","South","Proceeding Straight","Car","Other Violation","1","22350","Speeding"
"CR-0000089199","ACV-0000182363","M","25","","Moderate","Driver","Impairment Not Known","South","Entering Traffic","Car","Unknown","1","Not Applicable","Not Applicable"
"CR-0000089196","ACV-0000182357","M","38","","Minor","Driver","Impairment Not Known","North","Proceeding Straight","Car","Unknown","1","Not Applicable","Not Applicable"
"CR-0000089197","ACV-0000182358","","0","","Unknown","Driver","Impairment Not Known","East","Proceeding Straight","Car","Other Violation","1","22350","Speeding"
"CR-0000089201","ACV-0000182368","F","27","","Major","Driver","Impairment Not Known","South","Proceeding Straight","Car","Unknown","1","Not Applicable","Not Applicable"
"CR-0000089202","ACV-0000182369","","0","","Unknown","Driver","Impairment Not Known","East","Making Left Turn","Car","Other Violation","1","22107","Unsafe Turn Movement"
"CR-0000089202","ACV-0000182370","M","59","","Not Applicable","Pedestrian","Impairment Not Known","North","Other (Ped)","Pedestrian","Unknown","1","Not Applicable","Not Applicable"
"CR-0000089195","ACV-0000182353","F","0","","Major","Driver","Impairment Not Known","North","Proceeding Straight","Car","Other Violation","1","22450","Fail Stop/Sign"
"CR-0000089200","ACV-0000182365","M","25","","Major","Driver","Impairment Not Known","North","Proceeding Straight","Car","Other Violation","1","22350","Speeding"
"CR-0000089201","ACV-0000182367","M","27","","Unknown","Driver","Impairment Not Known","North","Traveling Wrong Way","Unknown","Other Violation","1","22350","Speeding"
"CR-0000089203","ACV-0000182372","","0","","Minor","Parked","Not Applicable","Not Applicable","Parked","Car","Unknown","1","Not Applicable","Not Applicable"
"CR-0000089204","ACV-0000182374","F","42","","Major","Driver","Had Not Been Drinking","East","Proceeding Straight","Panel Truck","Unknown","1","Not Applicable","Not Applicable"
"CR-0000089203","ACV-0000182371","M","41","","Minor","Driver","Under Drug Influence","North","Proceeding Straight","Car","Unknown","1","23152","Driving Drunk"
"CR-0000089204","ACV-0000182373","M","21","","Major","Driver","Under Drug Influence","North","Proceeding Straight","Car","Other Violation","1","21457","Flashing Signal"
"CR-0000089205","ACV-0000182376","","0","","Moderate","Parked","Not Applicable","Not Applicable","Parked","Panel Truck","Unknown","1","Not Applicable","Not Applicable"
"CR-0000089212","ACV-0000182388","M","74","","Not Applicable","Pedestrian","Impairment Not Known","North","Other (Ped)","Pedestrian","Unknown","1","Not Applicable","Not Applicable"
"CR-0000089213","ACV-0000182389","M","62","","Not Applicable","Bicycle","Impairment Not Known","North","Proceeding Straight","Bicycle","None Apparent","1","21650","Driving Wrong Side"
"CR-0000089209","ACV-0000182383","F","57","","Not Applicable","Pedestrian","Had Not Been Drinking","South","Proceeding Straight","Pedestrian","None Apparent","1","Not Applicable","Not Applicable"
"CR-0000089206","ACV-0000182378","M","27","","Major","Driver","Had Not Been Drinking","North","Proceeding Straight","Car","None Apparent","1","Not Applicable","Not Applicable"
"CR-0000089207","ACV-0000182379","M","35","","Major","Driver","Impairment Not Known","North","Making Right Turn","Panel Truck","Uninvolved Vehicle","1","22350","Speeding"
"CR-0000089208","ACV-0000182380","F","55","","Major","Driver","Impairment Not Known","East","Making Left Turn","Car","None Apparent","1","21801","Yield Left Turn"
"CR-0000089206","ACV-0000182377","M","39","","Major","Driver","Had Not Been Drinking","West","Proceeding Straight","Panel Truck","None Apparent","1","21453","Run Red Light"
"CR-0000089209","ACV-0000182382","M","72","","None","Driver","Had Not Been Drinking","South","Making Left Turn","Car","Inattention","1","22350","Speeding"
"CR-0000089210","ACV-0000182384","M","64","","Minor","Driver","Impairment Not Known","West","Proceeding Straight","Car","Uninvolved Vehicle","1","22350","Speeding"
"CR-0000089213","ACV-0000182390","F","56","","Minor","Driver","Impairment Not Known","South","Making Right Turn","Car","None Apparent","1","Not Applicable","Not Applicable"
"CR-0000089214","ACV-0000182391","M","47","","None","Driver","Impairment Not Known","South","Passing Other Vehicles","Panel Truck","None Apparent","1","22517","Open Door Traffic"
"CR-0000089211","ACV-0000182386","M","17","","Major","Driver","Had Not Been Drinking","East","Proceeding Straight","Car","None Apparent","1","Not Applicable","Not Applicable"
"CR-0000089215","ACV-0000182393","","0","","Unknown","Driver","Impairment Not Known","North","Proceeding Straight","Unknown","Other Violation","1","22350","Speeding"
"CR-0000089216","ACV-0000182397","F","30","","Major","Driver","Had Not Been Drinking","South","Proceeding Straight","Car","Unknown","1","Not Applicable","Not Applicable"
"CR-0000089208","ACV-0000182381","F","24","","Moderate","Driver","Impairment Not Known","West","Proceeding Straight","Car","None Apparent","1","21801","Yield Left Turn"
"CR-0000089211","ACV-0000182385","M","64","","Moderate","Driver","Had Not Been Drinking","West","Making Left Turn","Car","None Apparent","1","21801","Yield Left Turn"
"CR-0000089216","ACV-0000182398","","0","","Major","Parked","Not Applicable","Not Applicable","Parked","Unknown","Unknown","1","Not Applicable","Not Applicable"
"CR-0000089212","ACV-0000182387","F","31","","None","Driver","Impairment Not Known","South","Making Left Turn","Car","Unknown","1","21950","Yield Pedestrian In Crosswalk"
"CR-0000089215","ACV-0000182395","","0","","Moderate","Parked","Not Applicable","Not Applicable","Parked","Car","Unknown","1","Not Applicable","Not Applicable"
"CR-0000089216","ACV-0000182396","F","45","","Major","Driver","Had Not Been Drinking","East","Entering Traffic","Car","Unknown","1","21800","Yield Uncontrolled Intersection"
"CR-0000089214","ACV-0000182392","M","24","","Minor","Parked","Not Applicable","Not Applicable","Parked","Car","Not Applicable","1","Not Applicable","Not Applicable"
"CR-0000089215","ACV-0000182394","M","61","","Major","Parked","Not Applicable","Not Applicable","Parked","Car","Unknown","1","Not Applicable","Not Applicable"
"CR-0000089218","ACV-0000182402","F","53","","Major","Driver","Had Not Been Drinking","West","Proceeding Straight","Car","Unknown","1","Not Applicable","Not Applicable"
"CR-0000089219","ACV-0000182403","M","79","","Moderate","Driver","Had Not Been Drinking","East","Making Right Turn","Car","Vision Obscurement","1","22107","Unsafe Turn Movement"
"CR-0000089223","ACV-0000182412","F","63","","Minor","Driver","Had Not Been Drinking","West","Stopped","Car","Unknown","1","Not Applicable","Not Applicable"
"CR-0000089224","ACV-0000182414","F","37","","Major","Driver","Impairment Not Known","South","Proceeding Straight","Car","None Apparent","1","Not Applicable","Not Applicable"
"CR-0000089216","ACV-0000182399","","0","","Major","Parked","Not Applicable","Not Applicable","Parked","Unknown","Unknown","1","Not Applicable","Not Applicable"
"CR-0000089217","ACV-0000182400","M","18","","Major","Driver","Had Not Been Drinking","East","Ran Off Road","Car","Unknown","1","22350","Speeding"
"CR-0000089221","ACV-0000182406","M","0","","Moderate","Parked","Not Applicable","Not Applicable","Parked","Car","None Apparent","1","Not Applicable","Not Applicable"
"CR-0000089224","ACV-0000182413","F","40","","Moderate","Driver","Impairment Not Known","North","Making Left Turn","Car","None Apparent","1","21804","Yield From Driveway/Curb"
"CR-0000089225","ACV-0000182415","F","71","","Minor","Driver","Impairment Not Known","North","Making Right Turn","Car","None Apparent","1","21950","Yield Pedestrian In Crosswalk"
"CR-0000089218","ACV-0000182401","F","23","","Major","Driver","Had Been Drinking - Under Influence","North","Making Left Turn","Car","Other Violation","1","23153","Driving Drunk With Injury"
"CR-0000089220","ACV-0000182404","M","0","","Unknown","Driver","Impairment Not Known","West","Unknown","Car","None Apparent","1","Unknown","Unknown"
"CR-0000089221","ACV-0000182407","F","0","","Major","Parked","Not Applicable","Not Applicable","Parked","Car","None Apparent","1","Not Applicable","Not Applicable"
"CR-0000089225","ACV-0000182416","M","25","","Not Applicable","Pedestrian","Impairment Not Known","South","Other (Ped)","Pedestrian","None Apparent","1","Not Applicable","Not Applicable"
"CR-0000089229","ACV-0000182424","","0","","Unknown","Driver","Impairment Not Known","South","Proceeding Straight","Unknown","Other Violation","1","22107","Unsafe Turn Movement"
"CR-0000089227","ACV-0000182419","","0","","Unknown","Driver","Impairment Not Known","South","Unknown","Unknown","Other Violation","1","22350","Speeding"
"CR-0000089228","ACV-0000182423","M","78","","Major","Driver","Had Not Been Drinking","North","Making Left Turn","Car","Unknown","1","Not Applicable","Not Applicable"
"CR-0000089229","ACV-0000182426","","0","","Minor","Parked","Not Applicable","Not Applicable","Parked","Car","None Apparent","1","Not Applicable","Not Applicable"
"CR-0000089222","ACV-0000182409","M","52","","Unknown","Driver","Had Not Been Drinking","East","Entering Traffic","Car","None Apparent","1","21804","Yield From Driveway/Curb"
"CR-0000089223","ACV-0000182411","F","21","","Major","Driver","Had Not Been Drinking","West","Proceeding Straight","Car","Unknown","1","22350","Speeding"
"CR-0000089226","ACV-0000182417","M","72","","Not Applicable","Pedestrian","Had Not Been Drinking","North","Proceeding Straight","Pedestrian","None Apparent","1","21954","Pedestrian Yield Car"
"CR-0000089221","ACV-0000182408","F","49","","Minor","Parked","Not Applicable","Not Applicable","Parked","Car","None Apparent","1","Not Applicable","Not Applicable"
"CR-0000089221","ACV-0000182405","","0","","Major","Driver","Impairment Not Known","West","Proceeding Straight","Panel Truck","Other Violation","1","22350","Speeding"
"CR-0000089222","ACV-0000182410","M","52","","Unknown","Driver","Had Not Been Drinking","East","Proceeding Straight","Car","None Apparent","1","Not Applicable","Not Applicable"
"CR-0000089230","ACV-0000182428","","0","","Moderate","Parked","Not Applicable","Not Applicable","Parked","Car","Unknown","1","Not Applicable","Not Applicable"
"CR-0000089229","ACV-0000182425","","0","","Major","Parked","Not Applicable","Not Applicable","Parked","Car","None Apparent","1","Not Applicable","Not Applicable"
"CR-0000089230","ACV-0000182427","F","40","","Major","Driver","Impairment Not Known","West","Proceeding Straight","Car","Other Violation","1","22107","Unsafe Turn Movement"
"CR-0000089233","ACV-0000182433","M","25","","Moderate","Driver","Had Not Been Drinking","West","Proceeding Straight","Panel Truck","None Apparent","1","21703","Follow Too Closely"
"CR-0000089226","ACV-0000182418","M","70","","Minor","Driver","Had Not Been Drinking","West","Proceeding Straight","Panel Truck","None Apparent","1","Not Applicable","Not Applicable"
"CR-0000089227","ACV-0000182420","","0","","Major","Parked","Not Applicable","Not Applicable","Parked","Car","Unknown","1","Not Applicable","Not Applicable"
"CR-0000089231","ACV-0000182430","F","0","","Major","Driver","Impairment Not Known","West","Proceeding Straight","Car","Inattention","1","21453","Run Red Light"
"CR-0000089227","ACV-0000182421","","0","","Major","Parked","Not Applicable","Not Applicable","Parked","Car","Unknown","1","Not Applicable","Not Applicable"
"CR-0000089228","ACV-0000182422","","0","","Unknown","Driver","Impairment Not Known","South","Making Right Turn","Unknown","Other Violation","1","21453","Run Red Light"
"CR-0000089230","ACV-0000182429","","0","","Moderate","Parked","Not Applicable","Not Applicable","Parked","Car","Unknown","1","Not Applicable","Not Applicable"
"CR-0000089231","ACV-0000182431","M","66","","Major","Driver","Impairment Not Known","North","Proceeding Straight","Panel Truck","None Apparent","1","Not Applicable","Not Applicable"
"CR-0000089233","ACV-0000182434","M","66","","Moderate","Driver","Had Not Been Drinking","West","Stopped","Car","None Apparent","1","Not Applicable","Not Applicable"
"CR-0000089232","ACV-0000182432","M","17","","Moderate","Driver","Had Not Been Drinking","South","Proceeding Straight","Car","None Apparent","1","21703","Follow Too Closely"
"CR-0000089234","ACV-0000182435","M","64","","Minor","Driver","Impairment Not Known","South","Making Right Turn","Panel Truck","None Apparent","1","21453","Run Red Light"
"CR-0000089234","ACV-0000182436","M","66","","Minor","Driver","Impairment Not Known","North","Making Left Turn","Motorcycle/Moped","None Apparent","1","Not Applicable","Not Applicable"
"CR-0000089235","ACV-0000182437","M","52","","Major","Driver","Impairment Not Known","North","Proceeding Straight","Car","Inattention","1","21453","Run Red Light"
"CR-0000089235","ACV-0000182438","F","0","","Major","Driver","Impairment Not Known","East","Making Left Turn","Unknown","Unknown","1","Not Applicable","Not Applicable"
"CR-0000089236","ACV-0000182439","M","37","","Minor","Driver","Had Been Drinking - Under Influence","North","Passing Other Vehicles","Car","Other Violation","1","23152","Driving Drunk"
"CR-0000089239","ACV-0000182446","F","19","","Minor","Driver","Impairment Not Known","East","Proceeding Straight","Car","None Apparent","1","Not Applicable","Not Applicable"
"CR-0000089238","ACV-0000182442","M","30","","Moderate","Driver","Had Been Drinking - Under Influence","West","Proceeding Straight","Car","Other Violation","1","23152","Driving Drunk"
"CR-0000089236","ACV-0000182440","M","44","","Minor","Driver","Had Not Been Drinking","North","Proceeding Straight","Car","None Apparent","1","Not Applicable","Not Applicable"
"CR-0000089241","ACV-0000182451","","0","","Unknown","Parked","Not Applicable","Not Applicable","Parked","Panel Truck","Unknown","1","Not Applicable","Not Applicable"
"CR-0000089242","ACV-0000182452","M","0","","Unknown","Driver","Impairment Not Known","East","Making Left Turn","Car","Other Violation","1","Unknown","Unknown"
"CR-0000089237","ACV-0000182441","F","21","","Major","Driver","Impairment Not Known","South","Ran Off Road","Car","None Apparent","1","22350","Speeding"
"CR-0000089238","ACV-0000182444","","0","","Moderate","Parked","Not Applicable","Not Applicable","Parked","Car","None Apparent","1","Not Applicable","Not Applicable"
"CR-0000089238","ACV-0000182443","","0","","Moderate","Parked","Not Applicable","Not Applicable","Parked","Panel Truck","None Apparent","1","Not Applicable","Not Applicable"
"CR-0000089240","ACV-0000182447","","0","","Unknown","Driver","Impairment Not Known","East","Proceeding Straight","Panel Truck","Other Violation","1","21703","Follow Too Closely"
"CR-0000089241","ACV-0000182449","M","22","","Moderate","Driver","Had Been Drinking - Under Influence","West","Proceeding Straight","Car","Other Violation","1","23152","Driving Drunk"
"CR-0000089239","ACV-0000182445","M","63","","Minor","Driver","Impairment Not Known","West","Proceeding Straight","Panel Truck","None Apparent","1","24002","Vehicle Unsafe"
"CR-0000089240","ACV-0000182448","F","28","","Minor","Driver","Impairment Not Known","East","Stopped","Car","Unknown","1","Not Applicable","Not Applicable"