"CrashName","Name","Sex","Age","Speed","VehicleDamage","PartyCategory","Sobriety","VehicleDirection","MovementPrecedingCollision","PartyType","OtherAssociatedFactor","VehicleCount","ViolationCode","ViolationCodeDescription"
"CR-0000089338","ACV-0000182651","F","36","","Unknown","Driver","Impairment Not Known","East","Stopped","Car","Unknown","1","Unknown","Unknown"
"CR-0000089354","ACV-0000182691","M","17","","Moderate","Driver","Had Not Been Drinking","South","Proceeding Straight","Car","Unknown","1","Not Applicable","Not Applicable"
"CR-0000089366","ACV-0000182717","M","45","","Moderate","Driver","Impairment Not Known","North","Proceeding Straight","Car","Other Violation","1","21703","Follow Too Closely"
"CR-0000089340","ACV-0000182656","M","42","","Not Applicable","Bicycle","Impairment Not Known","East","Proceeding Straight","Bicycle","Unknown","1","Unknown","Unknown"
"CR-0000089377","ACV-0000182742","F","22","","Major","Driver","Had Not Been Drinking","East","Proceeding Straight","Car","None Apparent","1","Not Applicable","Not Applicable"
"CR-0000089358","ACV-0000182700","F","59","","Minor","Driver","Had Not Been Drinking","South","Stopped","Car","None Apparent","1","Not Applicable","Not Applicable"
"CR-0000089353","ACV-0000182688","M","27","","Major","Driver","Had Not Been Drinking","South","Entering Traffic","Car","None Apparent","1","Unknown","Unknown"
"CR-0000089351","ACV-0000182685","M","28","","Moderate","Driver","Had Not Been Drinking","North","Proceeding Straight","Car","Unknown","1","Not Applicable","Not Applicable"
"CR-0000089363","ACV-0000182711","","0","","Moderate","Parked","Not Applicable","Not Applicable","Parked","Car","None Apparent","1","Not Applicable","Not Applicable"
"CR-0000089346","ACV-0000182672","M","28","","Not Applicable","Pedestrian","Impairment Not Known","South","Other (Ped)","Pedestrian","None Apparent","1","Not Applicable","Not Applicable"
"CR-0000089374","ACV-0000182735","","0","","Major","Driver","Impairment Not Known","North","Proceeding Straight","Bus - School","Other Violation","1","22350","Speeding"
"CR-0000089333","ACV-0000182642","","0","","Minor","Parked","Not Applicable","Not Applicable","Parked","Car","Unknown","1","Not Applicable","Not Applicable"
"CR-0000089332","ACV-0000182638","","0","","Minor","Parked","Not Applicable","Not Applicable","Parked","Car","Unknown","1","Not Applicable","Not Applicable"
"CR-0000089361","ACV-0000182707","","0","","Unknown","Driver","Had Not Been Drinking","South","Stopped","Unknown","Unknown","1","Not Applicable","Not Applicable"
"CR-0000089374","ACV-0000182736","M","65","","Major","Driver","Had Not Been Drinking","South","Proceeding Straight","Car","Unknown","1","Not Applicable","Not Applicable"
"CR-0000089377","ACV-0000182741","","0","","Unknown","Driver","Impairment Not Known","East","Changing Lanes","Unknown","Other Violation","1","22107","Unsafe Turn Movement"
"CR-0000089363","ACV-0000182710","M","32","","Not Applicable","Pedestrian","Had Not Been Drinking","West","Other (Ped)","Pedestrian","None Apparent","1","Not Applicable","Not Applicable"
"CR-0000089357","ACV-0000182696","","0","","Unknown","Driver","Impairment Not Known","West","Proceeding Straight","Car","Other Violation","1","22350","Speeding"
"CR-0000089354","ACV-0000182690","M","18","","Moderate","Driver","Impairment Not Known","North","Making Left Turn","Car","Other Violation","1","21453","Run Red Light"
"CR-0000089334","ACV-0000182643","M","79","","Moderate","Driver","Sleepy/Fatigued","East","Ran Off Road","Car","None Apparent","1","21663","Driving On Sidewalk"
"CR-0000089338","ACV-0000182652","F","40","","Unknown","Driver","Impairment Not Known","East","Proceeding Straight","Car","Unknown","1","Unknown","Unknown"
"CR-0000089371","ACV-0000182729","F","19","","Major","Driver","Had Not Been Drinking","West","Proceeding Straight","Car","None Apparent","1","Not Applicable","Not Applicable"
"CR-0000089335","ACV-0000182644","M","37","","Moderate","Driver","Had Not Been Drinking","East","Proceeding Straight","Car","None Apparent","1","22350","Speeding"
"CR-0000089348","ACV-0000182674","M","39","","Major","Driver","Under Drug Influence","South","Proceeding Straight","Panel Truck","Other Violation","1","21453","Run Red Light"
"CR-0000089331","ACV-0000182633","","0","","Minor","Parked","Not Applicable","Not Applicable","Parked","Car","Unknown","1","Not Applicable","Not Applicable"
"CR-0000089335","ACV-0000182647","M","28","","Minor","Driver","Had Not Been Drinking","East","Proceeding Straight","Car","Unknown","1","Not Applicable","Not Applicable"
"CR-0000089341","ACV-0000182662","F","36","","Unknown","Driver","Impairment Not Known","South","Proceeding Straight","Car","Unknown","1","Unknown","Unknown"
"CR-0000089370","ACV-0000182727","F","30","","Major","Driver","Had Not Been Drinking","North","Making Left Turn","Car","Unknown","1","Not Applicable","Not Applicable"
"CR-0000089355","ACV-0000182693","F","23","","Major","Driver","Had Not Been Drinking","North","Changing Lanes","Car","Other Violation","1","Not Applicable","Not Applicable"
"CR-0000089346","ACV-0000182673","F","1","","Not Applicable","Pedestrian","Had Not Been Drinking","South","Other (Ped)","Pedestrian","None Apparent","1","Not Applicable","Not Applicable"
"CR-0000089364","ACV-0000182714","M","62","","Moderate","Driver","Impairment Not Known","North","Stopped","Car","None Apparent","1","Not Applicable","Not Applicable"
"CR-0000089360","ACV-0000182704","M","51","","Not Applicable","Pedestrian","Impairment Not Known","North","Proceeding Straight","Pedestrian","None Apparent","1","Not Applicable","Not Applicable"
"CR-0000089341","ACV-0000182661","F","32","","Unknown","Driver","Impairment Not Known","South","Proceeding Straight","Car","Unknown","1","Unknown","Unknown"
"CR-0000089376","ACV-0000182739","M","0","","Major","Driver","Impairment Not Known","South","Making Right Turn","Car","Other Violation","1","23103","Reckless Driving 2"
"CR-0000089368","ACV-0000182721","","0","","Major","Driver","Impairment Not Known","North","Proceeding Straight","Car","Other Violation","1","22350","Speeding"
"CR-0000089336","ACV-0000182649","F","80","","Moderate","Driver","Had Not Been Drinking","West","Stopped","Car","None Apparent","1","Not Applicable","Not Applicable"
"CR-0000089362","ACV-0000182708","M","38","","Major","Driver","Had Not Been Drinking","South","Making Left Turn","Car","Other Violation","1","22350","Speeding"
"CR-0000089343","ACV-0000182660","M","36","","Major","Driver","Had Not Been Drinking","North","Proceeding Straight","Car","None Apparent","1","Not Applicable","Not Applicable"
"CR-0000089348","ACV-0000182677","M","37","","Moderate","Driver","Had Not Been Drinking","West","Making Left Turn","Panel Truck","None Apparent","1","Not Applicable","Not Applicable"
"CR-0000089360","ACV-0000182703","M","41","","Major","Driver","Impairment Not Known","South","Making Left Turn","Car","Other Violation","1","22107","Unsafe Turn Movement"
"CR-0000089332","ACV-0000182635","","0","","Moderate","Parked","Not Applicable","Not Applicable","Parked","Car","Unknown","1","Not Applicable","Not Applicable"
"CR-0000089348","ACV-0000182678","F","60","","Major","Driver","Had Not Been Drinking","West","Making Left Turn","Car","None Apparent","1","Not Applicable","Not Applicable"
"CR-0000089367","ACV-0000182720","M","0","","Not Applicable","Pedestrian","Impairment Not Known","West","Other (Ped)","Pedestrian","Unknown","1","Not Applicable","Not Applicable"
"CR-0000089336","ACV-0000182648","M","68","","Moderate","Driver","Had Not Been Drinking","West","Proceeding Straight","Motorcycle/Moped","None Apparent","1","22350","Speeding"
"CR-0000089332","ACV-0000182634","M","28","","Major","Driver","Had Not Been Drinking","South","Proceeding Straight","Car","Other Violation","1","22350","Speeding"
"CR-0000089333","ACV-0000182639","M","44","","Major","Driver","Had Been Drinking - Under Influence","West","Proceeding Straight","Car","Under Influence","1","22350","Speeding"
"CR-0000089364","ACV-0000182713","","0","","Unknown","Driver","Impairment Not Known","Unknown","Proceeding Straight","Unknown","Other Violation","1","22350","Speeding"
"CR-0000089359","ACV-0000182702","F","31","","Minor","Driver","Impairment Not Known","North","Proceeding Straight","Car","Unknown","1","Not Applicable","Not Applicable"
"CR-0000089348","ACV-0000182680","M","55","","Minor","Driver","Had Not Been Drinking","West","Slowing/Stopping","Panel Truck","None Apparent","1","Not Applicable","Not Applicable"
"CR-0000089337","ACV-0000182650","F","21","","Moderate","Driver","Had Been Drinking - Under Influence","South","Traveling Wrong Way","Car","Other Violation","1","23152","Driving Drunk"
"CR-0000089335","ACV-0000182645","F","67","","Moderate","Driver","Had Not Been Drinking","East","Proceeding Straight","Car","None Apparent","1","Not Applicable","Not Applicable"
"CR-0000089363","ACV-0000182712","","0","","Moderate","Parked","Not Applicable","Not Applicable","Parked","Car","None Apparent","1","Not Applicable","Not Applicable"
"CR-0000089348","ACV-0000182679","M","58","","Major","Driver","Had Not Been Drinking","West","Making Left Turn","Car","None Apparent","1","Not Applicable","Not Applicable"
"CR-0000089332","ACV-0000182637","","0","","Moderate","Parked","Not Applicable","Not Applicable","Parked","Car","Unknown","1","Not Applicable","Not Applicable"
"CR-0000089345","ACV-0000182666","F","27","","Moderate","Driver","Had Not Been Drinking","South","Stopped","Car","None Apparent","1","Not Applicable","Not Applicable"
"CR-0000089366","ACV-0000182718","M","38","","Major","Driver","Had Not Been Drinking","North","Proceeding Straight","Car","Unknown","1","Not Applicable","Not Applicable"
"CR-0000089359","ACV-0000182701","","0","","Minor","Driver","Impairment Not Known","West","Making Left Turn","Unknown","Other Violation","1","22107","Unsafe Turn Movement"
"CR-0000089349","ACV-0000182675","M","0","","Unknown","Driver","Impairment Not Known","North","Proceeding Straight","Car","Unknown","1","Unknown","Unknown"
"CR-0000089355","ACV-0000182692","","0","","Major","Driver","Impairment Not Known","North","Proceeding Straight","Car","Other Violation","1","22350","Speeding"
"CR-0000089369","ACV-0000182724","F","39","","Unknown","Driver","Impairment Not Known","North","Proceeding Straight","Car","Other Violation","1","22350","Speeding"
"CR-0000089331","ACV-0000182631","M","0","","Moderate","Driver","Impairment Not Known","West","Proceeding Straight","Panel Truck","Unknown","1","23103","Reckless Driving 2"
"CR-0000089358","ACV-0000182698","M","24","","Moderate","Driver","Impairment Not Known","East","Making Left Turn","Car","Other Violation","1","21453","Run Red Light"
"CR-0000089350","ACV-0000182681","F","36","","Moderate","Driver","Impairment Not Known","South","Proceeding Straight","Car","Other Violation","1","22350","Speeding"
"CR-0000089344","ACV-0000182663","","0","","Unknown","Driver","Impairment Not Known","North","Proceeding Straight","Unknown","Other Violation","1","22350","Speeding"
"CR-0000089372","ACV-0000182730","","0","","Unknown","Driver","Impairment Not Known","North","Proceeding Straight","Car","Other Violation","1","21703","Follow Too Closely"
"CR-0000089343","ACV-0000182659","M","32","","Major","Driver","Impairment Not Known","South","Making Left Turn","Car","Other Violation","1","22107","Unsafe Turn Movement"
"CR-0000089352","ACV-0000182686","M","22","","Moderate","Driver","Had Not Been Drinking","West","Making Left Turn","Motorcycle/Moped","Other Violation","1","22350","Speeding"
"CR-0000089342","ACV-0000182658","M","58","","Not Applicable","Pedestrian","Had Been Drinking - Under Influence","East","Proceeding Straight","Pedestrian","None Apparent","1","Not Applicable","Not Applicable"
"CR-0000089340","ACV-0000182655","M","0","","Unknown","Driver","Impairment Not Known","East","Other Unsafe Turning","Panel Truck","Unknown","1","Unknown","Unknown"
"CR-0000089344","ACV-0000182664","F","25","","Not Applicable","Pedestrian","Impairment Not Known","West","Other (Ped)","Pedestrian","Unknown","1","Not Applicable","Not Applicable"
"CR-0000089356","ACV-0000182695","F","27","","Minor","Driver","Impairment Not Known","East","Stopped","Car","None Apparent","1","Not Applicable","Not Applicable"
"CR-0000089365","ACV-0000182716","M","47","","Major","Driver","Impairment Not Known","North","Proceeding Straight","Car","Unknown","1","Not Applicable","Not Applicable"
"CR-0000089342","ACV-0000182657","","0","","Unknown","Driver","Impairment Not Known","West","Proceeding Straight","Unknown","Other Violation","1","00001","Other Improper Driving"
"CR-0000089356","ACV-0000182694","","0","","None","Driver","Impairment Not Known","East","Proceeding Straight","Unknown","Other Violation","1","22350","Speeding"
"CR-0000089365","ACV-0000182715","M","26","","Moderate","Driver","Under Drug Influence","North","Proceeding Straight","Car","Other Violation","1","22350","Speeding"
"CR-0000089357","ACV-0000182697","F","32","","Minor","Driver","Had Not Been Drinking","West","Proceeding Straight","Car","Unknown","1","Not Applicable","Not Applicable"
"CR-0000089368","ACV-0000182723","M","38","","Major","Driver","Had Not Been Drinking","North","Stopped","Car","Unknown","1","Not Applicable","Not Applicable"
"CR-0000089331","ACV-0000182632","","0","","Major","Parked","Not Applicable","Not Applicable","Parked","Car","Unknown","1","Not Applicable","Not Applicable"
"CR-0000089350","ACV-0000182682","F","53","","Minor","Driver","Impairment Not Known","South","Making Left Turn","Car","None Apparent","1","Not Applicable","Not Applicable"
"CR-0000089371","ACV-0000182728","","0","","Major","Driver","Impairment Not Known","North","Making Left Turn","Car","Other Violation","1","21453","Run Red Light"
"CR-0000089358","ACV-0000182699","F","56","","Major","Driver","Had Not Been Drinking","West","Proceeding Straight","Car","None Apparent","1","Not Applicable","Not Applicable"
"CR-0000089368","ACV-0000182722","M","57","","Major","Driver","Had Not Been Drinking","North","Slowing/Stopping","Car","Unknown","1","Not Applicable","Not Applicable"
"CR-0000089372","ACV-0000182731","F","36","","Minor","Driver","Impairment Not Known","North","Stopped","Car","Unknown","1","Not Applicable","Not Applicable"
"CR-0000089361","ACV-0000182705","","0","","Unknown","Driver","Impairment Not Known","South","Proceeding Straight","Unknown","Other Violation","1","22350","Speeding"
"CR-0000089375","ACV-0000182737","M","21","","Major","Driver","Had Been Drinking - Under Influence","West","Proceeding Straight","Car","Other Violation","1","23153","Driving Drunk With Injury"
"CR-0000089335","ACV-0000182646","M","32","","Minor","Driver","Had Not Been Drinking","East","Stopped","Car","None Apparent","1","Not Applicable","Not Applicable"
"CR-0000089347","ACV-0000182668","","0","","Unknown","Driver","Impairment Not Known","East","Proceeding Straight","Car","Unknown","1","Unknown","Unknown"
"CR-0000089350","ACV-0000182683","","0","","Minor","Parked","Not Applicable","North","Parked","Car","None Apparent","1","Not Applicable","Not Applicable"
"CR-0000089375","ACV-0000182738","","0","","Major","Driver","Impairment Not Known","South","Making Right Turn","Car","None Apparent","1","Not Applicable","Not Applicable"
"CR-0000089373","ACV-0000182733","M","49","","Moderate","Driver","Impairment Not Known","West","Making Right Turn","Car","Unknown","1","Not Applicable","Not Applicable"
"CR-0000089333","ACV-0000182640","","0","","Moderate","Parked","Not Applicable","Not Applicable","Parked","Panel Truck","Unknown","1","Not Applicable","Not Applicable"
"CR-0000089373","ACV-0000182732","","0","","Unknown","Driver","Impairment Not Known","West","Proceeding Straight","Unknown","Other Violation","1","22350","Speeding"
"CR-0000089370","ACV-0000182726","","0","","Major","Driver","Impairment Not Known","South","Proceeding Straight","Panel Truck","Other Violation","1","21453","Run Red Light"
"CR-0000089376","ACV-0000182740","F","49","","Moderate","Driver","Impairment Not Known","East","Making Right Turn","Car","None Apparent","1","Not Applicable","Not Applicable"
"CR-0000089347","ACV-0000182669","M","27","","Unknown","Driver","Impairment Not Known","East","Stopped","Car","Unknown","1","Unknown","Unknown"
"CR-0000089361","ACV-0000182706","M","82","","Minor","Driver","Had Not Been Drinking","South","Stopped","Car","Unknown","1","Not Applicable","Not Applicable"
"CR-0000089369","ACV-0000182725","M","0","","Unknown","Parked","Not Applicable","Unknown","Parked","Car","Unknown","1","Not Applicable","Not Applicable"
"CR-0000089345","ACV-0000182665","F","0","","Moderate","Driver","Impairment Not Known","South","Proceeding Straight","Car","Other Violation","1","22350","Speeding"
"CR-0000089346","ACV-0000182671","F","24","","Not Applicable","Pedestrian","Impairment Not Known","South","Other (Ped)","Pedestrian","None Apparent","1","Not Applicable","Not Applicable"
"CR-0000089339","ACV-0000182654","M","27","","Unknown","Driver","Impairment Not Known","Unknown","Making Left Turn","Car","Unknown","1","Unknown","Unknown"
"CR-0000089346","ACV-0000182667","M","19","","Unknown","Driver","Impairment Not Known","West","Making Right Turn","Car","Other Violation","1","22450","Fail Stop/Sign"
"CR-0000089347","ACV-0000182670","M","33","","Unknown","Driver","Impairment Not Known","East","Stopped","Car","Unknown","1","Unknown","Unknown"
"CR-0000089351","ACV-0000182684","M","29","","Moderate","Driver","Had Not Been Drinking","East","Proceeding Straight","Car","Other Violation","1","Unknown","Unknown"
"CR-0000089349","ACV-0000182676","M","0","","Unknown","Driver","Impairment Not Known","North","Stopped","Car","Unknown","1","Unknown","Unknown"
"CR-0000089339","ACV-0000182653","","0","","Unknown","Driver","Impairment Not Known","Unknown","Other Unsafe Turning","Car","Unknown","1","Unknown","Unknown"
"CR-0000089332","ACV-0000182636","","0","","Major","Parked","Not Applicable","Not Applicable","Parked","Car","Unknown","1","Not Applicable","Not Applicable"
"CR-0000089353","ACV-0000182689","F","60","","Major","Driver","Had Not Been Drinking","East","Proceeding Straight","Car","None Apparent","1","Unknown","Unknown"
"CR-0000089363","ACV-0000182709","","0","","Major","Driver","Impairment Not Known","West","Other Unsafe Turning","Car","Other Violation","1","22107","Unsafe Turn Movement"
"CR-0000089373","ACV-0000182734","M","40","","Moderate","Driver","Had Not Been Drinking","South","Stopped","Car","Unknown","1","Not Applicable","Not Applicable"
"CR-0000089333","ACV-0000182641","","0","","Major","Parked","Not Applicable","Not Applicable","Parked","Car","Unknown","1","Not Applicable","Not Applicable"
"CR-0000089367","ACV-0000182719","M","19","","None","Driver","Impairment Not Known","North","Proceeding Straight","Car","Other Violation","1","21950","Yield Pedestrian In Crosswalk"
"CR-0000089352","ACV-0000182687","","0","","Moderate","Parked","Not Applicable","Not Applicable","Parked","Panel Truck","None Apparent","1","Not Applicable","Not Applicable"
"CR-0000089378","ACV-0000182743","F","63","","Not Applicable","Pedestrian","Had Not Been Drinking","West","Proceeding Straight","Pedestrian","Unknown","1","Unknown","Unknown"
"CR-0000089379","ACV-0000182745","F","27","","Major","Driver","Had Been Drinking - Impairment Unknown","West","Proceeding Straight","Car","Speeding","1","21453","Run Red Light"
"CR-0000089378","ACV-0000182744","M","45","","None","Driver","Impairment Not Known","West","Proceeding Straight","Other","Unknown","1","Unknown","Unknown"
"CR-0000089379","ACV-0000182746","M","29","","Minor","Driver","Had Not Been Drinking","South","Proceeding Straight","Car","None Apparent","1","Not Applicable","Not Applicable"
"CR-0000089380","ACV-0000182748","","0","","Unknown","Driver","Impairment Not Known","South","Proceeding Straight","Panel Truck","Unknown","1","Unknown","Unknown"
"CR-0000089383","ACV-0000182754","F","69","","Moderate","Driver","Had Not Been Drinking","South","Making Left Turn","Car","None Apparent","1","Not Applicable","Not Applicable"
"CR-0000089386","ACV-0000182760","F","58","","Moderate","Driver","Impairment Not Known","East","Proceeding Straight","Car","Unknown","1","Unknown","Unknown"
"CR-0000089380","ACV-0000182747","F","46","","Unknown","Driver","Impairment Not Known","South","Stopped","Car","Unknown","1","Unknown","Unknown"
"CR-0000089384","ACV-0000182755","","0","","Unknown","Driver","Impairment Not Known","Unknown","Unknown","Unknown","Unknown","1","Unknown","Unknown"
"CR-0000089384","ACV-0000182756","","0","","Unknown","Parked","Not Applicable","Not Applicable","Parked","Car","Unknown","1","Unknown","Unknown"
"CR-0000089389","ACV-0000182766","","0","","Minor","Parked","Not Applicable","Not Applicable","Parked","Panel Truck","Unknown","1","Not Applicable","Not Applicable"
"CR-0000089391","ACV-0000182769","","0","","Minor","Parked","Had Been Drinking - Under Influence","Not Applicable","Parked","Panel Truck","None Apparent","1","Not Applicable","Not Applicable"
"CR-0000089386","ACV-0000182759","M","56","","Moderate","Driver","Impairment Not Known","East","Proceeding Straight","Car","Unknown","1","Unknown","Unknown"
"CR-0000089388","ACV-0000182764","F","66","","Minor","Driver","Had Not Been Drinking","North","Proceeding Straight","Car","Unknown","1","Not Applicable","Not Applicable"
"CR-0000089382","ACV-0000182749","M","50","","Major","Driver","Impairment Not Known","North","Making U-Turn","Car","None Apparent","1","21460","Driving Over Centerline"
"CR-0000089389","ACV-0000182765","F","39","","Major","Driver","Had Not Been Drinking","North","Ran Off Road","Car","Unknown","1","21658","Unsafe Lane Change"
"CR-0000089392","ACV-0000182770","","0","","Unknown","Driver","Impairment Not Known","North","Unknown","Car","Unknown","1","Unknown","Unknown"
"CR-0000089382","ACV-0000182750","M","45","","Minor","Driver","Impairment Not Known","South","Proceeding Straight","Car","None Apparent","1","Not Applicable","Not Applicable"
"CR-0000089390","ACV-0000182767","F","41","","Moderate","Driver","Had Not Been Drinking","South","Proceeding Straight","Car","None Apparent","1","22107","Unsafe Turn Movement"
"CR-0000089387","ACV-0000182761","F","0","","Minor","Driver","Had Not Been Drinking","West","Making Left Turn","Car","None Apparent","1","21801","Yield Left Turn"
"CR-0000089392","ACV-0000182771","","0","","Unknown","Parked","Not Applicable","Not Applicable","Parked","Car","Unknown","1","Unknown","Unknown"
"CR-0000089381","ACV-0000182751","F","19","","Unknown","Driver","Impairment Not Known","Unknown","Proceeding Straight","Car","Unknown","1","Unknown","Unknown"
"CR-0000089385","ACV-0000182757","","0","","Unknown","Driver","Impairment Not Known","Unknown","Unknown","Unknown","Unknown","1","Unknown","Unknown"
"CR-0000089385","ACV-0000182758","","0","","Unknown","Parked","Not Applicable","Not Applicable","Parked","Unknown","Unknown","1","Unknown","Unknown"
"CR-0000089383","ACV-0000182753","M","54","","Moderate","Driver","Had Not Been Drinking","East","Proceeding Straight","Panel Truck","None Apparent","1","21453","Run Red Light"
"CR-0000089387","ACV-0000182762","M","61","","Major","Driver","Had Not Been Drinking","East","Proceeding Straight","Motorcycle/Moped","None Apparent","1","Not Applicable","Not Applicable"
"CR-0000089391","ACV-0000182768","M","24","","Minor","Driver","Had Been Drinking - Under Influence","South","Proceeding Straight","Car","None Apparent","1","23152","Driving Drunk"
"CR-0000089381","ACV-0000182752","M","27","","Unknown","Driver","Impairment Not Known","Unknown","Proceeding Straight","Car","Unknown","1","Unknown","Unknown"
"CR-0000089388","ACV-0000182763","M","0","","Moderate","Driver","Had Been Drinking - Under Influence","South","Proceeding Straight","Car","Unknown","1","23152","Driving Drunk"
"CR-0000089401","ACV-0000182794","F","18","","Moderate","Driver","Had Not Been Drinking","East","Making Left Turn","Car","Unknown","1","Not Applicable","Not Applicable"
"CR-0000089397","ACV-0000182784","F","55","","Major","Driver","Impairment Not Known","North","Proceeding Straight","Car","None Apparent","1","Not Applicable","Not Applicable"
"CR-0000089415","ACV-0000182826","M","51","","None","Driver","Had Not Been Drinking","South","Stopped","Panel Truck","Stop And Go Traffic","1","Not Applicable","Not Applicable"
"CR-0000089417","ACV-0000182830","M","23","","Not Applicable","Pedestrian","Had Not Been Drinking","North","Other (Ped)","Skateboard","Unknown","1","Not Applicable","Not Applicable"
"CR-0000089398","ACV-0000182785","","0","","Unknown","Driver","Impairment Not Known","North","Making Right Turn","Unknown","Other Violation","1","00001","Other Improper Driving"
"CR-0000089410","ACV-0000182816","F","65","","Moderate","Driver","Had Not Been Drinking","North","Proceeding Straight","Car","None Apparent","1","21802","Yield Stop Sign"
"CR-0000089404","ACV-0000182803","M","26","","Not Applicable","Bicycle","Had Not Been Drinking","South","Proceeding Straight","Bicycle","None Apparent","1","Not Applicable","Not Applicable"
"CR-0000089394","ACV-0000182774","","0","","Moderate","Driver","Impairment Not Known","East","Making Left Turn","Panel Truck","Other Violation","1","22107","Unsafe Turn Movement"
"CR-0000089408","ACV-0000182813","F","70","","Moderate","Driver","Impairment Not Known","South","Making Right Turn","Car","Unknown","1","Not Applicable","Not Applicable"
"CR-0000089413","ACV-0000182823","","0","","Minor","Parked","Not Applicable","Not Applicable","Proceeding Straight","Car","Unknown","1","Not Applicable","Not Applicable"
"CR-0000089400","ACV-0000182792","","0","","Minor","Parked","Not Applicable","Not Applicable","Parked","Car","None Apparent","1","Not Applicable","Not Applicable"
"CR-0000089411","ACV-0000182819","M","61","","Moderate","Driver","Had Not Been Drinking","West","Proceeding Straight","Car","None Apparent","1","Not Applicable","Not Applicable"
"CR-0000089405","ACV-0000182806","","0","","Unknown","Driver","Impairment Not Known","North","Proceeding Straight","Unknown","Other Violation","1","21950","Yield Pedestrian In Crosswalk"
"CR-0000089401","ACV-0000182793","M","34","","Major","Driver","Impairment Not Known","South","Proceeding Straight","Car","Other Violation","1","21453","Run Red Light"
"CR-0000089394","ACV-0000182775","","0","","Moderate","Parked","Not Applicable","Not Applicable","Parked","Panel Truck","Unknown","1","Not Applicable","Not Applicable"
"CR-0000089395","ACV-0000182776","F","25","","Minor","Driver","Had Been Drinking - Under Influence","East","Backing","Car","Other Violation","1","22106","Unsafe Backing"
"CR-0000089406","ACV-0000182808","","0","","Unknown","Driver","Impairment Not Known","North","Making Left Turn","Unknown","Other Violation","1","22450","Fail Stop/Sign"
"CR-0000089407","ACV-0000182810","","0","","Unknown","Driver","Impairment Not Known","South","Making Right Turn","Unknown","Other Violation","1","Unknown","Unknown"
"CR-0000089408","ACV-0000182812","","0","","Major","Driver","Impairment Not Known","South","Proceeding Straight","Car","Unknown","1","22350","Speeding"
"CR-0000089401","ACV-0000182796","","0","","Minor","Parked","Not Applicable","Not Applicable","Parked","Car","Unknown","1","Not Applicable","Not Applicable"
"CR-0000089398","ACV-0000182786","M","20","","Not Applicable","Bicycle","Impairment Not Known","West","Other (Bike)","Bicycle","None Apparent","1","Not Applicable","Not Applicable"
"CR-0000089417","ACV-0000182829","","0","","Unknown","Driver","Impairment Not Known","East","Proceeding Straight","Car","Unknown","1","22350","Speeding"
"CR-0000089416","ACV-0000182828","M","18","","Not Applicable","Pedestrian","Had Not Been Drinking","East","Proceeding Straight","Skateboard","None Apparent","1","Not Applicable","Not Applicable"
"CR-0000089400","ACV-0000182789","","0","","Moderate","Driver","Impairment Not Known","South","Changing Lanes","Car","Other Violation","1","22107","Unsafe Turn Movement"
"CR-0000089406","ACV-0000182809","M","62","","Not Applicable","Bicycle","Had Not Been Drinking","West","Other (Bike)","Bicycle","Inattention","1","Not Applicable","Not Applicable"
"CR-0000089401","ACV-0000182795","","0","","Moderate","Parked","Not Applicable","Not Applicable","Parked","Car","Unknown","1","Not Applicable","Not Applicable"
"CR-0000089396","ACV-0000182779","F","26","","Major","Driver","Impairment Not Known","South","Proceeding Straight","Car","Other Violation","1","22450","Fail Stop/Sign"
"CR-0000089415","ACV-0000182825","F","34","","Unknown","Driver","Impairment Not Known","South","Proceeding Straight","Car","Other Violation","1","21703","Follow Too Closely"
"CR-0000089414","ACV-0000182824","F","42","","Major","Driver","Had Not Been Drinking","West","Making Left Turn","Car","Unknown","1","21658","Unsafe Lane Change"
"CR-0000089416","ACV-0000182827","","0","","Unknown","Driver","Impairment Not Known","East","Other Unsafe Turning","Unknown","Other Violation","1","22107","Unsafe Turn Movement"
"CR-0000089404","ACV-0000182805","","0","","Unknown","Parked","Not Applicable","Not Applicable","Parked","Car","None Apparent","1","Not Applicable","Not Applicable"
"CR-0000089409","ACV-0000182815","F","0","","Moderate","Driver","Had Not Been Drinking","West","Proceeding Straight","Car","None Apparent","1","Not Applicable","Not Applicable"
"CR-0000089402","ACV-0000182799","M","47","","Major","Driver","Impairment Not Known","South","Proceeding Straight","Motorcycle/Moped","Unknown","1","Not Applicable","Not Applicable"
"CR-0000089407","ACV-0000182811","M","5","","Not Applicable","Pedestrian","Had Not Been Drinking","South","Other (Ped)","Pedestrian","None Apparent","1","Not Applicable","Not Applicable"
"CR-0000089405","ACV-0000182807","F","54","","Not Applicable","Bicycle","Had Not Been Drinking","East","Other (Bike)","Bicycle","None Apparent","1","Not Applicable","Not Applicable"
"CR-0000089404","ACV-0000182804","","0","","Unknown","Parked","Not Applicable","Not Applicable","Parked","Car","None Apparent","1","Not Applicable","Not Applicable"
"CR-0000089412","ACV-0000182821","F","68","","Minor","Driver","Impairment Not Known","West","Stopped","Car","None Apparent","1","Not Applicable","Not Applicable"
"CR-0000089396","ACV-0000182780","M","64","","Major","Driver","Had Not Been Drinking","East","Proceeding Straight","Car","None Apparent","1","Not Applicable","Not Applicable"