"CrashName","Name","Sex","Age","Speed","VehicleDamage","PartyCategory","Sobriety","VehicleDirection","MovementPrecedingCollision","PartyType","OtherAssociatedFactor","VehicleCount","ViolationCode","ViolationCodeDescription"
"CR-0000089468","ACV-0000182930","","0","","Minor","Driver","Impairment Not Known","North","Proceeding Straight","Car","Other Violation","1","21703","Follow Too Closely"
"CR-0000089495","ACV-0000182985","M","60","","Moderate","Driver","Had Not Been Drinking","South","Proceeding Straight","Car","None Apparent","1","Not Applicable","Not Applicable"
"CR-0000089499","ACV-0000182994","M","31","","Minor","Driver","Had Not Been Drinking","North","Stopped","Car","Unknown","1","Not Applicable","Not Applicable"
"CR-0000089504","ACV-0000183003","","0","","Unknown","Driver","Impairment Not Known","North","Other Unsafe Turning","Car","Other Violation","1","Unknown","Unknown"
"CR-0000089502","ACV-0000183000","F","27","","Minor","Driver","Had Not Been Drinking","West","Slowing/Stopping","Car","None Apparent","1","Not Applicable","Not Applicable"
"CR-0000089500","ACV-0000182995","","76","","Minor","Driver","Impairment Not Known","Unknown","Making Left Turn","Car","Vision Obscurement","1","22350","Speeding"
"CR-0000089503","ACV-0000183001","M","27","","Minor","Driver","Under Drug Influence","South","Slowing/Stopping","Car","Other Violation","1","23152","Driving Drunk"
"CR-0000089500","ACV-0000182996","M","56","","Not Applicable","Bicycle","Impairment Not Known","Unknown","Other (Bike)","Bicycle","Unknown","1","Not Applicable","Not Applicable"
"CR-0000089504","ACV-0000183004","F","38","","Unknown","Driver","Had Not Been Drinking","North","Proceeding Straight","Car","None Apparent","1","Not Applicable","Not Applicable"
"CR-0000089506","ACV-0000183007","M","34","","Minor","Driver","Impairment Not Known","West","Proceeding Straight","Panel Truck","None Apparent","1","21800","Yield Uncontrolled Intersection"
"CR-0000089505","ACV-0000183005","M","45","","Moderate","Driver","Had Not Been Drinking","West","Making Left Turn","Panel Truck","None Apparent","1","Unknown","Unknown"
"CR-0000089506","ACV-0000183008","F","34","","Minor","Driver","Impairment Not Known","North","Proceeding Straight","Car","None Apparent","1","Not Applicable","Not Applicable"
"CR-0000089502","ACV-0000182999","M","27","","Moderate","Driver","Had Not Been Drinking","West","Proceeding Straight","Car","None Apparent","1","21703","Follow Too Closely"
"CR-0000089501","ACV-0000182998","M","35","","Not Applicable","Pedestrian","Had Not Been Drinking","East","Proceeding Straight","Pedestrian","None Apparent","1","Not Applicable","Not Applicable"
"CR-0000089501","ACV-0000182997","F","42","","None","Driver","Impairment Not Known","North","Making Left Turn","Car","None Apparent","1","21950","Yield Pedestrian In Crosswalk"
"CR-0000089498","ACV-0000182991","M","50","","Major","Driver","Impairment Not Known","South","Proceeding Straight","Car","Other Violation","1","22350","Speeding"
"CR-0000089499","ACV-0000182993","M","69","","None","Driver","Had Not Been Drinking","North","Proceeding Straight","Car","Unknown","1","21703","Follow Too Closely"
"CR-0000089503","ACV-0000183002","","0","","Minor","Parked","Not Applicable","Not Applicable","Parked","Car","Unknown","1","Not Applicable","Not Applicable"
"CR-0000089498","ACV-0000182992","M","50","","Moderate","Driver","Impairment Not Known","South","Stopped","Car","Unknown","1","Not Applicable","Not Applicable"
"CR-0000089505","ACV-0000183006","F","49","","Major","Driver","Had Not Been Drinking","East","Proceeding Straight","Car","None Apparent","1","Unknown","Unknown"
"CR-0000089527","ACV-0000183053","F","28","","Minor","Driver","Impairment Not Known","East","Proceeding Straight","Car","Vision Obscurement","1","Not Applicable","Not Applicable"
"CR-0000089526","ACV-0000183051","M","45","","Moderate","Driver","Had Not Been Drinking","North","Proceeding Straight","Car","Unknown","1","Not Applicable","Not Applicable"
"CR-0000089513","ACV-0000183022","M","29","","Major","Driver","Impairment Not Known","North","Proceeding Straight","Car","Unknown","1","Not Applicable","Not Applicable"
"CR-0000089528","ACV-0000183054","M","40","","Major","Driver","Had Not Been Drinking","East","Proceeding Straight","Car","Other Violation","1","22350","Speeding"
"CR-0000089519","ACV-0000183035","M","26","","Moderate","Driver","Impairment Not Known","North","Ran Off Road","Car","None Apparent","1","22350","Speeding"
"CR-0000089508","ACV-0000183011","","0","","Unknown","Driver","Impairment Not Known","South","Making Left Turn","Panel Truck","Other Violation","1","21950","Yield Pedestrian In Crosswalk"
"CR-0000089509","ACV-0000183014","F","29","","Minor","Driver","Impairment Not Known","South","Proceeding Straight","Car","None Apparent","1","Not Applicable","Not Applicable"
"CR-0000089521","ACV-0000183038","","0","","Major","Driver","Impairment Not Known","South","Making Left Turn","Panel Truck","Other Violation","1","21453","Run Red Light"
"CR-0000089509","ACV-0000183013","M","27","","Minor","Driver","Impairment Not Known","East","Making Left Turn","Car","Vision Obscurement","1","22107","Unsafe Turn Movement"
"CR-0000089540","ACV-0000183070","","0","","Major","Driver","Impairment Not Known","East","Proceeding Straight","Car","Other Violation","1","22350","Speeding"
"CR-0000089526","ACV-0000183050","M","16","","Not Applicable","Pedestrian","Impairment Not Known","Not Applicable","Proceeding Straight","Pedestrian","Unknown","1","Not Applicable","Not Applicable"
"CR-0000089525","ACV-0000183048","","0","","Moderate","Parked","Impairment Not Known","Not Applicable","Parked","Car","Unknown","1","Not Applicable","Not Applicable"
"CR-0000089515","ACV-0000183026","F","23","","Minor","Driver","Impairment Not Known","West","Stopped","Car","None Apparent","1","Not Applicable","Not Applicable"
"CR-0000089518","ACV-0000183034","","0","","Major","Driver","Impairment Not Known","West","Other Unsafe Turning","Unknown","Other Violation","1","22107","Unsafe Turn Movement"
"CR-0000089520","ACV-0000183037","F","69","","Moderate","Driver","Had Not Been Drinking","East","Backing","Car","None Apparent","1","Not Applicable","Not Applicable"
"CR-0000089524","ACV-0000183045","F","59","","Minor","Driver","Impairment Not Known","East","Proceeding Straight","Car","Inattention","1","Not Applicable","Not Applicable"
"CR-0000089516","ACV-0000183029","F","21","","Major","Driver","Had Not Been Drinking","West","Proceeding Straight","Car","None Apparent","1","21453","Run Red Light"
"CR-0000089507","ACV-0000183010","M","53","","Minor","Driver","Had Not Been Drinking","South","Proceeding Straight","Emergency Vehicle","None Apparent","1","Not Applicable","Not Applicable"
"CR-0000089513","ACV-0000183021","M","44","","Moderate","Driver","Impairment Not Known","West","Making Left Turn","Car","Unknown","1","21801","Yield Left Turn"
"CR-0000089540","ACV-0000183071","","0","","Moderate","Parked","Not Applicable","Not Applicable","Parked","Car","None Apparent","1","Not Applicable","Not Applicable"
"CR-0000089541","ACV-0000183073","M","52","","Minor","Driver","Had Been Drinking - Under Influence","South","Proceeding Straight","Car","Other Violation","1","23152","Driving Drunk"
"CR-0000089514","ACV-0000183023","M","0","","Minor","Driver","Had Been Drinking - Under Influence","South","Proceeding Straight","Panel Truck","Other Violation","1","22350","Speeding"
"CR-0000089526","ACV-0000183049","M","70","","Moderate","Driver","Had Been Drinking - Under Influence","South","Proceeding Straight","Panel Truck","Unknown","1","23153","Driving Drunk With Injury"
"CR-0000089538","ACV-0000183067","M","37","","Major","Driver","Impairment Not Known","North","Proceeding Straight","Car","None Apparent","1","Unknown","Unknown"
"CR-0000089530","ACV-0000183058","F","0","","Unknown","Driver","Impairment Not Known","South","Making Right Turn","Car","Other Violation","1","22350","Speeding"
"CR-0000089536","ACV-0000183064","","0","","Moderate","Driver","Impairment Not Known","South","Proceeding Straight","Car","Other Violation","1","22107","Unsafe Turn Movement"
"CR-0000089539","ACV-0000183068","","0","","Minor","Driver","Impairment Not Known","South","Backing","Car","Runaway Vehicle","1","22106","Unsafe Backing"
"CR-0000089511","ACV-0000183018","F","83","","Minor","Driver","Impairment Not Known","North","Proceeding Straight","Car","Unknown","1","Not Applicable","Not Applicable"
"CR-0000089510","ACV-0000183015","M","0","","Unknown","Driver","Impairment Not Known","East","Proceeding Straight","Panel Truck","Other Violation","1","21650","Driving Wrong Side"
"CR-0000089536","ACV-0000183065","F","18","","Moderate","Driver","Had Not Been Drinking","South","Proceeding Straight","Car","None Apparent","1","Not Applicable","Not Applicable"
"CR-0000089511","ACV-0000183017","F","0","","Minor","Driver","Impairment Not Known","North","Making Left Turn","Motorcycle/Moped","Unknown","1","21801","Yield Left Turn"
"CR-0000089512","ACV-0000183020","","0","","Major","Parked","Not Applicable","Not Applicable","Parked","Car","Unknown","1","Not Applicable","Not Applicable"
"CR-0000089528","ACV-0000183055","","0","","Unknown","Parked","Not Applicable","Not Applicable","Parked","Panel Truck","Unknown","1","Not Applicable","Not Applicable"
"CR-0000089529","ACV-0000183057","M","26","","Major","Driver","Impairment Not Known","West","Proceeding Straight","Car","Unknown","1","Not Applicable","Not Applicable"
"CR-0000089517","ACV-0000183032","","0","","Unknown","Driver","Impairment Not Known","South","Making Left Turn","Car","Other Violation","1","22350","Speeding"
"CR-0000089515","ACV-0000183025","M","85","","Major","Driver","Impairment Not Known","West","Proceeding Straight","Car","None Apparent","1","22350","Speeding"
"CR-0000089512","ACV-0000183019","M","0","","Major","Driver","Impairment Not Known","North","Proceeding Straight","Car","Other Violation","1","22350","Speeding"
"CR-0000089520","ACV-0000183036","F","27","","Moderate","Driver","Had Not Been Drinking","North","Proceeding Straight","Car","None Apparent","1","22106","Unsafe Backing"
"CR-0000089534","ACV-0000183060","","0","","Major","Driver","Impairment Not Known","South","Proceeding Straight","Car","Other Violation","1","21453","Run Red Light"
"CR-0000089515","ACV-0000183028","M","81","","Minor","Driver","Impairment Not Known","West","Stopped","Car","None Apparent","1","Not Applicable","Not Applicable"
"CR-0000089530","ACV-0000183059","M","52","","Not Applicable","Pedestrian","Impairment Not Known","Unknown","Other (Ped)","Pedestrian","Unknown","1","Not Applicable","Not Applicable"
"CR-0000089525","ACV-0000183046","M","0","","Moderate","Driver","Impairment Not Known","South","Proceeding Straight","Panel Truck","Other Violation","1","22350","Speeding"
"CR-0000089514","ACV-0000183024","M","50","","Major","Driver","Impairment Not Known","South","Stopped","Car","Unknown","1","Not Applicable","Not Applicable"
"CR-0000089535","ACV-0000183063","M","29","","Not Applicable","Pedestrian","Impairment Not Known","East","Other (Ped)","Pedestrian","Unknown","1","Not Applicable","Not Applicable"
"CR-0000089534","ACV-0000183061","F","63","","Major","Driver","Had Not Been Drinking","East","Making Left Turn","Car","None Apparent","1","Not Applicable","Not Applicable"
"CR-0000089521","ACV-0000183039","F","24","","Major","Driver","Had Not Been Drinking","North","Proceeding Straight","Car","None Apparent","1","Not Applicable","Not Applicable"
"CR-0000089515","ACV-0000183027","M","19","","Minor","Driver","Impairment Not Known","West","Stopped","Car","None Apparent","1","Not Applicable","Not Applicable"
"CR-0000089523","ACV-0000183042","F","0","","Unknown","Driver","Impairment Not Known","South","Proceeding Straight","Car","Other Violation","1","21703","Follow Too Closely"
"CR-0000089524","ACV-0000183044","F","34","","Not Applicable","Pedestrian","Impairment Not Known","South","Proceeding Straight","Pedestrian","Unknown","1","21954","Pedestrian Yield Car"
"CR-0000089537","ACV-0000183066","M","22","","Major","Driver","Impairment Not Known","East","Proceeding Straight","Car","None Apparent","1","22107","Unsafe Turn Movement"
"CR-0000089525","ACV-0000183047","","0","","Moderate","Parked","Impairment Not Known","Not Applicable","Parked","Car","Unknown","1","Not Applicable","Not Applicable"
"CR-0000089516","ACV-0000183031","F","57","","Minor","Driver","Had Not Been Drinking","South","Stopped","Car","None Apparent","1","Not Applicable","Not Applicable"
"CR-0000089539","ACV-0000183069","M","39","","Minor","Driver","Had Not Been Drinking","North","Making Left Turn","Car","Unknown","1","Not Applicable","Not Applicable"
"CR-0000089522","ACV-0000183041","M","23","","Major","Driver","Had Not Been Drinking","West","Proceeding Straight","Car","Unknown","1","Not Applicable","Not Applicable"
"CR-0000089516","ACV-0000183030","M","39","","Moderate","Driver","Had Not Been Drinking","North","Proceeding Straight","Car","None Apparent","1","Not Applicable","Not Applicable"
"CR-0000089517","ACV-0000183033","F","17","","None","Driver","Impairment Not Known","North","Proceeding Straight","Car","Unknown","1","Not Applicable","Not Applicable"
"CR-0000089507","ACV-0000183009","M","58","","Minor","Driver","Had Not Been Drinking","South","Entering Traffic","Car","None Apparent","1","21804","Yield From Driveway/Curb"
"CR-0000089508","ACV-0000183012","F","18","","Not Applicable","Pedestrian","Had Not Been Drinking","South","Proceeding Straight","Pedestrian","None Apparent","1","Not Applicable","Not Applicable"
"CR-0000089522","ACV-0000183040","M","46","","Moderate","Driver","Had Not Been Drinking","East","Crossing Into Opposing Lane","Car","Unknown","1","22107","Unsafe Turn Movement"
"CR-0000089540","ACV-0000183072","","0","","Minor","Parked","Not Applicable","Not Applicable","Parked","Car","None Apparent","1","Not Applicable","Not Applicable"
"CR-0000089527","ACV-0000183052","F","46","","Not Applicable","Pedestrian","Impairment Not Known","North","Proceeding Straight","Pedestrian","None Apparent","1","21453","Run Red Light"
"CR-0000089529","ACV-0000183056","","0","","Unknown","Driver","Impairment Not Known","East","Making Left Turn","Car","Other Violation","1","21801","Yield Left Turn"
"CR-0000089523","ACV-0000183043","F","28","","Minor","Driver","Impairment Not Known","South","Stopped","Car","None Apparent","1","Not Applicable","Not Applicable"
"CR-0000089510","ACV-0000183016","M","30","","Minor","Driver","Had Not Been Drinking","West","Stopped","Car","Unknown","1","Not Applicable","Not Applicable"
"CR-0000089535","ACV-0000183062","","0","","Unknown","Driver","Impairment Not Known","South","Proceeding Straight","Unknown","Other Violation","1","21453","Run Red Light"
"CR-0000089572","ACV-0000183141","M","34","","Moderate","Driver","Had Not Been Drinking","South","Proceeding Straight","Car","Inattention","1","21453","Run Red Light"
"CR-0000089556","ACV-0000183111","M","28","","Moderate","Driver","Had Not Been Drinking","South","Stopped","Car","Unknown","1","Not Applicable","Not Applicable"
"CR-0000089567","ACV-0000183133","F","29","","Minor","Driver","Had Not Been Drinking","West","Proceeding Straight","Car","None Apparent","1","Not Applicable","Not Applicable"
"CR-0000089561","ACV-0000183120","","0","","Unknown","Driver","Impairment Not Known","East","Making Left Turn","Unknown","Other Violation","1","22350","Speeding"
"CR-0000089548","ACV-0000183088","","0","","Minor","Parked","Not Applicable","Not Applicable","Parked","Car","Unknown","1","Not Applicable","Not Applicable"
"CR-0000089531","ACV-0000183105","M","25","","Minor","Driver","Had Not Been Drinking","East","Proceeding Straight","Emergency Vehicle","None Apparent","1","Not Applicable","Not Applicable"
"CR-0000089580","ACV-0000183162","M","67","","Major","Driver","Had Not Been Drinking","South","Proceeding Straight","Car","Unknown","1","Not Applicable","Not Applicable"
"CR-0000089570","ACV-0000183138","","0","","Minor","Parked","Not Applicable","Not Applicable","Parked","Car","Unknown","1","Not Applicable","Not Applicable"
"CR-0000089578","ACV-0000183155","F","22","","Moderate","Driver","Had Not Been Drinking","North","Making Left Turn","Car","None Apparent","1","21453","Run Red Light"
"CR-0000089551","ACV-0000183092","","0","","Unknown","Driver","Impairment Not Known","West","Making Left Turn","Car","Other Violation","1","21453","Run Red Light"
"CR-0000089568","ACV-0000183134","M","42","","Major","Driver","Impairment Not Known","West","Proceeding Straight","Car","Unknown","1","22107","Unsafe Turn Movement"
"CR-0000089572","ACV-0000183142","M","48","","Moderate","Driver","Had Not Been Drinking","East","Making Left Turn","Car","None Apparent","1","Not Applicable","Not Applicable"
"CR-0000089580","ACV-0000183161","F","44","","Major","Driver","Had Not Been Drinking","East","Proceeding Straight","Car","Other Violation","1","21453","Run Red Light"
"CR-0000089556","ACV-0000183110","M","30","","Major","Driver","Had Not Been Drinking","South","Stopped","Car","Unknown","1","Not Applicable","Not Applicable"
"CR-0000089574","ACV-0000183146","F","58","","Minor","Driver","Had Not Been Drinking","West","Changing Lanes","Car","Unknown","1","Not Applicable","Not Applicable"
"CR-0000089550","ACV-0000183090","","0","","Moderate","Driver","Impairment Not Known","North","Proceeding Straight","Car","Other Violation","1","21453","Run Red Light"
"CR-0000089546","ACV-0000183083","","0","","Minor","Parked","Not Applicable","Not Applicable","Parked","Car","Unknown","1","Not Applicable","Not Applicable"
"CR-0000089545","ACV-0000183081","M","44","","Major","Driver","Had Not Been Drinking","North","Proceeding Straight","Car","Other","1","00001","Other Improper Driving"
"CR-0000089560","ACV-0000183119","M","55","","Moderate","Driver","Had Not Been Drinking","South","Making Left Turn","Car","None Apparent","1","Not Applicable","Not Applicable"
"CR-0000089547","ACV-0000183084","F","41","","Major","Driver","Impairment Not Known","East","Proceeding Straight","Car","Other Violation","1","21650","Driving Wrong Side"
"CR-0000089581","ACV-0000183163","F","26","","Moderate","Driver","Had Not Been Drinking","East","Stopped","Panel Truck","Unknown","1","21703","Follow Too Closely"
"CR-0000089542","ACV-0000183074","M","22","","Major","Driver","Had Been Drinking - Under Influence","South","Proceeding Straight","Car","Other Violation","1","23152","Driving Drunk"
"CR-0000089559","ACV-0000183117","M","20","","None","Driver","Had Not Been Drinking","Not Applicable","Backing","Car","None Apparent","1","Not Applicable","Not Applicable"
"CR-0000089562","ACV-0000183122","","0","","Unknown","Driver","Impairment Not Known","South","Proceeding Straight","Car","Other Violation","1","22350","Speeding"
"CR-0000089569","ACV-0000183135","M","0","","None","Driver","Impairment Not Known","East","Proceeding Straight","Car","Other Violation","1","22350","Speeding"
"CR-0000089579","ACV-0000183159","","31","","Minor","Parked","Not Applicable","Not Applicable","Parked","Panel Truck","None Apparent","1","Not Applicable","Not Applicable"
"CR-0000089579","ACV-0000183158","M","53","","Unknown","Parked","Not Applicable","Not Applicable","Parked","Bus - School","None Apparent","1","Not Applicable","Not Applicable"
"CR-0000089553","ACV-0000183100","M","25","","Moderate","Driver","Had Not Been Drinking","South","Proceeding Straight","Car","None Apparent","1","22350","Speeding"
"CR-0000089559","ACV-0000183116","","0","","Unknown","Driver","Impairment Not Known","West","Backing","Car","Other Violation","1","22106","Unsafe Backing"
"CR-0000089553","ACV-0000183101","","0","","Moderate","Parked","Not Applicable","Not Applicable","Parked","Car","None Apparent","1","Not Applicable","Not Applicable"
"CR-0000089564","ACV-0000183126","F","43","","Major","Driver","Impairment Not Known","North","Proceeding Straight","Car","Unknown","1","22350","Speeding"
"CR-0000089561","ACV-0000183121","F","70","","Minor","Driver","Impairment Not Known","North","Proceeding Straight","Car","Unknown","1","Not Applicable","Not Applicable"
"CR-0000089542","ACV-0000183075","M","29","","Moderate","Driver","Had Not Been Drinking","South","Stopped","Car","Unknown","1","Not Applicable","Not Applicable"
"CR-0000089552","ACV-0000183099","","0","","Moderate","Parked","Not Applicable","Not Applicable","Parked","Panel Truck","Unknown","1","Not Applicable","Not Applicable"
"CR-0000089557","ACV-0000183112","F","0","","Minor","Driver","Impairment Not Known","East","Proceeding Straight","Car","Other Violation","1","22107","Unsafe Turn Movement"
"CR-0000089555","ACV-0000183106","","0","","Unknown","Driver","Impairment Not Known","West","Proceeding Straight","Unknown","Other Violation","1","22350","Speeding"
"CR-0000089577","ACV-0000183153","M","29","","Major","Driver","Had Not Been Drinking","West","Making Right Turn","Car","Other Violation","1","21801","Yield Left Turn"
"CR-0000089547","ACV-0000183085","","0","","Major","Parked","Not Applicable","Not Applicable","Parked","Panel Truck","Unknown","1","Not Applicable","Not Applicable"
"CR-0000089543","ACV-0000183077","","0","","Minor","Parked","Not Applicable","Not Applicable","Parked","Panel Truck","None Apparent","1","Not Applicable","Not Applicable"
"CR-0000089552","ACV-0000183096","","0","","Minor","Parked","Not Applicable","Not Applicable","Parked","Panel Truck","Unknown","1","Not Applicable","Not Applicable"
"CR-0000089548","ACV-0000183087","M","27","","None","Driver","Had Been Drinking - Under Influence","East","Proceeding Straight","Car","Other Violation","1","22350","Speeding"
"CR-0000089571","ACV-0000183140","M","51","","Minor","Driver","Had Not Been Drinking","North","Making Left Turn","Car","Unknown","1","Not Applicable","Not Applicable"
"CR-0000089577","ACV-0000183154","F","27","","Major","Driver","Had Not Been Drinking","East","Proceeding Straight","Car","Unknown","1","Not Applicable","Not Applicable"
"CR-0000089552","ACV-0000183098","","0","","Moderate","Parked","Not Applicable","Not Applicable","Parked","Panel Truck","Unknown","1","Not Applicable","Not Applicable"
"CR-0000089552","ACV-0000183095","","0","","Moderate","Parked","Not Applicable","Not Applicable","Parked","Other","Unknown","1","Not Applicable","Not Applicable"
"CR-0000089578","ACV-0000183156","M","21","","Moderate","Driver","Had Not Been Drinking","South","Proceeding Straight","Car","Unknown","1","12500","Unlicensed Driver"
"CR-0000089558","ACV-0000183114","","0","","Major","Driver","Impairment Not Known","East","Proceeding Straight","Car","Other Violation","1","22107","Unsafe Turn Movement"
"CR-0000089573","ACV-0000183144","F","35","","Unknown","Driver","Impairment Not Known","South","Making Left Turn","Car","Unknown","1","Not Applicable","Not Applicable"
"CR-0000089562","ACV-0000183123","M","56","","Not Applicable","Pedestrian","Had Been Drinking - Under Influence","East","Other (Ped)","Pedestrian","Unknown","1","Not Applicable","Not Applicable"
"CR-0000089554","ACV-0000183102","M","23","","Minor","Driver","Had Not Been Drinking","South","Passing Other Vehicles","Car","None Apparent","1","21651","Divided Highway"
"CR-0000089566","ACV-0000183130","","0","","Unknown","Driver","Impairment Not Known","North","Proceeding Straight","Car","Other Violation","1","22350","Speeding"
"CR-0000089565","ACV-0000183128","F","52","","Minor","Driver","Impairment Not Known","North","Proceeding Straight","Car","None Apparent","1","22350","Speeding"
"CR-0000089576","ACV-0000183152","M","7","","Not Applicable","Pedestrian","Had Not Been Drinking","West","Proceeding Straight","Pedestrian","Unknown","1","Not Applicable","Not Applicable"
"CR-0000089543","ACV-0000183078","","0","","Minor","Driver","Not Applicable","Not Applicable","Parked","Car","None Apparent","1","Not Applicable","Not Applicable"
"CR-0000089556","ACV-0000183109","M","33","","Unknown","Driver","Impairment Not Known","South","Ran Off Road","Car","Other Violation","1","22350","Speeding"
"CR-0000089581","ACV-0000183164","F","31","","Minor","Driver","Had Not Been Drinking","East","Stopped","Car","Unknown","1","Not Applicable","Not Applicable"
"CR-0000089565","ACV-0000183129","F","39","","Minor","Driver","Impairment Not Known","North","Stopped","Car","None Apparent","1","Not Applicable","Not Applicable"
"CR-0000089569","ACV-0000183136","M","0","","Minor","Parked","Not Applicable","Not Applicable","Parked","Car","Unknown","1","Not Applicable","Not Applicable"
"CR-0000089566","ACV-0000183131","","0","","Minor","Parked","Not Applicable","Not Applicable","Parked","Car","Unknown","1","Not Applicable","Not Applicable"
"CR-0000089544","ACV-0000183080","F","72","","Not Applicable","Pedestrian","Impairment Not Known","North","Proceeding Straight","Pedestrian","None Apparent","1","Not Applicable","Not Applicable"
"CR-0000089557","ACV-0000183113","","0","","Minor","Parked","Not Applicable","Not Applicable","Parked","Car","Unknown","1","Not Applicable","Not Applicable"
"CR-0000089555","ACV-0000183107","","0","","Minor","Parked","Not Applicable","Not Applicable","Parked","Car","Unknown","1","Not Applicable","Not Applicable"
"CR-0000089564","ACV-0000183127","M","27","","Major","Parked","Not Applicable","Not Applicable","Parked","Car","Unknown","1","Not Applicable","Not Applicable"
"CR-0000089574","ACV-0000183145","","0","","Unknown","Driver","Impairment Not Known","West","Proceeding Straight","Car","Other Violation","1","22107","Unsafe Turn Movement"
"CR-0000089560","ACV-0000183118","M","50","","Moderate","Driver","Had Not Been Drinking","West","Proceeding Straight","Car","Inattention","1","21453","Run Red Light"
"CR-0000089579","ACV-0000183157","M","22","","Moderate","Driver","Impairment Not Known","South","Proceeding Straight","Car","None Apparent","1","22107","Unsafe Turn Movement"
"CR-0000089549","ACV-0000183089","M","20","","Major","Driver","Had Not Been Drinking","South","Making Left Turn","Car","None Apparent","1","22350","Speeding"
"CR-0000089554","ACV-0000183103","M","52","","Moderate","Driver","Had Not Been Drinking","South","Making U-Turn","Panel Truck","None Apparent","1","Not Applicable","Not Applicable"
"CR-0000089555","ACV-0000183108","","0","","Major","Parked","Not Applicable","Not Applicable","Parked","Car","Unknown","1","Not Applicable","Not Applicable"
"CR-0000089575","ACV-0000183149","F","26","","Moderate","Driver","Had Not Been Drinking","North","Proceeding Straight","Car","None Apparent","1","Not Applicable","Not Applicable"
"CR-0000089576","ACV-0000183150","M","62","","Minor","Driver","Had Not Been Drinking","West","Making Left Turn","Car","Unknown","1","21950","Yield Pedestrian In Crosswalk"
"CR-0000089575","ACV-0000183147","M","56","","Moderate","Driver","Had Not Been Drinking","North","Proceeding Straight","Panel Truck","Other Violation","1","22350","Speeding"
"CR-0000089551","ACV-0000183093","F","83","","Moderate","Driver","Had Not Been Drinking","East","Proceeding Straight","Car","None Apparent","1","Not Applicable","Not Applicable"
"CR-0000089563","ACV-0000183125","M","21","","Minor","Driver","Impairment Not Known","East","Entering Traffic","Bus - School","None Apparent","1","Not Applicable","Not Applicable"
"CR-0000089567","ACV-0000183132","M","59","","Not Applicable","Pedestrian","Impairment Not Known","North","Other (Ped)","Pedestrian","None Apparent","1","21955","Crossing Controlled Intersection/Jaywalking"
"CR-0000089579","ACV-0000183160","M","31","","Minor","Parked","Not Applicable","Not Applicable","Parked","Panel Truck","None Apparent","1","Not Applicable","Not Applicable"
"CR-0000089550","ACV-0000183091","M","27","","Major","Driver","Had Not Been Drinking","South","Making Left Turn","Car","None Apparent","1","Not Applicable","Not Applicable"
"CR-0000089544","ACV-0000183079","M","72","","None","Driver","Impairment Not Known","East","Making Right Turn","Car","Inattention","1","21950","Yield Pedestrian In Crosswalk"
"CR-0000089573","ACV-0000183143","F","0","","Unknown","Driver","Impairment Not Known","North","Proceeding Straight","Car","Unknown","1","Unknown","Unknown"
"CR-0000089576","ACV-0000183151","F","46","","Not Applicable","Pedestrian","Had Not Been Drinking","West","Proceeding Straight","Pedestrian","Unknown","1","Not Applicable","Not Applicable"
"CR-0000089575","ACV-0000183148","F","64","","Major","Driver","Had Not Been Drinking","North","Proceeding Straight","Car","None Apparent","1","Not Applicable","Not Applicable"
"CR-0000089571","ACV-0000183139","M","37","","Minor","Driver","Impairment Not Known","East","Proceeding Straight","Motorcycle/Moped","Other Violation","1","22450","Fail Stop/Sign"
"CR-0000089563","ACV-0000183124","M","16","","Not Applicable","Bicycle","Impairment Not Known","North","Proceeding Straight","Bicycle","None Apparent","1","21650","Driving Wrong Side"
"CR-0000089547","ACV-0000183086","","0","","Minor","Parked","Not Applicable","Not Applicable","Parked","Car","Unknown","1","Not Applicable","Not Applicable"
"CR-0000089531","ACV-0000183104","F","60","","Minor","Driver","Had Not Been Drinking","East","Changing Lanes","Car","Other Violation","1","22107","Unsafe Turn Movement"
"CR-0000089546","ACV-0000183082","F","87","","Major","Driver","Impairment Not Known","North","Proceeding Straight","Car","Unknown","1","22350","Speeding"
"CR-0000089552","ACV-0000183097","","0","","Minor","Parked","Not Applicable","Not Applicable","Parked","Car","Unknown","1","Not Applicable","Not Applicable"
"CR-0000089558","ACV-0000183115","","0","","Major","Parked","Not Applicable","Not Applicable","Parked","Car","Unknown","1","Not Applicable","Not Applicable"
"CR-0000089570","ACV-0000183137","M","39","","Minor","Driver","Had Been Drinking - Under Influence","North","Making Right Turn","Car","Other Violation","1","22107","Unsafe Turn Movement"
"CR-0000089543","ACV-0000183076","M","38","","Minor","Driver","Had Been Drinking - Under Influence","East","Proceeding Straight","Car","None Apparent","1","23152","Driving Drunk"
"CR-0000089552","ACV-0000183094","M","21","","Major","Driver","Had Been Drinking - Under Influence","West","Other Unsafe Turning","Car","None Apparent","1","23152","Driving Drunk"
"CR-0000089609","ACV-0000183217","M","19","","Major","Driver","Had Not Been Drinking","North","Proceeding Straight","Car","Unknown","1","12500","Unlicensed Driver"
"CR-0000089602","ACV-0000183204","F","22","","Moderate","Driver","Had Not Been Drinking","North","Proceeding Straight","Car","None Apparent","1","Not Applicable","Not Applicable"