"CrashName","Name","Sex","Age","Speed","VehicleDamage","PartyCategory","Sobriety","VehicleDirection","MovementPrecedingCollision","PartyType","OtherAssociatedFactor","VehicleCount","ViolationCode","ViolationCodeDescription"
"CR-0000090159","ACV-0000184242","M","21","","Major","Driver","Had Not Been Drinking","East","Making Left Turn","Car","None Apparent","1","Not Applicable","Not Applicable"
"CR-0000090142","ACV-0000184211","F","42","","Moderate","Driver","Had Not Been Drinking","South","Proceeding Straight","Car","Unknown","1","Not Applicable","Not Applicable"
"CR-0000090143","ACV-0000184213","M","20","","Not Applicable","Pedestrian","Had Been Drinking - Under Influence","Unknown","Stopped","Pedestrian","None Apparent","1","Not Applicable","Not Applicable"
"CR-0000090144","ACV-0000184214","F","0","","Unknown","Driver","Impairment Not Known","West","Making Right Turn","Unknown","Other Violation","1","21950","Yield Pedestrian In Crosswalk"
"CR-0000090145","ACV-0000184216","","0","","Unknown","Driver","Impairment Not Known","West","Other Unsafe Turning","Unknown","Unknown","1","Unknown","Unknown"
"CR-0000090145","ACV-0000184217","M","29","","Unknown","Driver","Not Applicable","Not Applicable","Parked","Car","Unknown","1","Not Applicable","Not Applicable"
"CR-0000090146","ACV-0000184219","F","25","","Unknown","Driver","Impairment Not Known","East","Making Left Turn","Car","Unknown","1","Unknown","Unknown"
"CR-0000090160","ACV-0000184243","","0","","Unknown","Driver","Impairment Not Known","North","Making Right Turn","Car","Unknown","1","Unknown","Unknown"
"CR-0000090161","ACV-0000184245","","0","","Unknown","Driver","Impairment Not Known","South","Proceeding Straight","Car","Other Violation","1","22350","Speeding"
"CR-0000090163","ACV-0000184252","M","0","","Unknown","Parked","Not Applicable","Not Applicable","Parked","Car","Unknown","1","Not Applicable","Not Applicable"
"CR-0000090164","ACV-0000184253","F","0","","Unknown","Driver","Impairment Not Known","West","Proceeding Straight","Car","Unknown","1","Unknown","Unknown"
"CR-0000090164","ACV-0000184254","F","30","","Unknown","Driver","Impairment Not Known","West","Stopped","Car","Unknown","1","Unknown","Unknown"
"CR-0000090168","ACV-0000184260","M","64","","Unknown","Driver","Impairment Not Known","East","Stopped","Unknown","None Apparent","1","Unknown","Unknown"
"CR-0000090142","ACV-0000184210","","0","","Moderate","Driver","Impairment Not Known","East","Making Right Turn","Car","Other Violation;Inattention","1","21804","Yield From Driveway/Curb"
"CR-0000090144","ACV-0000184215","M","28","","Not Applicable","Pedestrian","Had Not Been Drinking","East","Other (Ped)","Pedestrian","Unknown","1","Not Applicable","Not Applicable"
"CR-0000090147","ACV-0000184221","F","37","","Unknown","Driver","Impairment Not Known","East","Proceeding Straight","Car","Unknown","1","Unknown","Unknown"
"CR-0000090148","ACV-0000184223","M","50","","Unknown","Parked","Not Applicable","Not Applicable","Parked","Panel Truck","Unknown","1","Unknown","Unknown"
"CR-0000090152","ACV-0000184228","F","20","","Minor","Driver","Impairment Not Known","North","Proceeding Straight","Car","Other Violation","1","23103","Reckless Driving 2"
"CR-0000090152","ACV-0000184230","","0","","Not Applicable","Pedestrian","Impairment Not Known","Unknown","Other (Ped)","Pedestrian","Unknown","1","Not Applicable","Not Applicable"
"CR-0000090153","ACV-0000184232","M","29","","Major","Driver","Impairment Not Known","South","Proceeding Straight","Motorcycle/Moped","Unknown","1","Not Applicable","Not Applicable"
"CR-0000090154","ACV-0000184234","M","22","","Moderate","Driver","Had Not Been Drinking","South","Proceeding Straight","Car","None Apparent","1","Not Applicable","Not Applicable"
"CR-0000090158","ACV-0000184239","","0","","Unknown","Driver","Impairment Not Known","North","Making Left Turn","Unknown","Unknown","1","Unknown","Unknown"
"CR-0000090162","ACV-0000184248","F","45","","Moderate","Driver","Impairment Not Known","Unknown","Proceeding Straight","Car","Unknown","1","Unknown","Unknown"
"CR-0000090163","ACV-0000184250","","0","","Unknown","Driver","Impairment Not Known","Unknown","Unknown","Unknown","Unknown","1","Unknown","Unknown"
"CR-0000090166","ACV-0000184257","","0","","Unknown","Driver","Impairment Not Known","Unknown","Other Unsafe Turning","Panel Truck","Other Violation","1","22107","Unsafe Turn Movement"
"CR-0000090169","ACV-0000184262","M","25","","Unknown","Driver","Impairment Not Known","North","Stopped","Car","Unknown","1","Unknown","Unknown"
"CR-0000090143","ACV-0000184212","","0","","Unknown","Driver","Impairment Not Known","Unknown","Other Unsafe Turning","Car","Other Violation","1","23103","Reckless Driving 2"
"CR-0000090146","ACV-0000184218","","0","","Unknown","Driver","Impairment Not Known","West","Making Right Turn","Car","Unknown","1","Unknown","Unknown"
"CR-0000090147","ACV-0000184220","F","0","","Unknown","Driver","Impairment Not Known","North","Proceeding Straight","Car","Unknown","1","Unknown","Unknown"
"CR-0000090152","ACV-0000184229","","0","","Not Applicable","Pedestrian","Impairment Not Known","Unknown","Other (Ped)","Pedestrian","Unknown","1","Not Applicable","Not Applicable"
"CR-0000090153","ACV-0000184231","","0","","Unknown","Driver","Impairment Not Known","North","Making Left Turn","Car","Other Violation","1","22107","Unsafe Turn Movement"
"CR-0000090154","ACV-0000184233","","0","","Moderate","Driver","Impairment Not Known","East","Proceeding Straight","Car","Other Violation","1","21453","Run Red Light"
"CR-0000090160","ACV-0000184244","F","27","","Unknown","Driver","Impairment Not Known","East","Other","Car","Unknown","1","Unknown","Unknown"
"CR-0000090162","ACV-0000184249","M","30","","Unknown","Driver","Impairment Not Known","Unknown","Proceeding Straight","Car","Unknown","1","Unknown","Unknown"
"CR-0000090165","ACV-0000184255","M","25","","Major","Driver","Had Not Been Drinking","East","Other Unsafe Turning","Car","Other Violation","1","22107","Unsafe Turn Movement"
"CR-0000090165","ACV-0000184256","F","0","","Major","Parked","Not Applicable","Not Applicable","Parked","Car","None Apparent","1","Not Applicable","Not Applicable"
"CR-0000090166","ACV-0000184258","","0","","Moderate","Parked","Not Applicable","Not Applicable","Parked","Car","None Apparent","1","Not Applicable","Not Applicable"
"CR-0000090161","ACV-0000184246","F","27","","Not Applicable","Pedestrian","Had Not Been Drinking","North","Other (Ped)","Pedestrian","Unknown","1","Not Applicable","Not Applicable"
"CR-0000090162","ACV-0000184247","F","0","","Unknown","Driver","Impairment Not Known","Unknown","Proceeding Straight","Car","Unknown","1","Unknown","Unknown"
"CR-0000090163","ACV-0000184251","","0","","Unknown","Driver","Impairment Not Known","Unknown","Unknown","Car","Unknown","1","Unknown","Unknown"
"CR-0000090169","ACV-0000184261","","0","","Unknown","Driver","Impairment Not Known","North","Proceeding Straight","Car","Unknown","1","Unknown","Unknown"
"CR-0000090168","ACV-0000184259","","0","","Unknown","Driver","Impairment Not Known","East","Making Right Turn","Car","None Apparent","1","Unknown","Unknown"
"CR-0000090170","ACV-0000184263","F","37","","Unknown","Driver","Impairment Not Known","West","Entering Traffic","Car","Unknown","1","Unknown","Unknown"
"CR-0000090170","ACV-0000184264","F","55","","Unknown","Driver","Impairment Not Known","North","Proceeding Straight","Car","Unknown","1","Unknown","Unknown"
"CR-0000090174","ACV-0000184272","M","0","","Moderate","Driver","Impairment Not Known","West","Stopped","Emergency Vehicle","Unknown","1","Not Applicable","Not Applicable"
"CR-0000090175","ACV-0000184274","F","21","","Minor","Driver","Impairment Not Known","East","Making Right Turn","Car","Unknown","1","Unknown","Unknown"
"CR-0000090178","ACV-0000184281","M","34","","Moderate","Driver","Had Not Been Drinking","East","Stopped","Car","None Apparent","1","Not Applicable","Not Applicable"
"CR-0000090171","ACV-0000184265","","0","","Unknown","Driver","Impairment Not Known","East","Proceeding Straight","Unknown","None Apparent","1","21453","Run Red Light"
"CR-0000090175","ACV-0000184273","","0","","Unknown","Driver","Impairment Not Known","East","Changing Lanes","Car","Unknown","1","Unknown","Unknown"
"CR-0000090176","ACV-0000184275","M","25","","Moderate","Driver","Had Not Been Drinking","North","Proceeding Straight","Car","None Apparent","1","21755","Pass On Right"
"CR-0000090178","ACV-0000184280","","0","","Major","Driver","Impairment Not Known","East","Proceeding Straight","Panel Truck","Other Violation","1","22350","Speeding"
"CR-0000090173","ACV-0000184270","M","22","","Unknown","Driver","Impairment Not Known","South","Unknown","Car","Unknown","1","Unknown","Unknown"
"CR-0000090176","ACV-0000184276","M","53","","Minor","Driver","Had Not Been Drinking","North","Making Right Turn","Emergency Vehicle","None Apparent","1","Not Applicable","Not Applicable"
"CR-0000090177","ACV-0000184277","M","78","","Major","Driver","Had Been Drinking - Under Influence","Unknown","Proceeding Straight","Car","Other Violation","1","22350","Speeding"
"CR-0000090177","ACV-0000184278","F","18","","Major","Parked","Not Applicable","Not Applicable","Parked","Car","None Apparent","1","Not Applicable","Not Applicable"
"CR-0000090177","ACV-0000184279","","0","","Moderate","Parked","Not Applicable","Not Applicable","Parked","Car","None Apparent","1","Not Applicable","Not Applicable"
"CR-0000090171","ACV-0000184266","M","38","","Moderate","Driver","Had Not Been Drinking","West","Making Left Turn","Panel Truck","None Apparent","1","Not Applicable","Not Applicable"
"CR-0000090173","ACV-0000184269","M","64","","Unknown","Driver","Impairment Not Known","South","Unknown","Car","Unknown","1","Unknown","Unknown"
"CR-0000090174","ACV-0000184271","M","42","","Moderate","Driver","Impairment Not Known","West","Proceeding Straight","Panel Truck","Other Violation;Inattention","1","22350","Speeding"
"CR-0000090181","ACV-0000184286","","0","","Unknown","Driver","Impairment Not Known","North","Unknown","Unknown","Unknown","1","Unknown","Unknown"
"CR-0000090184","ACV-0000184294","M","39","","Minor","Driver","Had Not Been Drinking","East","Proceeding Straight","Car","None Apparent","1","Not Applicable","Not Applicable"
"CR-0000090185","ACV-0000184296","F","61","","Not Applicable","Pedestrian","Impairment Not Known","South","Other (Ped)","Pedestrian","None Apparent","1","21954","Pedestrian Yield Car"
"CR-0000090188","ACV-0000184301","","0","","Unknown","Driver","Impairment Not Known","North","Backing","Panel Truck","Unknown","1","Unknown","Unknown"
"CR-0000090189","ACV-0000184304","F","40","","Minor","Driver","Had Not Been Drinking","West","Making Right Turn","Car","None Apparent","1","Not Applicable","Not Applicable"
"CR-0000090190","ACV-0000184305","","0","","Moderate","Driver","Impairment Not Known","East","Entering Traffic","Car","Other Violation","1","21804","Yield From Driveway/Curb"
"CR-0000090194","ACV-0000184314","","0","","Unknown","Driver","Impairment Not Known","North","Other Unsafe Turning","Car","Other Violation","1","22107","Unsafe Turn Movement"
"CR-0000090195","ACV-0000184316","M","23","","Unknown","Driver","Impairment Not Known","East","Proceeding Straight","Car","Unknown","1","Unknown","Unknown"
"CR-0000090200","ACV-0000184325","M","59","","Unknown","Driver","Impairment Not Known","West","Making Left Turn","Car","Unknown;None Apparent","1","Unknown","Unknown"
"CR-0000090201","ACV-0000184327","","0","","Major","Driver","Impairment Not Known","North","Traveling Wrong Way","Car","Other Violation","1","21651","Divided Highway"
"CR-0000090181","ACV-0000184287","F","37","","Unknown","Driver","Impairment Not Known","North","Changing Lanes","Car","Unknown","1","Unknown","Unknown"
"CR-0000090185","ACV-0000184295","M","59","","None","Driver","Impairment Not Known","West","Making Left Turn","Car","None Apparent","1","Not Applicable","Not Applicable"
"CR-0000090186","ACV-0000184297","","0","","Unknown","Driver","Impairment Not Known","North","Proceeding Straight","Car","Other Violation","1","22350","Speeding"
"CR-0000090186","ACV-0000184298","M","60","","Not Applicable","Pedestrian","Had Been Drinking - Under Influence","East","Other (Ped)","Pedestrian","Unknown","1","Not Applicable","Not Applicable"
"CR-0000090187","ACV-0000184299","","0","","Unknown","Driver","Impairment Not Known","Unknown","Other","Unknown","Unknown","1","Unknown","Unknown"
"CR-0000090187","ACV-0000184300","","0","","Unknown","Parked","Impairment Not Known","Not Applicable","Parked","Car","Unknown","1","Unknown","Unknown"
"CR-0000090194","ACV-0000184315","M","32","","Major","Driver","Impairment Not Known","North","Proceeding Straight","Motorcycle/Moped","Other Violation","1","Not Applicable","Not Applicable"
"CR-0000090195","ACV-0000184317","M","25","","Unknown","Driver","Impairment Not Known","West","Making Left Turn","Car","Unknown","1","Unknown","Unknown"
"CR-0000090196","ACV-0000184318","","0","","Unknown","Driver","Impairment Not Known","North","Other Unsafe Turning","Panel Truck","Unknown","1","Unknown","Unknown"
"CR-0000090201","ACV-0000184328","M","19","","Major","Driver","Had Not Been Drinking","South","Proceeding Straight","Car","Unknown","1","Not Applicable","Not Applicable"
"CR-0000090202","ACV-0000184329","M","0","","Minor","Driver","Impairment Not Known","South","Proceeding Straight","Car","Other Violation","1","21453","Run Red Light"
"CR-0000090202","ACV-0000184330","F","47","","Moderate","Driver","Impairment Not Known","East","Proceeding Straight","Car","None Apparent","1","Not Applicable","Not Applicable"
"CR-0000090179","ACV-0000184282","M","61","","Unknown","Driver","Impairment Not Known","East","Proceeding Straight","Car","None Apparent","1","Unknown","Unknown"
"CR-0000090179","ACV-0000184283","M","19","","Unknown","Driver","Impairment Not Known","North","Proceeding Straight","Panel Truck","None Apparent","1","Unknown","Unknown"
"CR-0000090182","ACV-0000184289","M","25","","Unknown","Driver","Impairment Not Known","East","Stopped","Car","None Apparent","1","Unknown","Unknown"
"CR-0000090182","ACV-0000184290","F","0","","Unknown","Driver","Impairment Not Known","East","Proceeding Straight","Car","None Apparent","1","Unknown","Unknown"
"CR-0000090183","ACV-0000184292","M","70","","Unknown","Driver","Impairment Not Known","North","Stopped","Car","None Apparent","1","Unknown","Unknown"
"CR-0000090191","ACV-0000184307","F","27","","Unknown","Driver","Impairment Not Known","East","Entering Traffic","Car","Unknown","1","Unknown","Unknown"
"CR-0000090192","ACV-0000184309","M","26","","Major","Driver","Had Been Drinking - Under Influence","West","Proceeding Straight","Car","Other Violation","1","21453","Run Red Light"
"CR-0000090192","ACV-0000184310","F","32","","Major","Driver","Had Not Been Drinking","East","Making Left Turn","Car","Unknown","1","Not Applicable","Not Applicable"
"CR-0000090193","ACV-0000184312","M","31","","Moderate","Driver","Had Not Been Drinking","North","Slowing/Stopping","Car","Unknown","1","21703","Follow Too Closely"
"CR-0000090196","ACV-0000184319","F","21","","Unknown","Driver","Impairment Not Known","North","Proceeding Straight","Car","None Apparent","1","Unknown","Unknown"
"CR-0000090197","ACV-0000184320","","0","","Unknown","Driver","Impairment Not Known","South","Proceeding Straight","Car","Unknown","1","Unknown","Unknown"
"CR-0000090180","ACV-0000184284","","0","","Unknown","Unknown","Impairment Not Known","Unknown","Making Right Turn","Unknown","Unknown","1","Unknown","Unknown"
"CR-0000090180","ACV-0000184285","M","36","","Unknown","Parked","Not Applicable","Not Applicable","Parked","Car","Unknown","1","Unknown","Unknown"
"CR-0000090182","ACV-0000184288","M","0","","Unknown","Driver","Impairment Not Known","East","Proceeding Straight","Car","None Apparent","1","Unknown","Unknown"
"CR-0000090183","ACV-0000184291","M","0","","Unknown","Driver","Impairment Not Known","South","Backing","Car","Unknown","1","Unknown","Unknown"
"CR-0000090184","ACV-0000184293","","0","","Unknown","Driver","Impairment Not Known","North","Proceeding Straight","Unknown","Other Violation","1","21453","Run Red Light"
"CR-0000090188","ACV-0000184302","","0","","Unknown","Other","Not Applicable","Not Applicable","Parked","Car","Unknown","1","Not Applicable","Not Applicable"
"CR-0000090189","ACV-0000184303","F","56","","Minor","Driver","Had Not Been Drinking","West","Making Right Turn","Car","None Apparent","1","22350","Speeding"
"CR-0000090190","ACV-0000184306","F","35","","Moderate","Driver","Had Not Been Drinking","South","Proceeding Straight","Car","None Apparent","1","Not Applicable","Not Applicable"
"CR-0000090191","ACV-0000184308","M","54","","Unknown","Driver","Impairment Not Known","South","Stopped","Car","Unknown","1","Unknown","Unknown"
"CR-0000090192","ACV-0000184311","","0","","Minor","Parked","Not Applicable","Not Applicable","Parked","Car","Unknown","1","Not Applicable","Not Applicable"
"CR-0000090193","ACV-0000184313","F","32","","Minor","Driver","Had Not Been Drinking","North","Slowing/Stopping","Car","Unknown","1","22109","Stop Suddenly"
"CR-0000090199","ACV-0000184324","M","43","","Minor","Driver","Had Not Been Drinking","South","Proceeding Straight","Emergency Vehicle","None Apparent","1","Unknown","Unknown"
"CR-0000090200","ACV-0000184326","","0","","Unknown","Driver","Impairment Not Known","West","Making Left Turn","Car","Unknown","1","Unknown","Unknown"
"CR-0000090197","ACV-0000184321","M","54","","Unknown","Driver","Impairment Not Known","South","Proceeding Straight","Car","Unknown","1","Unknown","Unknown"
"CR-0000090198","ACV-0000184322","","0","","Unknown","Driver","Impairment Not Known","Unknown","Other Unsafe Turning","Panel Truck","Unknown","1","Unknown","Unknown"
"CR-0000090198","ACV-0000184323","M","27","","Unknown","Driver","Impairment Not Known","Unknown","Entering Traffic","Car","Unknown","1","Unknown","Unknown"
"CR-0000090203","ACV-0000184331","","0","","Not Applicable","Bicycle","Impairment Not Known","Unknown","Proceeding Straight","Bicycle","Unknown","1","Unknown","Unknown"
"CR-0000090204","ACV-0000184333","M","23","","Moderate","Driver","Impairment Not Known","South","Proceeding Straight","Panel Truck","Inattention","1","22350","Speeding"
"CR-0000090209","ACV-0000184343","","0","","Unknown","Driver","Impairment Not Known","Unknown","Unknown","Unknown","Unknown","1","Unknown","Unknown"
"CR-0000090210","ACV-0000184347","","0","","Unknown","Parked","Not Applicable","Not Applicable","Parked","Car","Unknown","1","Not Applicable","Not Applicable"
"CR-0000090212","ACV-0000184350","","0","","Major","Driver","Impairment Not Known","Unknown","Unknown","Car","Other Violation","1","Unknown","Unknown"
"CR-0000090213","ACV-0000184352","","0","","Unknown","Driver","Impairment Not Known","East","Proceeding Straight","Car","Other Violation","1","Not Applicable","Not Applicable"
"CR-0000090219","ACV-0000184365","F","21","","Major","Driver","Had Not Been Drinking","North","Proceeding Straight","Car","Unknown","1","Not Applicable","Not Applicable"
"CR-0000090222","ACV-0000184372","","0","","Moderate","Parked","Not Applicable","Not Applicable","Parked","Car","None Apparent","1","Not Applicable","Not Applicable"
"CR-0000090222","ACV-0000184374","","0","","None","Parked","Not Applicable","Not Applicable","Parked","Car","None Apparent","1","Not Applicable","Not Applicable"
"CR-0000090226","ACV-0000184381","M","28","","Unknown","Driver","Impairment Not Known","North","Proceeding Straight","Car","Unknown","1","Unknown","Unknown"
"CR-0000090205","ACV-0000184336","F","56","","Unknown","Driver","Impairment Not Known","North","Stopped","Car","None Apparent","1","Unknown","Unknown"
"CR-0000090206","ACV-0000184337","","0","","Moderate","Driver","Impairment Not Known","East","Making Left Turn","Car","None Apparent","1","21801","Yield Left Turn"
"CR-0000090208","ACV-0000184342","","0","","Unknown","Parked","Impairment Not Known","Not Applicable","Parked","Car","Unknown","1","Not Applicable","Not Applicable"
"CR-0000090209","ACV-0000184345","","0","","Unknown","Parked","Not Applicable","Not Applicable","Parked","Car","Unknown","1","Unknown","Unknown"
"CR-0000090216","ACV-0000184359","M","21","","Unknown","Driver","Impairment Not Known","West","Proceeding Straight","Car","Unknown","1","Unknown","Unknown"
"CR-0000090219","ACV-0000184364","","0","","Major","Driver","Impairment Not Known","East","Proceeding Straight","Car","Other Violation","1","21453","Run Red Light"
"CR-0000090219","ACV-0000184366","","0","","Minor","Parked","Not Applicable","Not Applicable","Parked","Panel Truck","Unknown","1","Not Applicable","Not Applicable"
"CR-0000090222","ACV-0000184371","","0","","Moderate","Driver","Impairment Not Known","South","Unknown","Car","Other Violation","1","22350","Speeding"
"CR-0000090222","ACV-0000184373","","0","","Moderate","Parked","Not Applicable","Not Applicable","Parked","Car","None Apparent","1","Not Applicable","Not Applicable"
"CR-0000090225","ACV-0000184380","F","27","","Unknown","Driver","Impairment Not Known","North","Proceeding Straight","Car","Unknown","1","Unknown","Unknown"
"CR-0000090226","ACV-0000184382","","0","","Unknown","Driver","Impairment Not Known","Unknown","Unknown","Panel Truck","Unknown","1","Unknown","Unknown"
"CR-0000090206","ACV-0000184338","M","37","","Moderate","Driver","Had Not Been Drinking","West","Proceeding Straight","Car","None Apparent","1","Not Applicable","Not Applicable"
"CR-0000090207","ACV-0000184339","M","0","","None","Driver","Had Not Been Drinking","North","Parking Maneuver","Semi Truck","None Apparent","1","22106","Unsafe Backing"
"CR-0000090207","ACV-0000184340","","0","","Minor","Parked","Not Applicable","Not Applicable","Parked","Panel Truck","None Apparent","1","Not Applicable","Not Applicable"
"CR-0000090208","ACV-0000184341","M","33","","Unknown","Driver","Impairment Not Known","East","Traveling Wrong Way","Car","Unknown","1","Unknown","Unknown"
"CR-0000090209","ACV-0000184344","M","0","","Unknown","Parked","Not Applicable","Not Applicable","Parked","Car","Unknown","1","Not Applicable","Not Applicable"
"CR-0000090214","ACV-0000184355","M","19","","Major","Driver","Had Not Been Drinking","South","Making Left Turn","Car","Unknown","1","Not Applicable","Not Applicable"
"CR-0000090214","ACV-0000184354","M","22","","Major","Driver","Had Been Drinking - Under Influence","West","Proceeding Straight","Panel Truck","Unknown","1","21453","Run Red Light"
"CR-0000090215","ACV-0000184356","M","24","","Major","Driver","Impairment Not Known","South","Proceeding Straight","Car","None Apparent","1","21453","Run Red Light"
"CR-0000090215","ACV-0000184357","M","29","","Major","Driver","Had Not Been Drinking","North","Making Left Turn","Car","None Apparent","1","Not Applicable","Not Applicable"
"CR-0000090216","ACV-0000184358","F","56","","Unknown","Driver","Impairment Not Known","North","Proceeding Straight","Car","Unknown","1","Unknown","Unknown"
"CR-0000090220","ACV-0000184367","M","0","","Moderate","Driver","Impairment Not Known","West","Proceeding Straight","Unknown","Other Violation","1","22350","Speeding"
"CR-0000090220","ACV-0000184368","F","47","","Moderate","Driver","Had Not Been Drinking","West","Stopped","Car","None Apparent","1","Not Applicable","Not Applicable"
"CR-0000090227","ACV-0000184383","","0","","Unknown","Driver","Impairment Not Known","Unknown","Other Unsafe Turning","Panel Truck","Unknown","1","Unknown","Unknown"
"CR-0000090203","ACV-0000184332","F","39","","Unknown","Driver","Impairment Not Known","Unknown","Proceeding Straight","Car","Unknown","1","Unknown","Unknown"
"CR-0000090204","ACV-0000184334","F","48","","Minor","Driver","Impairment Not Known","South","Stopped","Car","None Apparent","1","Not Applicable","Not Applicable"
"CR-0000090205","ACV-0000184335","","0","","Unknown","Driver","Impairment Not Known","North","Proceeding Straight","Panel Truck","Unknown","1","Unknown","Unknown"
"CR-0000090210","ACV-0000184346","","0","","Unknown","Driver","Impairment Not Known","Unknown","Proceeding Straight","Panel Truck","Unknown","1","Unknown","Unknown"
"CR-0000090211","ACV-0000184348","","0","","Unknown","Driver","Impairment Not Known","Unknown","Unknown","Unknown","Unknown","1","Unknown","Unknown"
"CR-0000090211","ACV-0000184349","","0","","Unknown","Parked","Not Applicable","Not Applicable","Parked","Car","Unknown","1","Not Applicable","Not Applicable"
"CR-0000090212","ACV-0000184351","M","65","","Major","Driver","Had Not Been Drinking","North","Parked","Car","Unknown","1","Not Applicable","Not Applicable"
"CR-0000090213","ACV-0000184353","M","69","","Not Applicable","Pedestrian","Impairment Not Known","North","Other (Ped)","Pedestrian","Unknown","1","21954","Pedestrian Yield Car"
"CR-0000090217","ACV-0000184360","M","0","","Unknown","Driver","Impairment Not Known","Unknown","Proceeding Straight","Car","Unknown","1","Unknown","Unknown"
"CR-0000090217","ACV-0000184361","F","32","","Unknown","Driver","Impairment Not Known","Unknown","Stopped","Unknown","Unknown","1","Unknown","Unknown"
"CR-0000090218","ACV-0000184362","","0","","Unknown","Driver","Impairment Not Known","West","Backing","Car","None Apparent","1","Unknown","Unknown"
"CR-0000090218","ACV-0000184363","","0","","Unknown","Parked","Not Applicable","Not Applicable","Parked","Car","Unknown","1","Not Applicable","Not Applicable"
"CR-0000090221","ACV-0000184369","","0","","Unknown","Driver","Impairment Not Known","East","Unknown","Car","Unknown","1","Unknown","Unknown"
"CR-0000090221","ACV-0000184370","","37","","Unknown","Driver","Impairment Not Known","East","Stopped","Car","None Apparent","1","Unknown","Unknown"
"CR-0000090223","ACV-0000184375","","0","","Unknown","Driver","Impairment Not Known","East","Proceeding Straight","Unknown","Other Violation","1","Unknown","Unknown"
"CR-0000090223","ACV-0000184376","M","74","","Not Applicable","Bicycle","Impairment Not Known","North","Proceeding Straight","Scooter Motorized","Unknown","1","Not Applicable","Not Applicable"
"CR-0000090224","ACV-0000184377","F","63","","Minor","Driver","Impairment Not Known","East","Proceeding Straight","Car","Unknown","1","Unknown","Unknown"
"CR-0000090224","ACV-0000184378","F","46","","Unknown","Driver","Impairment Not Known","East","Stopped","Car","Unknown","1","Unknown","Unknown"
"CR-0000090225","ACV-0000184379","M","0","","Unknown","Driver","Impairment Not Known","North","Changing Lanes","Car","Unknown","1","Unknown","Unknown"
"CR-0000090227","ACV-0000184384","F","29","","Unknown","Driver","Impairment Not Known","Unknown","Making Right Turn","Car","Unknown","1","Unknown","Unknown"
"CR-0000090231","ACV-0000184391","F","53","","Unknown","Driver","Impairment Not Known","South","Proceeding Straight","Car","None Apparent","1","Not Applicable","Not Applicable"
"CR-0000090232","ACV-0000184393","F","25","","Unknown","Driver","Impairment Not Known","South","Stopped","Car","None Apparent","1","Not Applicable","Not Applicable"
"CR-0000090236","ACV-0000184400","M","0","","Unknown","Driver","Impairment Not Known","West","Proceeding Straight","Car","None Apparent","1","Unknown","Unknown"
"CR-0000090241","ACV-0000184407","M","0","","Unknown","Parked","Impairment Not Known","Not Applicable","Parked","Car","None Apparent","1","Not Applicable","Not Applicable"
"CR-0000090242","ACV-0000184408","M","28","","Unknown","Driver","Impairment Not Known","East","Slowing/Stopping","Car","None Apparent","1","Unknown","Unknown"
"CR-0000090246","ACV-0000184417","F","23","","Major","Driver","Not Applicable","South","Stopped","Car","None Apparent","1","Not Applicable","Not Applicable"
"CR-0000090248","ACV-0000184422","","0","","Unknown","Driver","Impairment Not Known","South","Making Right Turn","Car","Other Violation","1","21950","Yield Pedestrian In Crosswalk"
"CR-0000090248","ACV-0000184423","M","16","","Not Applicable","Bicycle","Impairment Not Known","North","Proceeding Straight","Bicycle","None Apparent","1","Not Applicable","Not Applicable"
"CR-0000090250","ACV-0000184427","","0","","Major","Parked","Not Applicable","Not Applicable","Parked","Car","Unknown","1","Not Applicable","Not Applicable"
"CR-0000090251","ACV-0000184428","","0","","Major","Driver","Impairment Not Known","West","Changing Lanes","Car","Other Violation","1","22107","Unsafe Turn Movement"
"CR-0000090230","ACV-0000184388","","0","","Unknown","Driver","Impairment Not Known","West","Making U-Turn","Car","None Apparent","1","Unknown","Unknown"
"CR-0000090231","ACV-0000184390","F","0","","Unknown","Driver","Impairment Not Known","East","Proceeding Straight","Car","None Apparent","1","Unknown","Unknown"
"CR-0000090232","ACV-0000184392","","0","","Unknown","Driver","Impairment Not Known","South","Backing","Panel Truck","None Apparent","1","Unknown","Unknown"
"CR-0000090233","ACV-0000184394","","0","","Unknown","Driver","Impairment Not Known","Unknown","Other","Unknown","None Apparent","1","Unknown","Unknown"
"CR-0000090235","ACV-0000184399","","0","","Unknown","Driver","Impairment Not Known","Unknown","Making Left Turn","Car","None Apparent","1","Unknown","Unknown"
"CR-0000090236","ACV-0000184401","M","28","","Unknown","Driver","Impairment Not Known","West","Stopped","Car","None Apparent","1","Not Applicable","Not Applicable"
"CR-0000090242","ACV-0000184409","M","66","","Unknown","Driver","Impairment Not Known","East","Stopped","Car","None Apparent","1","Not Applicable","Not Applicable"
"CR-0000090243","ACV-0000184411","M","60","","Unknown","Driver","Impairment Not Known","West","Stopped","Car","None Apparent","1","Not Applicable","Not Applicable"
"CR-0000090245","ACV-0000184414","M","0","","Unknown","Driver","Impairment Not Known","North","Making Left Turn","Unknown","None Apparent","1","Unknown","Unknown"
"CR-0000090246","ACV-0000184418","M","60","","Minor","Driver","Had Not Been Drinking","South","Stopped","Car","None Apparent","1","Not Applicable","Not Applicable"
"CR-0000090228","ACV-0000184385","F","0","","Unknown","Driver","Impairment Not Known","South","Making Right Turn","Unknown","None Apparent","1","Unknown","Unknown"
"CR-0000090228","ACV-0000184386","F","19","","Unknown","Driver","Impairment Not Known","North","Making Left Turn","Car","None Apparent","1","Not Applicable","Not Applicable"
"CR-0000090229","ACV-0000184387","M","0","","Minor","Driver","Not Applicable","South","Proceeding Straight","Emergency Vehicle","None Apparent","1","Unknown","Unknown"