"CrashName","Name","Sex","Age","Speed","VehicleDamage","PartyCategory","Sobriety","VehicleDirection","MovementPrecedingCollision","PartyType","OtherAssociatedFactor","VehicleCount","ViolationCode","ViolationCodeDescription"
"CR-0000090230","ACV-0000184389","","0","","Unknown","Parked","Not Applicable","Not Applicable","Parked","Car","None Apparent","1","Not Applicable","Not Applicable"
"CR-0000090237","ACV-0000184402","F","0","","Unknown","Driver","Impairment Not Known","South","Backing","Car","None Apparent","1","Unknown","Unknown"
"CR-0000090237","ACV-0000184403","M","39","","Unknown","Parked","Impairment Not Known","Not Applicable","Parked","Car","None Apparent","1","Not Applicable","Not Applicable"
"CR-0000090240","ACV-0000184404","F","0","","Unknown","Driver","Impairment Not Known","West","Making U-Turn","Car","None Apparent","1","Unknown","Unknown"
"CR-0000090240","ACV-0000184405","M","29","","Unknown","Driver","Impairment Not Known","East","Proceeding Straight","Car","None Apparent","1","Not Applicable","Not Applicable"
"CR-0000090241","ACV-0000184406","","0","","Unknown","Driver","Impairment Not Known","Unknown","Unknown","Unknown","None Apparent","1","Unknown","Unknown"
"CR-0000090243","ACV-0000184410","","0","","Unknown","Driver","Impairment Not Known","West","Proceeding Straight","Car","None Apparent","1","Unknown","Unknown"
"CR-0000090244","ACV-0000184413","M","79","","Major","Driver","Impairment Not Known","Not Applicable","Parked","Panel Truck","None Apparent","1","Not Applicable","Not Applicable"
"CR-0000090244","ACV-0000184412","M","28","","Major","Driver","Had Been Drinking - Under Influence","South","Proceeding Straight","Unknown","Other Violation","1","23152","Driving Drunk"
"CR-0000090233","ACV-0000184395","F","0","","Unknown","Parked","Impairment Not Known","Not Applicable","Parked","Car","None Apparent","1","Not Applicable","Not Applicable"
"CR-0000090234","ACV-0000184396","","0","","Unknown","Driver","Impairment Not Known","North","Proceeding Straight","Panel Truck","None Apparent","1","Unknown","Unknown"
"CR-0000090234","ACV-0000184397","M","59","","Unknown","Driver","Impairment Not Known","North","Stopped","Car","None Apparent","1","Not Applicable","Not Applicable"
"CR-0000090235","ACV-0000184398","F","19","","Unknown","Driver","Impairment Not Known","Unknown","Proceeding Straight","Car","None Apparent","1","Unknown","Unknown"
"CR-0000090246","ACV-0000184416","M","65","","Moderate","Driver","Had Not Been Drinking","South","Proceeding Straight","Car","Other Violation","1","22350","Speeding"
"CR-0000090247","ACV-0000184420","F","49","","Major","Driver","Had Not Been Drinking","East","Proceeding Straight","Car","None Apparent","1","Not Applicable","Not Applicable"
"CR-0000090247","ACV-0000184421","M","37","","Major","Driver","Had Not Been Drinking","West","Stopped","Car","None Apparent","1","Not Applicable","Not Applicable"
"CR-0000090247","ACV-0000184419","F","23","","Major","Driver","Had Been Drinking - Under Influence","West","Traveling Wrong Way","Car","Other Violation","1","00001","Other Improper Driving"
"CR-0000090250","ACV-0000184426","M","44","","Major","Driver","Had Been Drinking - Under Influence","South","Proceeding Straight","Car","Other Violation","1","22350","Speeding"
"CR-0000090251","ACV-0000184429","M","25","","Major","Driver","Impairment Not Known","West","Proceeding Straight","Car","Unknown","1","Not Applicable","Not Applicable"
"CR-0000090251","ACV-0000184430","","0","","Minor","Parked","Not Applicable","Not Applicable","Parked","Car","Unknown","1","Not Applicable","Not Applicable"
"CR-0000090252","ACV-0000184431","M","29","","Major","Driver","Impairment Not Known","South","Other Unsafe Turning","Car","Other Violation","1","22350","Speeding"
"CR-0000090249","ACV-0000184425","M","48","","Unknown","Driver","Had Not Been Drinking","East","Proceeding Straight","Motorcycle/Moped","None Apparent","1","Not Applicable","Not Applicable"
"CR-0000090252","ACV-0000184432","F","46","","Major","Driver","Had Not Been Drinking","North","Proceeding Straight","Car","None Apparent","1","Not Applicable","Not Applicable"
"CR-0000090245","ACV-0000184415","F","19","","Not Applicable","Driver","Impairment Not Known","North","Proceeding Straight","Car","None Apparent","1","Unknown","Unknown"
"CR-0000090249","ACV-0000184424","","0","","Unknown","Driver","Impairment Not Known","West","Making Left Turn","Unknown","Other Violation","1","22107","Unsafe Turn Movement"
"CR-0000090255","ACV-0000184436","M","44","","Unknown","Driver","Impairment Not Known","West","Proceeding Straight","Car","Unknown","1","Unknown","Unknown"
"CR-0000090258","ACV-0000184442","","0","","Unknown","Driver","Impairment Not Known","North","Proceeding Straight","Car","Other Violation","1","22107","Unsafe Turn Movement"
"CR-0000090256","ACV-0000184438","M","27","","Not Applicable","Bicycle","Impairment Not Known","North","Proceeding Straight","Bicycle","Unknown","1","Not Applicable","Not Applicable"
"CR-0000090257","ACV-0000184439","","0","","Moderate","Driver","Impairment Not Known","East","Making Left Turn","Unknown","Other Violation","1","21804","Yield From Driveway/Curb"
"CR-0000090261","ACV-0000184448","M","24","","Moderate","Driver","Had Been Drinking - Under Influence","East","Proceeding Straight","Unknown","Other Violation","1","23152","Driving Drunk"
"CR-0000090256","ACV-0000184437","","0","","Unknown","Driver","Impairment Not Known","South","Making Left Turn","Panel Truck","Unknown","1","Unknown","Unknown"
"CR-0000090257","ACV-0000184440","F","43","","Major","Driver","Had Not Been Drinking","North","Proceeding Straight","Car","None Apparent","1","Not Applicable","Not Applicable"
"CR-0000090258","ACV-0000184443","M","37","","Moderate","Driver","Impairment Not Known","North","Proceeding Straight","Car","Unknown","1","Not Applicable","Not Applicable"
"CR-0000090254","ACV-0000184433","M","35","","None","Driver","Impairment Not Known","West","Making Right Turn","Emergency Vehicle","Stop And Go Traffic","1","22350","Speeding"
"CR-0000090254","ACV-0000184434","M","60","","None","Driver","Impairment Not Known","West","Making Right Turn","Car","Stop And Go Traffic","1","Not Applicable","Not Applicable"
"CR-0000090255","ACV-0000184435","","0","","Unknown","Driver","Impairment Not Known","West","Making Right Turn","Unknown","Unknown","1","Unknown","Unknown"
"CR-0000090257","ACV-0000184441","M","86","","Major","Driver","Had Not Been Drinking","South","Proceeding Straight","Car","None Apparent","1","Not Applicable","Not Applicable"
"CR-0000090259","ACV-0000184444","F","37","","Unknown","Driver","Impairment Not Known","North","Other","Other","Unknown","1","Unknown","Unknown"
"CR-0000090259","ACV-0000184445","M","0","","Unknown","Parked","Not Applicable","Not Applicable","Parked","Car","Unknown","1","Not Applicable","Not Applicable"
"CR-0000090260","ACV-0000184446","M","34","","Moderate","Driver","Impairment Not Known","North","Proceeding Straight","Panel Truck","Unknown","1","Unknown","Unknown"
"CR-0000090260","ACV-0000184447","M","41","","Unknown","Driver","Impairment Not Known","North","Stopped","Motorcycle/Moped","None Apparent","1","Not Applicable","Not Applicable"
"CR-0000090273","ACV-0000184469","","0","","Unknown","Driver","Impairment Not Known","North","Other Unsafe Turning","Panel Truck","Unknown","1","Unknown","Unknown"
"CR-0000090283","ACV-0000184486","F","34","","Unknown","Driver","Impairment Not Known","Unknown","Proceeding Straight","Car","Unknown","1","Unknown","Unknown"
"CR-0000090274","ACV-0000184472","F","74","","Unknown","Driver","Impairment Not Known","North","Unknown","Car","Unknown","1","Unknown","Unknown"
"CR-0000090278","ACV-0000184477","M","23","","Unknown","Driver","Impairment Not Known","East","Making Right Turn","Panel Truck","Unknown","1","Unknown","Unknown"
"CR-0000090265","ACV-0000184455","M","0","","Unknown","Driver","Impairment Not Known","West","Changing Lanes","Car","Unknown","1","Unknown","Unknown"
"CR-0000090262","ACV-0000184449","","0","","Moderate","Driver","Impairment Not Known","South","Making Left Turn","Car","Other Violation","1","22450","Fail Stop/Sign"
"CR-0000090264","ACV-0000184454","M","66","","Unknown","Driver","Impairment Not Known","Unknown","Stopped","Panel Truck","Unknown","1","Unknown","Unknown"
"CR-0000090278","ACV-0000184478","M","28","","Unknown","Driver","Impairment Not Known","East","Proceeding Straight","Unknown","Unknown","1","Unknown","Unknown"
"CR-0000090270","ACV-0000184466","F","26","","Unknown","Driver","Impairment Not Known","South","Stopped","Car","Unknown","1","Unknown","Unknown"
"CR-0000090275","ACV-0000184473","M","18","","Unknown","Driver","Impairment Not Known","North","Proceeding Straight","Unknown","Unknown","1","Unknown","Unknown"
"CR-0000090264","ACV-0000184453","","0","","Unknown","Driver","Impairment Not Known","Unknown","Proceeding Straight","Car","Unknown","1","Unknown","Unknown"
"CR-0000090268","ACV-0000184461","","0","","Unknown","Driver","Impairment Not Known","West","Making Right Turn","Car","Other Violation","1","21209","Driving In Bike Lane"
"CR-0000090280","ACV-0000184479","F","20","","Unknown","Driver","Impairment Not Known","West","Making Right Turn","Car","Unknown","1","Unknown","Unknown"
"CR-0000090272","ACV-0000184467","F","0","","Unknown","Driver","Impairment Not Known","North","Entering Traffic","Car","Unknown","1","Unknown","Unknown"
"CR-0000090265","ACV-0000184456","F","46","","Unknown","Driver","Impairment Not Known","West","Stopped","Car","Unknown","1","Unknown","Unknown"
"CR-0000090280","ACV-0000184480","F","61","","Unknown","Driver","Impairment Not Known","West","Proceeding Straight","Car","Unknown","1","Unknown","Unknown"
"CR-0000090273","ACV-0000184470","","0","","Unknown","Parked","Impairment Not Known","Not Applicable","Parked","Car","Unknown","1","Not Applicable","Not Applicable"
"CR-0000090268","ACV-0000184462","M","22","","Not Applicable","Bicycle","Had Not Been Drinking","West","Proceeding Straight","Scooter Motorized","None Apparent","1","Not Applicable","Not Applicable"
"CR-0000090267","ACV-0000184460","F","30","","Unknown","Driver","Impairment Not Known","East","Proceeding Straight","Car","None Apparent","1","Unknown","Unknown"
"CR-0000090281","ACV-0000184481","F","19","","Unknown","Driver","Impairment Not Known","East","Proceeding Straight","Panel Truck","None Apparent","1","Unknown","Unknown"
"CR-0000090274","ACV-0000184471","","0","","Unknown","Driver","Impairment Not Known","Unknown","Unknown","Car","Unknown","1","Unknown","Unknown"
"CR-0000090267","ACV-0000184459","","0","","Unknown","Driver","Impairment Not Known","West","Making Left Turn","Car","Unknown","1","Unknown","Unknown"
"CR-0000090269","ACV-0000184464","M","54","","Unknown","Driver","Impairment Not Known","East","Stopped","Car","Unknown","1","Unknown","Unknown"
"CR-0000090277","ACV-0000184476","M","49","","Unknown","Driver","Impairment Not Known","Unknown","Proceeding Straight","Car","Unknown","1","Unknown","Unknown"
"CR-0000090262","ACV-0000184450","F","19","","Moderate","Driver","Had Not Been Drinking","West","Proceeding Straight","Car","Unknown","1","Not Applicable","Not Applicable"
"CR-0000090269","ACV-0000184463","","0","","Unknown","Driver","Impairment Not Known","East","Proceeding Straight","Panel Truck","Unknown","1","Unknown","Unknown"
"CR-0000090281","ACV-0000184482","M","24","","Unknown","Driver","Impairment Not Known","East","Stopped","Car","None Apparent","1","Unknown","Unknown"
"CR-0000090284","ACV-0000184487","","0","","Unknown","Driver","Impairment Not Known","West","Proceeding Straight","Car","Other Violation","1","22350","Speeding"
"CR-0000090284","ACV-0000184488","M","78","","Not Applicable","Pedestrian","Had Not Been Drinking","North","Other (Ped)","Pedestrian","Unknown","1","Not Applicable","Not Applicable"
"CR-0000090282","ACV-0000184483","M","21","","Unknown","Driver","Impairment Not Known","East","Proceeding Straight","Panel Truck","Unknown","1","Unknown","Unknown"
"CR-0000090272","ACV-0000184468","F","33","","Unknown","Driver","Impairment Not Known","North","Proceeding Straight","Panel Truck","Unknown","1","Unknown","Unknown"
"CR-0000090266","ACV-0000184458","F","54","","Not Applicable","Pedestrian","Impairment Not Known","West","Other (Ped)","Pedestrian","Unknown","1","Not Applicable","Not Applicable"
"CR-0000090263","ACV-0000184452","M","39","","Unknown","Driver","Impairment Not Known","North","Proceeding Straight","Car","None Apparent","1","Unknown","Unknown"
"CR-0000090266","ACV-0000184457","","0","","Unknown","Driver","Impairment Not Known","North","Proceeding Straight","Unknown","Other Violation","1","21950","Yield Pedestrian In Crosswalk"
"CR-0000090275","ACV-0000184474","M","47","","Unknown","Driver","Impairment Not Known","West","Proceeding Straight","Car","Unknown","1","Unknown","Unknown"
"CR-0000090282","ACV-0000184484","M","22","","Unknown","Driver","Impairment Not Known","East","Stopped","Unknown","Unknown","1","Unknown","Unknown"
"CR-0000090277","ACV-0000184475","M","16","","Unknown","Driver","Impairment Not Known","Unknown","Stopped","Unknown","Unknown","1","Unknown","Unknown"
"CR-0000090270","ACV-0000184465","M","0","","Unknown","Driver","Impairment Not Known","South","Changing Lanes","Car","Unknown","1","Unknown","Unknown"
"CR-0000090283","ACV-0000184485","F","64","","Unknown","Driver","Impairment Not Known","Unknown","Changing Lanes","Car","Unknown","1","Unknown","Unknown"
"CR-0000090263","ACV-0000184451","","0","","Unknown","Driver","Impairment Not Known","North","Stopped","Car","Unknown","1","Unknown","Unknown"
"CR-0000090315","ACV-0000184551","","0","","Unknown","Driver","Impairment Not Known","Unknown","Proceeding Straight","Panel Truck","Unknown","1","Unknown","Unknown"
"CR-0000090304","ACV-0000184529","F","0","","Unknown","Driver","Impairment Not Known","North","Proceeding Straight","Car","Unknown","1","Unknown","Unknown"
"CR-0000090290","ACV-0000184499","","0","","Unknown","Driver","Impairment Not Known","North","Making Right Turn","Car","Other Violation","1","22107","Unsafe Turn Movement"
"CR-0000090313","ACV-0000184548","M","61","","Minor","Driver","Impairment Not Known","South","Proceeding Straight","Car","Unknown","1","22350","Speeding"
"CR-0000090285","ACV-0000184490","","0","","Unknown","Parked","Not Applicable","Not Applicable","Parked","Car","Unknown","1","Not Applicable","Not Applicable"
"CR-0000090300","ACV-0000184523","M","31","","Minor","Driver","Impairment Not Known","West","Stopped","Panel Truck","None Apparent","1","Not Applicable","Not Applicable"
"CR-0000090294","ACV-0000184508","F","35","","Moderate","Driver","Impairment Not Known","North","Proceeding Straight","Car","None Apparent","1","Not Applicable","Not Applicable"
"CR-0000090312","ACV-0000184547","M","33","","Unknown","Driver","Impairment Not Known","West","Proceeding Straight","Car","Unknown","1","Unknown","Unknown"
"CR-0000090311","ACV-0000184544","M","46","","Not Applicable","Pedestrian","Impairment Not Known","Unknown","Other (Ped)","Pedestrian","Unknown","1","Not Applicable","Not Applicable"
"CR-0000090314","ACV-0000184550","","0","","Unknown","Driver","Impairment Not Known","West","Ran Off Road","Car","Other Violation","1","22350","Speeding"
"CR-0000090319","ACV-0000184561","M","27","","Unknown","Parked","Not Applicable","Not Applicable","Parked","Car","Unknown","1","Unknown","Unknown"
"CR-0000090315","ACV-0000184552","M","22","","Unknown","Driver","Impairment Not Known","Unknown","Stopped","Car","Unknown","1","Unknown","Unknown"
"CR-0000090305","ACV-0000184531","M","0","","Moderate","Driver","Impairment Not Known","North","Proceeding Straight","Panel Truck","Other Violation","1","22450","Fail Stop/Sign"
"CR-0000090292","ACV-0000184503","","0","","Unknown","Driver","Had Been Drinking - Under Influence","East","Proceeding Straight","Unknown","Other Violation","1","22350","Speeding"
"CR-0000090294","ACV-0000184509","F","32","","Moderate","Driver","Impairment Not Known","East","Proceeding Straight","Car","None Apparent","1","Not Applicable","Not Applicable"
"CR-0000090303","ACV-0000184528","","0","","Unknown","Parked","Impairment Not Known","Not Applicable","Parked","Car","Unknown","1","Not Applicable","Not Applicable"
"CR-0000090297","ACV-0000184515","M","43","","Unknown","Driver","Impairment Not Known","South","Changing Lanes","Car","Unknown","1","Unknown","Unknown"
"CR-0000090295","ACV-0000184512","F","40","","None","Driver","Impairment Not Known","South","Proceeding Straight","Car","None Apparent","1","Not Applicable","Not Applicable"
"CR-0000090317","ACV-0000184555","","0","","Moderate","Driver","Impairment Not Known","North","Making U-Turn","Car","Other Violation","1","21801","Yield Left Turn"
"CR-0000090305","ACV-0000184532","M","72","","Major","Driver","Had Not Been Drinking","East","Proceeding Straight","Car","None Apparent","1","Not Applicable","Not Applicable"
"CR-0000090319","ACV-0000184560","M","0","","Unknown","Driver","Impairment Not Known","East","Backing","Panel Truck","Unknown","1","Unknown","Unknown"
"CR-0000090293","ACV-0000184505","","0","","Moderate","Driver","Impairment Not Known","East","Proceeding Straight","Unknown","Other Violation","1","21453","Run Red Light"
"CR-0000090301","ACV-0000184524","","0","","Unknown","Driver","Impairment Not Known","Unknown","Unknown","Car","None Apparent","1","Unknown","Unknown"
"CR-0000090285","ACV-0000184489","","0","","Unknown","Driver","Impairment Not Known","Unknown","Unknown","Unknown","Unknown","1","Unknown","Unknown"
"CR-0000090311","ACV-0000184545","F","17","","Unknown","Driver","Impairment Not Known","West","Stopped","Car","Unknown","1","Not Applicable","Not Applicable"
"CR-0000090294","ACV-0000184510","F","40","","Minor","Driver","Impairment Not Known","North","Proceeding Straight","Car","None Apparent","1","Not Applicable","Not Applicable"
"CR-0000090320","ACV-0000184562","F","18","","Unknown","Driver","Impairment Not Known","North","Unknown","Car","Unknown","1","Unknown","Unknown"
"CR-0000090286","ACV-0000184492","M","34","","Unknown","Driver","Impairment Not Known","East","Stopped","Car","None Apparent","1","Unknown","Unknown"
"CR-0000090289","ACV-0000184497","","0","","Major","Driver","Impairment Not Known","South","Proceeding Straight","Car","Other Violation","1","21453","Run Red Light"
"CR-0000090303","ACV-0000184527","","0","","Unknown","Driver","Impairment Not Known","Unknown","Backing","Other","Unknown","1","Unknown","Unknown"
"CR-0000090302","ACV-0000184525","F","0","","Minor","Driver","Impairment Not Known","East","Proceeding Straight","Car","Unknown","1","Unknown","Unknown"
"CR-0000090295","ACV-0000184511","M","27","","Unknown","Driver","Had Not Been Drinking","South","Proceeding Straight","Car","None Apparent","1","22350","Speeding"
"CR-0000090292","ACV-0000184504","M","42","","Not Applicable","Pedestrian","Impairment Not Known","Unknown","Other (Ped)","Pedestrian","Unknown","1","Not Applicable","Not Applicable"
"CR-0000090304","ACV-0000184530","M","40","","Unknown","Driver","Impairment Not Known","West","Proceeding Straight","Car","Unknown","1","Unknown","Unknown"
"CR-0000090307","ACV-0000184536","M","46","","Unknown","Driver","Impairment Not Known","East","Stopped","Car","Unknown","1","Unknown","Unknown"
"CR-0000090294","ACV-0000184507","M","26","","Major","Driver","Impairment Not Known","South","Proceeding Straight","Car","Other Violation","1","21453","Run Red Light"
"CR-0000090286","ACV-0000184491","F","0","","Unknown","Driver","Impairment Not Known","East","Proceeding Straight","Car","None Apparent","1","Unknown","Unknown"
"CR-0000090299","ACV-0000184519","","0","","Major","Driver","Impairment Not Known","South","Other Unsafe Turning","Car","Other Violation","1","Unknown","Unknown"
"CR-0000090291","ACV-0000184501","","0","","Unknown","Driver","Impairment Not Known","West","Changing Lanes","Panel Truck","Unknown","1","Unknown","Unknown"
"CR-0000090306","ACV-0000184533","M","48","","Minor","Driver","Impairment Not Known","East","Proceeding Straight","Panel Truck","Other Violation","1","22107","Unsafe Turn Movement"
"CR-0000090296","ACV-0000184513","","0","","Unknown","Driver","Impairment Not Known","East","Making Left Turn","Panel Truck","Other Violation","1","22450","Fail Stop/Sign"
"CR-0000090320","ACV-0000184563","F","59","","Unknown","Driver","Impairment Not Known","North","Unknown","Car","Unknown","1","Unknown","Unknown"
"CR-0000090318","ACV-0000184558","","0","","Unknown","Driver","Impairment Not Known","Unknown","Making Left Turn","Unknown","Unknown","1","Unknown","Unknown"
"CR-0000090287","ACV-0000184494","M","28","","Unknown","Driver","Impairment Not Known","West","Stopped","Car","Unknown","1","Unknown","Unknown"
"CR-0000090310","ACV-0000184541","","0","","Unknown","Driver","Impairment Not Known","East","Proceeding Straight","Car","Unknown","1","Unknown","Unknown"
"CR-0000090287","ACV-0000184493","","0","","Unknown","Driver","Impairment Not Known","West","Proceeding Straight","Car","Unknown","1","Unknown","Unknown"
"CR-0000090308","ACV-0000184538","","0","","Unknown","Parked","Not Applicable","Not Applicable","Parked","Car","None Apparent","1","Not Applicable","Not Applicable"
"CR-0000090309","ACV-0000184539","M","39","","Major","Driver","Impairment Not Known","East","Proceeding Straight","Car","Other Violation","1","22350","Speeding"
"CR-0000090299","ACV-0000184521","M","36","","Moderate","Driver","Had Not Been Drinking","North","Proceeding Straight","Car","Unknown","1","Not Applicable","Not Applicable"
"CR-0000090289","ACV-0000184498","M","70","","Unknown","Driver","Impairment Not Known","East","Proceeding Straight","Car","Unknown","1","Not Applicable","Not Applicable"
"CR-0000090316","ACV-0000184554","F","19","","Unknown","Driver","Impairment Not Known","South","Making Left Turn","Car","Unknown","1","Unknown","Unknown"
"CR-0000090310","ACV-0000184542","","0","","Unknown","Driver","Impairment Not Known","West","Making U-Turn","Car","Unknown","1","Unknown","Unknown"
"CR-0000090297","ACV-0000184516","","0","","Unknown","Driver","Impairment Not Known","South","Proceeding Straight","Car","Unknown","1","Unknown","Unknown"
"CR-0000090309","ACV-0000184540","F","48","","Unknown","Driver","Had Not Been Drinking","East","Making Left Turn","Car","None Apparent","1","Not Applicable","Not Applicable"
"CR-0000090317","ACV-0000184557","M","37","","Minor","Driver","Had Not Been Drinking","South","Proceeding Straight","Panel Truck","Unknown","1","Not Applicable","Not Applicable"
"CR-0000090317","ACV-0000184556","M","43","","Major","Driver","Had Not Been Drinking","South","Proceeding Straight","Motorcycle/Moped","Unknown","1","Not Applicable","Not Applicable"
"CR-0000090299","ACV-0000184520","M","36","","Major","Driver","Had Not Been Drinking","North","Proceeding Straight","Car","Unknown","1","Not Applicable","Not Applicable"
"CR-0000090293","ACV-0000184506","F","43","","Unknown","Driver","Impairment Not Known","North","Proceeding Straight","Car","Unknown","1","Not Applicable","Not Applicable"
"CR-0000090300","ACV-0000184522","","0","","Major","Driver","Impairment Not Known","West","Proceeding Straight","Car","Other Violation","1","21703","Follow Too Closely"
"CR-0000090288","ACV-0000184496","M","23","","Unknown","Driver","Impairment Not Known","East","Proceeding Straight","Car","Unknown","1","Unknown","Unknown"
"CR-0000090306","ACV-0000184534","M","41","","Not Applicable","Pedestrian","Had Not Been Drinking","Unknown","Other (Ped)","Pedestrian","Unknown","1","Not Applicable","Not Applicable"
"CR-0000090296","ACV-0000184514","M","58","","Not Applicable","Bicycle","Had Not Been Drinking","South","Proceeding Straight","Bicycle","None Apparent","1","Not Applicable","Not Applicable"
"CR-0000090298","ACV-0000184517","","0","","Major","Driver","Impairment Not Known","South","Making Left Turn","Car","Other Violation","1","22350","Speeding"
"CR-0000090312","ACV-0000184546","","0","","Unknown","Driver","Impairment Not Known","West","Changing Lanes","Car","Unknown","1","Unknown","Unknown"
"CR-0000090290","ACV-0000184500","F","57","","Not Applicable","Bicycle","Had Not Been Drinking","North","Proceeding Straight","Bicycle","None Apparent","1","Not Applicable","Not Applicable"
"CR-0000090298","ACV-0000184518","F","26","","Major","Driver","Had Not Been Drinking","North","Proceeding Straight","Car","None Apparent","1","Not Applicable","Not Applicable"
"CR-0000090291","ACV-0000184502","M","48","","Unknown","Driver","Impairment Not Known","West","Making Left Turn","Car","Unknown","1","Unknown","Unknown"
"CR-0000090318","ACV-0000184559","F","48","","Unknown","Driver","Impairment Not Known","Unknown","Proceeding Straight","Car","Unknown","1","Unknown","Unknown"
"CR-0000090302","ACV-0000184526","M","31","","Major","Driver","Impairment Not Known","East","Stopped","Car","Unknown","1","Unknown","Unknown"
"CR-0000090316","ACV-0000184553","F","0","","Unknown","Driver","Impairment Not Known","South","Making Left Turn","Car","Unknown","1","Unknown","Unknown"
"CR-0000090288","ACV-0000184495","F","0","","Unknown","Driver","Impairment Not Known","West","Making Left Turn","Car","Unknown","1","Unknown","Unknown"
"CR-0000090308","ACV-0000184537","M","0","","Unknown","Driver","Impairment Not Known","Unknown","Parking Maneuver","Car","None Apparent","1","Unknown","Unknown"
"CR-0000090307","ACV-0000184535","M","0","","Unknown","Driver","Impairment Not Known","East","Proceeding Straight","Car","Unknown","1","Unknown","Unknown"
"CR-0000090311","ACV-0000184543","F","33","","Major","Driver","Had Been Drinking - Under Influence","West","Proceeding Straight","Car","Other Violation","1","22350","Speeding"
"CR-0000090313","ACV-0000184549","M","29","","Not Applicable","Parked","Not Applicable","Not Applicable","Parked","Car","Unknown","1","Not Applicable","Not Applicable"
"CR-0000090326","ACV-0000184575","M","33","","Unknown","Parked","Not Applicable","Not Applicable","Parked","Car","Unknown","1","Not Applicable","Not Applicable"
"CR-0000090330","ACV-0000184583","M","43","","Unknown","Driver","Impairment Not Known","South","Making Left Turn","Unknown","None Apparent","1","Unknown","Unknown"
"CR-0000090336","ACV-0000184594","M","0","","Unknown","Driver","Impairment Not Known","South","Changing Lanes","Car","Unknown","1","Unknown","Unknown"
"CR-0000090333","ACV-0000184588","","0","","Minor","Driver","Impairment Not Known","East","Proceeding Straight","Unknown","Other Violation","1","22350","Speeding"
"CR-0000090333","ACV-0000184589","M","30","","Minor","Driver","Impairment Not Known","East","Stopped","Car","None Apparent","1","Not Applicable","Not Applicable"
"CR-0000090336","ACV-0000184595","F","35","","Unknown","Driver","Impairment Not Known","South","Changing Lanes","Car","None Apparent","1","Unknown","Unknown"
"CR-0000090329","ACV-0000184580","M","27","","Major","Driver","Impairment Not Known","South","Making Right Turn","Car","None Apparent","1","22106","Unsafe Backing"
"CR-0000090330","ACV-0000184582","","0","","Unknown","Bicycle","Impairment Not Known","South","Proceeding Straight","Panel Truck","Unknown","1","Unknown","Unknown"
"CR-0000090325","ACV-0000184571","F","27","","Not Applicable","Pedestrian","Impairment Not Known","Unknown","Other (Ped)","Pedestrian","Unknown","1","Not Applicable","Not Applicable"
"CR-0000090325","ACV-0000184572","M","44","","Not Applicable","Pedestrian","Impairment Not Known","Unknown","Other (Ped)","Pedestrian","Unknown","1","Not Applicable","Not Applicable"
"CR-0000090332","ACV-0000184586","","0","","Unknown","Driver","Impairment Not Known","East","Proceeding Straight","Car","Unknown","1","Unknown","Unknown"
"CR-0000090322","ACV-0000184566","","0","","Unknown","Driver","Impairment Not Known","East","Merging","Car","Unknown","1","Unknown","Unknown"
"CR-0000090334","ACV-0000184591","","0","","Unknown","Parked","Not Applicable","Not Applicable","Parked","Car","None Apparent","1","Not Applicable","Not Applicable"
"CR-0000090327","ACV-0000184576","","0","","Major","Driver","Impairment Not Known","East","Proceeding Straight","Car","Other Violation","1","22350","Speeding"
"CR-0000090325","ACV-0000184570","","0","","Unknown","Driver","Impairment Not Known","East","Proceeding Straight","Unknown","Other Violation","1","22106","Unsafe Backing"
"CR-0000090335","ACV-0000184592","","0","","Unknown","Driver","Impairment Not Known","East","Proceeding Straight","Car","Unknown","1","Unknown","Unknown"
"CR-0000090324","ACV-0000184569","M","20","","Unknown","Driver","Impairment Not Known","East","Stopped","Car","Unknown","1","Unknown","Unknown"
"CR-0000090334","ACV-0000184590","","0","","Unknown","Driver","Impairment Not Known","Unknown","Making Left Turn","Panel Truck","Unknown","1","Unknown","Unknown"
"CR-0000090329","ACV-0000184581","","0","","Minor","Driver","Impairment Not Known","West","Proceeding Straight","Car","Other Violation","1","Not Applicable","Not Applicable"
"CR-0000090325","ACV-0000184573","","0","","Unknown","Parked","Not Applicable","Unknown","Parked","Unknown","Unknown","1","Not Applicable","Not Applicable"
"CR-0000090328","ACV-0000184579","M","50","","Minor","Driver","Impairment Not Known","East","Stopped","Car","None Apparent","1","Not Applicable","Not Applicable"
"CR-0000090324","ACV-0000184568","F","0","","Unknown","Bicycle","Impairment Not Known","East","Proceeding Straight","Car","Unknown","1","Unknown","Unknown"
"CR-0000090331","ACV-0000184584","M","0","","Unknown","Driver","Impairment Not Known","West","Proceeding Straight","Unknown","Other Violation","1","22350","Speeding"
"CR-0000090328","ACV-0000184578","","0","","Unknown","Driver","Impairment Not Known","East","Proceeding Straight","Car","Other Violation","1","22350","Speeding"
"CR-0000090321","ACV-0000184564","","0","","Unknown","Driver","Impairment Not Known","East","Making Right Turn","Panel Truck","Other Violation","1","22100","Improper Turn"
"CR-0000090335","ACV-0000184593","F","27","","Unknown","Driver","Impairment Not Known","East","Changing Lanes","Car","Unknown","1","Unknown","Unknown"
"CR-0000090322","ACV-0000184567","M","24","","Unknown","Driver","Impairment Not Known","East","Merging","Car","None Apparent","1","Unknown","Unknown"
"CR-0000090321","ACV-0000184565","M","34","","Moderate","Driver","Impairment Not Known","East","Making Right Turn","Car","None Apparent","1","Not Applicable","Not Applicable"
"CR-0000090332","ACV-0000184587","F","33","","Unknown","Driver","Impairment Not Known","East","Stopped","Car","None Apparent","1","Unknown","Unknown"