"CrashName","Name","Sex","Age","Speed","VehicleDamage","PartyCategory","Sobriety","VehicleDirection","MovementPrecedingCollision","PartyType","OtherAssociatedFactor","VehicleCount","ViolationCode","ViolationCodeDescription"
"CR-0000090588","ACV-0000185027","","0","","Minor","Parked","Not Applicable","Not Applicable","Parked","Car","None Apparent","1","Not Applicable","Not Applicable"
"CR-0000090581","ACV-0000185015","F","28","","Moderate","Driver","Had Not Been Drinking","West","Proceeding Straight","Car","None Apparent","1","Not Applicable","Not Applicable"
"CR-0000090585","ACV-0000185021","","0","","Minor","Parked","Not Applicable","Not Applicable","Parked","Panel Truck","Unknown","1","Not Applicable","Not Applicable"
"CR-0000090587","ACV-0000185024","","0","","Major","Driver","Impairment Not Known","West","Proceeding Straight","Car","Other Violation","1","22107","Unsafe Turn Movement"
"CR-0000090584","ACV-0000185019","","0","","Moderate","Driver","Impairment Not Known","West","Ran Off Road","Car","Other Violation","1","22107","Unsafe Turn Movement"
"CR-0000090585","ACV-0000185020","M","40","","Moderate","Driver","Had Been Drinking - Under Influence","South","Proceeding Straight","Panel Truck","Unknown","1","22350","Speeding"
"CR-0000090586","ACV-0000185023","F","23","","Unknown","Driver","Impairment Not Known","South","Proceeding Straight","Car","Unknown","1","Unknown","Unknown"
"CR-0000090588","ACV-0000185025","","0","","Moderate","Driver","Impairment Not Known","West","Proceeding Straight","Car","Other Violation","1","23103","Reckless Driving 2"
"CR-0000090588","ACV-0000185026","","0","","Moderate","Parked","Not Applicable","Not Applicable","Parked","Car","None Apparent","1","Not Applicable","Not Applicable"
"CR-0000090590","ACV-0000185030","M","31","","Major","Driver","Impairment Not Known","West","Ran Off Road","Car","None Apparent","1","Unknown","Unknown"
"CR-0000090592","ACV-0000185034","","0","","Unknown","Driver","Impairment Not Known","West","Other Unsafe Turning","Panel Truck","Other Violation","1","22350","Speeding"
"CR-0000090593","ACV-0000185038","M","75","","Moderate","Driver","Had Not Been Drinking","West","Proceeding Straight","Panel Truck","None Apparent","1","Not Applicable","Not Applicable"
"CR-0000090595","ACV-0000185042","M","75","","Not Applicable","Pedestrian","Impairment Not Known","South","Other (Ped)","Pedestrian","Unknown","1","Not Applicable","Not Applicable"
"CR-0000090597","ACV-0000185046","M","47","","Unknown","Driver","Impairment Not Known","North","Proceeding Straight","Panel Truck","Unknown","1","Unknown","Unknown"
"CR-0000090599","ACV-0000185051","M","74","","Moderate","Driver","Had Not Been Drinking","South","Proceeding Straight","Car","None Apparent","1","Not Applicable","Not Applicable"
"CR-0000090601","ACV-0000185054","M","59","","Major","Driver","Impairment Not Known","West","Proceeding Straight","Car","Unfamiliar With Road","1","21804","Yield From Driveway/Curb"
"CR-0000090603","ACV-0000185058","","0","","Unknown","Driver","Impairment Not Known","South","Making Right Turn","Car","Other Violation","1","22107","Unsafe Turn Movement"
"CR-0000090604","ACV-0000185062","F","17","","Moderate","Driver","Impairment Not Known","East","Proceeding Straight","Car","Unknown","1","Not Applicable","Not Applicable"
"CR-0000090606","ACV-0000185066","M","58","","Major","Driver","Had Been Drinking - Under Influence","West","Proceeding Straight","Car","Other Violation","1","23152","Driving Drunk"
"CR-0000090608","ACV-0000185070","M","28","","Major","Driver","Had Not Been Drinking","West","Proceeding Straight","Car","None Apparent","1","Unknown","Unknown"
"CR-0000090610","ACV-0000185074","","0","","Minor","Parked","Not Applicable","Not Applicable","Parked","Panel Truck","Unknown","1","Not Applicable","Not Applicable"
"CR-0000090589","ACV-0000185029","M","46","","Major","Parked","Not Applicable","Not Applicable","Parked","Car","Unknown","1","Not Applicable","Not Applicable"
"CR-0000090591","ACV-0000185033","M","60","","Moderate","Driver","Had Not Been Drinking","East","Making Right Turn","Panel Truck","None Apparent","1","Not Applicable","Not Applicable"
"CR-0000090593","ACV-0000185036","M","30","","Major","Driver","Had Not Been Drinking","East","Proceeding Straight","Car","Inattention","1","22350","Speeding"
"CR-0000090595","ACV-0000185041","","0","","Unknown","Driver","Impairment Not Known","East","Merging","Car","Other Violation","1","21950","Yield Pedestrian In Crosswalk"
"CR-0000090597","ACV-0000185045","","0","","Unknown","Driver","Impairment Not Known","South","Making Left Turn","Car","Unknown","1","Unknown","Unknown"
"CR-0000090599","ACV-0000185049","F","42","","Major","Driver","Had Not Been Drinking","East","Proceeding Straight","Car","None Apparent","1","21453","Run Red Light"
"CR-0000090600","ACV-0000185053","M","26","","Moderate","Driver","Had Not Been Drinking","West","Proceeding Straight","Panel Truck","None Apparent","1","Not Applicable","Not Applicable"
"CR-0000090602","ACV-0000185057","M","43","","Moderate","Driver","Had Not Been Drinking","East","Proceeding Straight","Car","Unknown","1","Not Applicable","Not Applicable"
"CR-0000090604","ACV-0000185061","F","66","","Moderate","Driver","Impairment Not Known","East","Making Left Turn","Car","Other Violation","1","21801","Yield Left Turn"
"CR-0000090605","ACV-0000185064","M","18","","Minor","Driver","Had Not Been Drinking","North","Proceeding Straight","Car","Unknown","1","Not Applicable","Not Applicable"
"CR-0000090607","ACV-0000185069","F","26","","Not Applicable","Pedestrian","Impairment Not Known","West","Other (Ped)","Pedestrian","Unknown","1","21955","Crossing Controlled Intersection/Jaywalking"
"CR-0000090610","ACV-0000185073","M","26","","Totaled","Driver","Had Been Drinking - Under Influence","East","Making Left Turn","Panel Truck","Unknown","1","22100","Improper Turn"
"CR-0000090611","ACV-0000185078","M","21","","Moderate","Driver","Had Not Been Drinking","West","Proceeding Straight","Car","None Apparent","1","Not Applicable","Not Applicable"
"CR-0000090611","ACV-0000185077","","0","","Major","Driver","Impairment Not Known","North","Proceeding Straight","Car","Other Violation","1","21453","Run Red Light"
"CR-0000090590","ACV-0000185031","M","58","","Not Applicable","Pedestrian","Had Not Been Drinking","East","Other (Ped)","Pedestrian","None Apparent","1","Not Applicable","Not Applicable"
"CR-0000090592","ACV-0000185035","F","54","","Not Applicable","Other","Not Applicable","Not Applicable","Other","Other","None Apparent","1","Not Applicable","Not Applicable"
"CR-0000090594","ACV-0000185039","","0","","Unknown","Driver","Impairment Not Known","Unknown","Proceeding Straight","Unknown","Other Violation","1","21950","Yield Pedestrian In Crosswalk"
"CR-0000090596","ACV-0000185043","F","22","","Moderate","Driver","Had Not Been Drinking","West","Proceeding Straight","Car","Inattention","1","21453","Run Red Light"
"CR-0000090598","ACV-0000185048","M","51","","Major","Driver","Had Not Been Drinking","South","Proceeding Straight","Panel Truck","None Apparent","1","Not Applicable","Not Applicable"
"CR-0000090599","ACV-0000185050","M","44","","Major","Driver","Had Not Been Drinking","South","Proceeding Straight","Car","None Apparent","1","Not Applicable","Not Applicable"
"CR-0000090601","ACV-0000185055","M","0","","Minor","Driver","Impairment Not Known","North","Proceeding Straight","Bus - Other","None Apparent","1","Not Applicable","Not Applicable"
"CR-0000090603","ACV-0000185059","","0","","Moderate","Parked","Not Applicable","Not Applicable","Parked","Car","None Apparent","1","Not Applicable","Not Applicable"
"CR-0000090605","ACV-0000185063","","0","","Unknown","Driver","Impairment Not Known","North","Proceeding Straight","Panel Truck","Other Violation","1","21703","Follow Too Closely"
"CR-0000090606","ACV-0000185067","","0","","Moderate","Parked","Not Applicable","Not Applicable","Parked","Car","Unknown","1","Not Applicable","Not Applicable"
"CR-0000090608","ACV-0000185071","M","27","","Major","Driver","Had Not Been Drinking","South","Proceeding Straight","Emergency Vehicle","None Apparent","1","Not Applicable","Not Applicable"
"CR-0000090589","ACV-0000185028","","0","","Major","Driver","Impairment Not Known","South","Other Unsafe Turning","Car","Other Violation;Inattention","1","Unknown","Unknown"
"CR-0000090591","ACV-0000185032","","0","","Moderate","Driver","Impairment Not Known","East","Merging","Car","Other Violation","1","22350","Speeding"
"CR-0000090593","ACV-0000185037","F","38","","Major","Driver","Had Not Been Drinking","West","Proceeding Straight","Car","None Apparent","1","Not Applicable","Not Applicable"
"CR-0000090594","ACV-0000185040","F","18","","Not Applicable","Pedestrian","Had Not Been Drinking","North","Proceeding Straight","Skateboard","None Apparent","1","Not Applicable","Not Applicable"
"CR-0000090596","ACV-0000185044","M","42","","Major","Driver","Had Not Been Drinking","North","Proceeding Straight","Car","Unknown","1","Not Applicable","Not Applicable"
"CR-0000090598","ACV-0000185047","F","54","","Major","Driver","Had Not Been Drinking","West","Proceeding Straight","Car","None Apparent","1","21453","Run Red Light"
"CR-0000090600","ACV-0000185052","","0","","Unknown","Driver","Impairment Not Known","West","Other Unsafe Turning","Panel Truck","Other Violation","1","22107","Unsafe Turn Movement"
"CR-0000090602","ACV-0000185056","M","26","","Major","Driver","Had Not Been Drinking","South","Proceeding Straight","Car","Unknown","1","21453","Run Red Light"
"CR-0000090603","ACV-0000185060","","0","","Minor","Parked","Not Applicable","Not Applicable","Parked","Car","None Apparent","1","Not Applicable","Not Applicable"
"CR-0000090605","ACV-0000185065","M","31","","Unknown","Driver","Had Not Been Drinking","North","Stopped","Car","Unknown","1","Not Applicable","Not Applicable"
"CR-0000090607","ACV-0000185068","","0","","Unknown","Driver","Impairment Not Known","North","Proceeding Straight","Car","Other Violation","1","Not Applicable","Not Applicable"
"CR-0000090609","ACV-0000185072","","0","","Major","Driver","Impairment Not Known","North","Proceeding Straight","Car","Other Violation","1","22350","Speeding"
"CR-0000090610","ACV-0000185075","","0","","Major","Parked","Not Applicable","Not Applicable","Parked","Car","Unknown","1","Not Applicable","Not Applicable"
"CR-0000090610","ACV-0000185076","","0","","Major","Parked","Not Applicable","Not Applicable","Parked","Panel Truck","Unknown","1","Not Applicable","Not Applicable"
"CR-0000090612","ACV-0000185079","M","34","","Minor","Driver","Had Not Been Drinking","North","Proceeding Straight","Emergency Vehicle","None Apparent","1","22350","Speeding"
"CR-0000090615","ACV-0000185085","M","41","","Minor","Driver","Had Not Been Drinking","North","Proceeding Straight","Car","None Apparent","1","Not Applicable","Not Applicable"
"CR-0000090617","ACV-0000185088","F","23","","Minor","Driver","Impairment Not Known","North","Entering Traffic","Car","None Apparent","1","21804","Yield From Driveway/Curb"
"CR-0000090619","ACV-0000185093","M","52","","Minor","Driver","Had Been Drinking - Under Influence","West","Ran Off Road","Car","Other Violation","1","21651","Divided Highway"
"CR-0000090621","ACV-0000185097","F","18","","Not Applicable","Pedestrian","Had Not Been Drinking","West","Other (Ped)","Pedestrian","Unknown","1","Not Applicable","Not Applicable"
"CR-0000090623","ACV-0000185101","","0","","Unknown","Driver","Impairment Not Known","Unknown","Proceeding Straight","Car","Unknown","1","Unknown","Unknown"
"CR-0000090613","ACV-0000185081","","0","","Unknown","Driver","Impairment Not Known","South","Proceeding Straight","Car","Other Violation","1","21703","Follow Too Closely"
"CR-0000090614","ACV-0000185083","","0","","Moderate","Driver","Impairment Not Known","North","Ran Off Road","Car","Other Violation","1","21651","Divided Highway"
"CR-0000090616","ACV-0000185087","F","64","","Moderate","Driver","Impairment Not Known","South","Entering Traffic","Car","None Apparent","1","Not Applicable","Not Applicable"
"CR-0000090618","ACV-0000185091","M","29","","Major","Driver","Had Not Been Drinking","South","Making Left Turn","Car","None Apparent","1","Not Applicable","Not Applicable"
"CR-0000090620","ACV-0000185095","","0","","Unknown","Driver","Impairment Not Known","Unknown","Proceeding Straight","Car","Unknown","1","Unknown","Unknown"
"CR-0000090622","ACV-0000185099","","0","","Unknown","Driver","Impairment Not Known","Unknown","Other Unsafe Turning","Car","Unknown","1","Unknown","Unknown"
"CR-0000090624","ACV-0000185103","","0","","Unknown","Driver","Impairment Not Known","Unknown","Unknown","Unknown","Unknown","1","Unknown","Unknown"
"CR-0000090612","ACV-0000185080","M","82","","Minor","Driver","Had Not Been Drinking","North","Slowing/Stopping","Car","None Apparent","1","Not Applicable","Not Applicable"
"CR-0000090616","ACV-0000185086","M","36","","Moderate","Driver","Impairment Not Known","West","Making Left Turn","Emergency Vehicle","None Apparent","1","22107","Unsafe Turn Movement"
"CR-0000090618","ACV-0000185090","F","44","","Major","Driver","Had Not Been Drinking","West","Proceeding Straight","Panel Truck","None Apparent","1","21453","Run Red Light"
"CR-0000090620","ACV-0000185094","M","50","","Unknown","Driver","Impairment Not Known","Unknown","Proceeding Straight","Panel Truck","Unknown","1","Unknown","Unknown"
"CR-0000090622","ACV-0000185098","M","32","","Unknown","Parked","Impairment Not Known","North","Parked","Car","Unknown","1","Unknown","Unknown"
"CR-0000090624","ACV-0000185102","M","43","","Unknown","Parked","Not Applicable","Not Applicable","Parked","Car","Unknown","1","Unknown","Unknown"
"CR-0000090613","ACV-0000185082","F","33","","Minor","Driver","Had Not Been Drinking","South","Making Right Turn","Car","None Apparent","1","Not Applicable","Not Applicable"
"CR-0000090615","ACV-0000185084","M","25","","Minor","Driver","Had Not Been Drinking","North","Proceeding Straight","Car","Other Violation","1","22350","Speeding"
"CR-0000090617","ACV-0000185089","F","78","","Major","Driver","Impairment Not Known","North","Proceeding Straight","Car","None Apparent","1","Not Applicable","Not Applicable"
"CR-0000090618","ACV-0000185092","M","59","","Major","Driver","Had Not Been Drinking","South","Making Left Turn","Car","None Apparent","1","Not Applicable","Not Applicable"
"CR-0000090621","ACV-0000185096","F","22","","None","Driver","Had Not Been Drinking","North","Proceeding Straight","Car","Inattention","1","22350","Speeding"
"CR-0000090623","ACV-0000185100","M","50","","Unknown","Driver","Impairment Not Known","Unknown","Stopped","Car","Unknown","1","Unknown","Unknown"
"CR-0000090625","ACV-0000185104","M","68","","Unknown","Parked","Impairment Not Known","Not Applicable","Parked","Car","Unknown","1","Unknown","Unknown"
"CR-0000090627","ACV-0000185109","","0","","Unknown","Driver","Impairment Not Known","East","Proceeding Straight","Panel Truck","Unknown","1","Unknown","Unknown"
"CR-0000090628","ACV-0000185112","F","31","","Minor","Driver","Had Not Been Drinking","South","Proceeding Straight","Car","None Apparent","1","Not Applicable","Not Applicable"
"CR-0000090630","ACV-0000185116","M","44","","Moderate","Driver","Impairment Not Known","East","Making Right Turn","Car","None Apparent","1","22107","Unsafe Turn Movement"
"CR-0000090632","ACV-0000185120","M","0","","Minor","Driver","Impairment Not Known","East","Backing","Car","Other Violation","1","22106","Unsafe Backing"
"CR-0000090634","ACV-0000185124","","0","","Unknown","Driver","Impairment Not Known","North","Making U-Turn","Car","Other Violation","1","22103","Unsafe U-Turn"
"CR-0000090636","ACV-0000185128","M","18","","Minor","Driver","Had Not Been Drinking","West","Proceeding Straight","Car","Unknown","1","22350","Speeding"
"CR-0000090637","ACV-0000185132","","0","","Moderate","Parked","Not Applicable","Not Applicable","Parked","Car","Unknown","1","Not Applicable","Not Applicable"
"CR-0000090639","ACV-0000185136","M","46","","Minor","Driver","Had Not Been Drinking","South","Proceeding Straight","Motorcycle/Moped","Unknown","1","Not Applicable","Not Applicable"
"CR-0000090641","ACV-0000185140","","0","","Moderate","Parked","Not Applicable","Not Applicable","Parked","Car","None Apparent","1","Not Applicable","Not Applicable"
"CR-0000090626","ACV-0000185106","F","54","","Unknown","Parked","Impairment Not Known","Not Applicable","Parked","Car","Unknown","1","Unknown","Unknown"
"CR-0000090628","ACV-0000185110","","0","","Minor","Driver","Impairment Not Known","East","Entering Traffic","Car","Other Violation","1","21804","Yield From Driveway/Curb"
"CR-0000090629","ACV-0000185114","","0","","Unknown","Parked","Not Applicable","Not Applicable","Parked","Car","Unknown","1","Unknown","Unknown"
"CR-0000090631","ACV-0000185118","","0","","Major","Parked","Not Applicable","Not Applicable","Parked","Car","None Apparent","1","Not Applicable","Not Applicable"
"CR-0000090633","ACV-0000185122","F","31","","Major","Driver","Impairment Not Known","South","Making Left Turn","Car","Stop And Go Traffic","1","21453","Run Red Light"
"CR-0000090635","ACV-0000185126","M","57","","Moderate","Driver","Had Not Been Drinking","East","Proceeding Straight","Car","None Apparent","1","21802","Yield Stop Sign"
"CR-0000090637","ACV-0000185130","","0","","Moderate","Driver","Impairment Not Known","West","Proceeding Straight","Car","Other Violation","1","22350","Speeding"
"CR-0000090638","ACV-0000185134","M","29","","Moderate","Driver","Had Not Been Drinking","West","Proceeding Straight","Car","None Apparent","1","Not Applicable","Not Applicable"
"CR-0000090641","ACV-0000185138","F","27","","Moderate","Driver","Had Not Been Drinking","South","Making Left Turn","Car","None Apparent","1","Not Applicable","Not Applicable"
"CR-0000090625","ACV-0000185105","","0","","Unknown","Driver","Impairment Not Known","Unknown","Unknown","Unknown","Unknown","1","Unknown","Unknown"
"CR-0000090627","ACV-0000185108","F","46","","Unknown","Driver","Impairment Not Known","East","Making Right Turn","Car","Unknown","1","Unknown","Unknown"
"CR-0000090629","ACV-0000185113","","0","","Unknown","Driver","Impairment Not Known","North","Entering Traffic","Car With Trailer","Unknown","1","Unknown","Unknown"
"CR-0000090631","ACV-0000185117","M","29","","Major","Driver","Had Not Been Drinking","North","Changing Lanes","Car","None Apparent","1","22107","Unsafe Turn Movement"
"CR-0000090632","ACV-0000185121","M","32","","Minor","Parked","Not Applicable","Not Applicable","Parked","Car","None Apparent","1","Not Applicable","Not Applicable"
"CR-0000090634","ACV-0000185125","","0","","Minor","Parked","Not Applicable","Not Applicable","Parked","Car","Unknown","1","Not Applicable","Not Applicable"
"CR-0000090636","ACV-0000185129","F","15","","Minor","Driver","Had Not Been Drinking","West","Stopped","Car","None Apparent","1","12500","Unlicensed Driver"
"CR-0000090638","ACV-0000185133","F","32","","Moderate","Driver","Had Not Been Drinking","South","Proceeding Straight","Car","None Apparent","1","Unknown","Unknown"
"CR-0000090641","ACV-0000185137","","0","","Unknown","Driver","Impairment Not Known","Unknown","Proceeding Straight","Unknown","Other Violation","1","Unknown","Unknown"
"CR-0000090626","ACV-0000185107","","0","","Unknown","Driver","Impairment Not Known","Unknown","Unknown","Unknown","Unknown","1","Unknown","Unknown"
"CR-0000090628","ACV-0000185111","M","30","","Minor","Driver","Had Not Been Drinking","South","Proceeding Straight","Car","None Apparent","1","Not Applicable","Not Applicable"
"CR-0000090629","ACV-0000185115","","0","","Unknown","Parked","Not Applicable","Not Applicable","Parked","Panel Truck","Unknown","1","Unknown","Unknown"
"CR-0000090631","ACV-0000185119","","0","","Major","Parked","Not Applicable","Not Applicable","Parked","Car","None Apparent","1","Not Applicable","Not Applicable"
"CR-0000090633","ACV-0000185123","F","44","","Major","Driver","Impairment Not Known","North","Proceeding Straight","Car","Stop And Go Traffic","1","Not Applicable","Not Applicable"
"CR-0000090635","ACV-0000185127","F","20","","Moderate","Driver","Had Not Been Drinking","East","Proceeding Straight","Car","None Apparent","1","Not Applicable","Not Applicable"
"CR-0000090637","ACV-0000185131","","0","","Moderate","Parked","Not Applicable","Not Applicable","Parked","Car","Unknown","1","Not Applicable","Not Applicable"
"CR-0000090639","ACV-0000185135","F","34","","Minor","Driver","Had Not Been Drinking","East","Making Right Turn","Car","Unknown","1","21800","Yield Uncontrolled Intersection"
"CR-0000090641","ACV-0000185139","","0","","Unknown","Parked","Not Applicable","Not Applicable","Parked","Car","None Apparent","1","Not Applicable","Not Applicable"
"CR-0000090642","ACV-0000185142","M","39","","Moderate","Driver","Had Not Been Drinking","West","Making Left Turn","Panel Truck","Unknown","1","Not Applicable","Not Applicable"
"CR-0000090644","ACV-0000185146","F","46","","Major","Driver","Had Not Been Drinking","West","Making Left Turn","Car","Unknown","1","Not Applicable","Not Applicable"
"CR-0000090646","ACV-0000185150","M","76","","Major","Driver","Had Not Been Drinking","East","Proceeding Straight","Car","Unknown","1","22350","Speeding"
"CR-0000090647","ACV-0000185154","F","18","","Major","Driver","Had Not Been Drinking","East","Entering Traffic","Car","None Apparent","1","Not Applicable","Not Applicable"
"CR-0000090649","ACV-0000185158","M","50","","Unknown","Driver","Impairment Not Known","South","Proceeding Straight","Car","Unknown","1","22107","Unsafe Turn Movement"
"CR-0000090651","ACV-0000185162","M","30","","Major","Driver","Had Been Drinking - Under Influence","East","Proceeding Straight","Car","Other Violation","1","21658","Unsafe Lane Change"
"CR-0000090653","ACV-0000185166","M","30","","Major","Driver","Had Not Been Drinking","East","Proceeding Straight","Car","Other Violation","1","21453","Run Red Light"
"CR-0000090654","ACV-0000185170","M","29","","Moderate","Driver","Had Not Been Drinking","West","Stopped","Car","None Apparent","1","Not Applicable","Not Applicable"
"CR-0000090656","ACV-0000185174","","0","","Minor","Driver","Impairment Not Known","East","Merging","Car","Other Violation","1","22107","Unsafe Turn Movement"
"CR-0000090658","ACV-0000185179","M","58","","Not Applicable","Bicycle","Impairment Not Known","West","Other (Bike)","Bicycle","Unknown","1","Unknown","Unknown"
"CR-0000090660","ACV-0000185182","M","57","","Minor","Bicycle","Had Not Been Drinking","South","Other (Bike)","Bicycle","None Apparent","1","22107","Unsafe Turn Movement"
"CR-0000090662","ACV-0000185186","","0","","Unknown","Driver","Impairment Not Known","North","Proceeding Straight","Car","Other Violation","1","23123","Cellphone In Use"
"CR-0000090643","ACV-0000185143","M","49","","Minor","Driver","Impairment Not Known","South","Stopped","Panel Truck","Other Violation","1","22350","Speeding"
"CR-0000090644","ACV-0000185147","M","68","","Minor","Driver","Had Not Been Drinking","West","Making Left Turn","Panel Truck","Unknown","1","Not Applicable","Not Applicable"
"CR-0000090646","ACV-0000185151","F","35","","Minor","Driver","Had Not Been Drinking","East","Stopped","Car","Unknown","1","Not Applicable","Not Applicable"
"CR-0000090647","ACV-0000185155","F","55","","Moderate","Driver","Had Not Been Drinking","West","Proceeding Straight","Car","None Apparent","1","Not Applicable","Not Applicable"
"CR-0000090649","ACV-0000185159","M","50","","Moderate","Driver","Had Not Been Drinking","South","Proceeding Straight","Car","Unknown","1","Not Applicable","Not Applicable"
"CR-0000090651","ACV-0000185163","","0","","Minor","Parked","Not Applicable","Not Applicable","Parked","Car","Unknown","1","Not Applicable","Not Applicable"
"CR-0000090653","ACV-0000185167","F","50","","Moderate","Driver","Had Not Been Drinking","North","Proceeding Straight","Car","Unknown","1","Not Applicable","Not Applicable"
"CR-0000090654","ACV-0000185171","M","45","","Moderate","Driver","Had Not Been Drinking","West","Stopped","Car","None Apparent","1","Not Applicable","Not Applicable"
"CR-0000090656","ACV-0000185175","M","48","","Moderate","Driver","Had Not Been Drinking","East","Proceeding Straight","Car","Entering/Leaving Ramp","1","Not Applicable","Not Applicable"
"CR-0000090658","ACV-0000185178","","0","","Unknown","Driver","Impairment Not Known","Unknown","Other (Bike)","Unknown","Other Violation","1","Unknown","Unknown"
"CR-0000090660","ACV-0000185183","F","25","","None","Driver","Had Not Been Drinking","South","Proceeding Straight","Car","None Apparent","1","Not Applicable","Not Applicable"
"CR-0000090662","ACV-0000185187","F","27","","Minor","Driver","Had Not Been Drinking","North","Stopped","Car","None Apparent","1","Not Applicable","Not Applicable"
"CR-0000090643","ACV-0000185144","F","22","","Moderate","Driver","Impairment Not Known","South","Stopped","Car","Unknown","1","Not Applicable","Not Applicable"
"CR-0000090645","ACV-0000185149","F","49","","Minor","Driver","Had Not Been Drinking","East","Making Left Turn","Car","Unknown","1","Not Applicable","Not Applicable"
"CR-0000090646","ACV-0000185152","M","35","","Minor","Driver","Had Not Been Drinking","East","Stopped","Car","Unknown","1","Not Applicable","Not Applicable"
"CR-0000090648","ACV-0000185156","F","31","","Major","Driver","Had Not Been Drinking","North","Proceeding Straight","Car","None Apparent","1","22350","Speeding"
"CR-0000090650","ACV-0000185160","F","40","","Major","Driver","Had Not Been Drinking","West","Proceeding Straight","Car","None Apparent","1","21703","Follow Too Closely"
"CR-0000090652","ACV-0000185164","M","29","","Major","Driver","Had Been Drinking - Under Influence","West","Making Left Turn","Panel Truck","None Apparent","1","21453","Run Red Light"
"CR-0000090653","ACV-0000185168","M","26","","Moderate","Driver","Had Not Been Drinking","West","Stopped","Car","Unknown","1","Not Applicable","Not Applicable"
"CR-0000090655","ACV-0000185172","F","64","","Totaled","Driver","Had Not Been Drinking","West","Making Left Turn","Car","None Apparent","1","Unknown","Unknown"
"CR-0000090657","ACV-0000185176","M","50","","Unknown","Driver","Impairment Not Known","South","Making Left Turn","Car","Unknown","1","Unknown","Unknown"
"CR-0000090659","ACV-0000185180","M","48","","Minor","Driver","Impairment Not Known","South","Proceeding Straight","Car","None Apparent","1","22350","Speeding"
"CR-0000090661","ACV-0000185184","M","23","","Moderate","Driver","Had Not Been Drinking","South","Proceeding Straight","Car","None Apparent","1","21954","Pedestrian Yield Car"
"CR-0000090663","ACV-0000185188","M","0","","Unknown","Driver","Impairment Not Known","East","Making Left Turn","Panel Truck","Unknown","1","Unknown","Unknown"
"CR-0000090642","ACV-0000185141","M","26","","Moderate","Driver","Had Not Been Drinking","North","Proceeding Straight","Panel Truck","Unknown","1","21453","Run Red Light"
"CR-0000090644","ACV-0000185145","F","64","","Major","Driver","Had Not Been Drinking","North","Proceeding Straight","Car","Unknown","1","21453","Run Red Light"
"CR-0000090645","ACV-0000185148","F","35","","Not Applicable","Pedestrian","Had Not Been Drinking","West","Other (Ped)","Pedestrian","Unknown","1","21954","Pedestrian Yield Car"
"CR-0000090647","ACV-0000185153","M","46","","Major","Driver","Had Not Been Drinking","West","Proceeding Straight","Car","Other Violation","1","22350","Speeding"
"CR-0000090648","ACV-0000185157","F","26","","Moderate","Driver","Had Not Been Drinking","North","Stopped","Car","None Apparent","1","Not Applicable","Not Applicable"
"CR-0000090650","ACV-0000185161","M","29","","Moderate","Driver","Had Not Been Drinking","West","Slowing/Stopping","Panel Truck","None Apparent","1","Not Applicable","Not Applicable"
"CR-0000090652","ACV-0000185165","F","25","","Major","Driver","Had Not Been Drinking","East","Proceeding Straight","Car","None Apparent","1","Not Applicable","Not Applicable"
"CR-0000090654","ACV-0000185169","M","29","","Moderate","Driver","Impairment Not Known","West","Proceeding Straight","Car","Other Violation","1","22350","Speeding"
"CR-0000090655","ACV-0000185173","M","52","","Major","Driver","Had Not Been Drinking","East","Proceeding Straight","Car","None Apparent","1","Not Applicable","Not Applicable"
"CR-0000090657","ACV-0000185177","M","31","","Unknown","Driver","Impairment Not Known","South","Making Left Turn","Car","Unknown","1","Unknown","Unknown"
"CR-0000090659","ACV-0000185181","M","42","","Moderate","Driver","Had Not Been Drinking","South","Stopped","Car","None Apparent","1","Not Applicable","Not Applicable"
"CR-0000090661","ACV-0000185185","M","36","","Not Applicable","Pedestrian","Had Not Been Drinking","South","Stopped","Pedestrian","None Apparent","1","Not Applicable","Not Applicable"
"CR-0000090663","ACV-0000185189","M","21","","Unknown","Driver","Impairment Not Known","East","Proceeding Straight","Car","Unknown","1","Unknown","Unknown"
"CR-0000090694","ACV-0000185248","M","39","","Major","Driver","Impairment Not Known","North","Proceeding Straight","Car","None Apparent","1","Not Applicable","Not Applicable"
"CR-0000090692","ACV-0000185245","M","23","","Major","Driver","Had Not Been Drinking","West","Making Left Turn","Panel Truck","None Apparent","1","Not Applicable","Not Applicable"
"CR-0000090666","ACV-0000185194","M","33","","Major","Driver","Had Not Been Drinking","West","Making U-Turn","Car","None Apparent","1","Not Applicable","Not Applicable"
"CR-0000090688","ACV-0000185236","F","68","","Unknown","Driver","Impairment Not Known","North","Parking Maneuver","Car","Unknown","1","Not Applicable","Not Applicable"
"CR-0000090706","ACV-0000185272","M","0","","Unknown","Driver","Impairment Not Known","East","Other Unsafe Turning","Car","Unknown;Other Violation","1","Unknown","Unknown"
"CR-0000090689","ACV-0000185239","M","59","","Minor","Driver","Had Not Been Drinking","East","Stopped","Car","Unknown","1","Not Applicable","Not Applicable"
"CR-0000090700","ACV-0000185262","F","27","","Minor","Driver","Had Not Been Drinking","North","Stopped","Car","Unknown","1","Not Applicable","Not Applicable"
"CR-0000090675","ACV-0000185210","M","28","","Unknown","Parked","Impairment Not Known","Not Applicable","Parked","Car","Unknown","1","Unknown","Unknown"
"CR-0000090676","ACV-0000185213","M","52","","Moderate","Driver","Had Not Been Drinking","West","Changing Lanes","Panel Truck","None Apparent","1","21951","Vehicle Stopped/Pedestrian"