"CrashName","Name","Sex","Age","Speed","VehicleDamage","PartyCategory","Sobriety","VehicleDirection","MovementPrecedingCollision","PartyType","OtherAssociatedFactor","VehicleCount","ViolationCode","ViolationCodeDescription"
"CR-0000090857","ACV-0000185571","F","35","","Minor","Driver","Impairment Not Known","North","Stopped","Car","None Apparent","1","21453","Run Red Light"
"CR-0000090859","ACV-0000185575","M","48","","Unknown","Parked","Impairment Not Known","Not Applicable","Parked","Car","Unknown","1","Unknown","Unknown"
"CR-0000090861","ACV-0000185579","","0","","Unknown","Driver","Impairment Not Known","Unknown","Entering Traffic","Car","Unknown","1","Unknown","Unknown"
"CR-0000090863","ACV-0000185583","M","22","","Moderate","Driver","Had Not Been Drinking","South","Making Left Turn","Car","Other Violation","1","22107","Unsafe Turn Movement"
"CR-0000090865","ACV-0000185587","M","41","","Moderate","Bicycle","Had Not Been Drinking","West","Proceeding Straight","Bicycle","Unknown","1","22350","Speeding"
"CR-0000090867","ACV-0000185591","F","44","","Unknown","Driver","Impairment Not Known","West","Proceeding Straight","Car","Unknown","1","Unknown","Unknown"
"CR-0000090869","ACV-0000185595","","0","","Unknown","Driver","Impairment Not Known","Unknown","Unknown","Unknown","Unknown","1","Unknown","Unknown"
"CR-0000090871","ACV-0000185599","M","33","","Unknown","Driver","Impairment Not Known","North","Proceeding Straight","Car","Unknown","1","Unknown","Unknown"
"CR-0000090872","ACV-0000185603","M","52","","Moderate","Driver","Impairment Not Known","East","Proceeding Straight","Car","None Apparent","1","Not Applicable","Not Applicable"
"CR-0000090874","ACV-0000185607","M","59","","Moderate","Driver","Impairment Not Known","Unknown","Entering Traffic","Car","Unknown","1","Unknown","Unknown"
"CR-0000090876","ACV-0000185611","M","21","","Moderate","Driver","Had Not Been Drinking","South","Making Right Turn","Motorcycle/Moped","None Apparent","1","Not Applicable","Not Applicable"
"CR-0000090854","ACV-0000185565","F","31","","Minor","Driver","Had Not Been Drinking","West","Making Left Turn","Car","Vision Obscurement","1","21950","Yield Pedestrian In Crosswalk"
"CR-0000090856","ACV-0000185569","F","29","","Minor","Driver","Had Not Been Drinking","North","Backing","Panel Truck","Unknown","1","22106","Unsafe Backing"
"CR-0000090858","ACV-0000185573","F","26","","Unknown","Driver","Impairment Not Known","North","Proceeding Straight","Car","Unknown","1","Unknown","Unknown"
"CR-0000090860","ACV-0000185577","","0","","Unknown","Driver","Impairment Not Known","Unknown","Making Left Turn","Car","Unknown","1","Unknown","Unknown"
"CR-0000090862","ACV-0000185581","F","51","","Moderate","Driver","Had Not Been Drinking","East","Proceeding Straight","Car","Unknown","1","22350","Speeding"
"CR-0000090864","ACV-0000185585","M","51","","Minor","Driver","Had Not Been Drinking","West","Making Right Turn","Car","None Apparent","1","21650","Driving Wrong Side"
"CR-0000090866","ACV-0000185589","F","27","","Unknown","Parked","Impairment Not Known","Not Applicable","Parked","Car","Unknown","1","Unknown","Unknown"
"CR-0000090868","ACV-0000185593","M","80","","Unknown","Parked","Impairment Not Known","Unknown","Parked","Car","Unknown","1","Unknown","Unknown"
"CR-0000090870","ACV-0000185597","M","59","","Unknown","Driver","Impairment Not Known","East","Slowing/Stopping","Car","Unknown","1","Unknown","Unknown"
"CR-0000090872","ACV-0000185601","F","17","","Minor","Driver","Impairment Not Known","East","Proceeding Straight","Car","None Apparent","1","22107","Unsafe Turn Movement"
"CR-0000090873","ACV-0000185605","M","76","","None","Driver","Had Not Been Drinking","East","Making Left Turn","Car","Inattention","1","21950","Yield Pedestrian In Crosswalk"
"CR-0000090875","ACV-0000185609","M","21","","Minor","Driver","Had Not Been Drinking","North","Proceeding Straight","Motorcycle/Moped","Unknown","1","22350","Speeding"
"CR-0000090854","ACV-0000185566","F","57","","Not Applicable","Pedestrian","Had Not Been Drinking","South","Other (Ped)","Pedestrian","Unknown","1","Not Applicable","Not Applicable"
"CR-0000090856","ACV-0000185570","F","39","","Unknown","Driver","Had Not Been Drinking","North","Stopped","Car","Unknown","1","Not Applicable","Not Applicable"
"CR-0000090858","ACV-0000185574","M","31","","Unknown","Driver","Impairment Not Known","West","Backing","Car","Unknown","1","Unknown","Unknown"
"CR-0000090860","ACV-0000185578","F","54","","Unknown","Driver","Impairment Not Known","North","Proceeding Straight","Car","Unknown","1","Unknown","Unknown"
"CR-0000090862","ACV-0000185582","M","62","","Moderate","Driver","Had Not Been Drinking","East","Stopped","Car","Unknown","1","Not Applicable","Not Applicable"
"CR-0000090864","ACV-0000185586","M","70","","Not Applicable","Bicycle","Had Not Been Drinking","South","Proceeding Straight","Bicycle","None Apparent","1","Not Applicable","Not Applicable"
"CR-0000090866","ACV-0000185590","","0","","Unknown","Driver","Impairment Not Known","North","Backing","Car","Unknown","1","Unknown","Unknown"
"CR-0000090868","ACV-0000185594","","0","","Unknown","Driver","Impairment Not Known","Unknown","Backing","Car","Unknown","1","Unknown","Unknown"
"CR-0000090870","ACV-0000185598","","0","","Unknown","Driver","Impairment Not Known","East","Unknown","Unknown","Unknown","1","Unknown","Unknown"
"CR-0000090872","ACV-0000185602","F","26","","Minor","Driver","Impairment Not Known","East","Proceeding Straight","Car","None Apparent","1","Not Applicable","Not Applicable"
"CR-0000090873","ACV-0000185606","F","16","","Not Applicable","Pedestrian","Had Not Been Drinking","North","Other (Ped)","Pedestrian","None Apparent","1","Not Applicable","Not Applicable"
"CR-0000090876","ACV-0000185610","F","29","","Minor","Driver","Had Not Been Drinking","South","Making Right Turn","Panel Truck","None Apparent","1","21804","Yield From Driveway/Curb"
"CR-0000090878","ACV-0000185615","M","25","","Major","Driver","Impairment Not Known","West","Ran Off Road","Car","Other","1","22107","Unsafe Turn Movement"
"CR-0000090881","ACV-0000185619","F","64","","Major","Driver","Impairment Not Known","North","Traveling Wrong Way","Panel Truck","None Apparent","1","21650","Driving Wrong Side"
"CR-0000090882","ACV-0000185623","","0","","Minor","Parked","Not Applicable","Not Applicable","Parked","Car","None Apparent","1","Not Applicable","Not Applicable"
"CR-0000090855","ACV-0000185568","M","55","","Minor","Driver","Had Not Been Drinking","West","Stopped","Panel Truck","None Apparent","1","Not Applicable","Not Applicable"
"CR-0000090857","ACV-0000185572","M","51","","Moderate","Driver","Impairment Not Known","North","Stopped","Car","None Apparent","1","Not Applicable","Not Applicable"
"CR-0000090859","ACV-0000185576","","0","","Unknown","Driver","Impairment Not Known","Unknown","Unknown","Unknown","Unknown","1","Unknown","Unknown"
"CR-0000090861","ACV-0000185580","","0","","Unknown","Driver","Impairment Not Known","Unknown","Proceeding Straight","Panel Truck","Unknown","1","Unknown","Unknown"
"CR-0000090863","ACV-0000185584","M","22","","Totaled","Driver","Had Not Been Drinking","North","Proceeding Straight","Car","None Apparent","1","Not Applicable","Not Applicable"
"CR-0000090865","ACV-0000185588","","0","","Moderate","Parked","Not Applicable","Not Applicable","Parked","Car","Unknown","1","Not Applicable","Not Applicable"
"CR-0000090867","ACV-0000185592","","0","","Unknown","Driver","Impairment Not Known","Unknown","Unknown","Car","Unknown","1","Unknown","Unknown"
"CR-0000090869","ACV-0000185596","M","35","","Unknown","Parked","Not Applicable","Not Applicable","Parked","Panel Truck","Unknown","1","Unknown","Unknown"
"CR-0000090871","ACV-0000185600","","0","","Unknown","Driver","Impairment Not Known","Unknown","Unknown","Unknown","Unknown","1","Unknown","Unknown"
"CR-0000090872","ACV-0000185604","M","69","","Minor","Driver","Impairment Not Known","East","Proceeding Straight","Car","None Apparent","1","Not Applicable","Not Applicable"
"CR-0000090874","ACV-0000185608","M","59","","Moderate","Driver","Impairment Not Known","Unknown","Proceeding Straight","Panel Truck","Unknown","1","Not Applicable","Not Applicable"
"CR-0000090877","ACV-0000185613","F","31","","Moderate","Driver","Had Not Been Drinking","North","Stopped","Car","None Apparent","1","Not Applicable","Not Applicable"
"CR-0000090879","ACV-0000185617","M","13","","Not Applicable","Bicycle","Had Not Been Drinking","South","Other (Bike)","Bicycle","Unknown","1","Not Applicable","Not Applicable"
"CR-0000090882","ACV-0000185621","M","67","","Major","Driver","Had Not Been Drinking","East","Proceeding Straight","Car","None Apparent","1","21453","Run Red Light"
"CR-0000090877","ACV-0000185614","M","62","","Minor","Driver","Had Not Been Drinking","North","Stopped","Car","None Apparent","1","Not Applicable","Not Applicable"
"CR-0000090880","ACV-0000185618","F","22","","Moderate","Driver","Sleepy/Fatigued","North","Making Left Turn","Car","Unknown","1","22107","Unsafe Turn Movement"
"CR-0000090882","ACV-0000185622","F","65","","Minor","Driver","Had Not Been Drinking","South","Proceeding Straight","Panel Truck","None Apparent","1","Not Applicable","Not Applicable"
"CR-0000090877","ACV-0000185612","","0","","Unknown","Driver","Impairment Not Known","South","Making Right Turn","Car","Other Violation","1","22350","Speeding"
"CR-0000090879","ACV-0000185616","F","41","","Minor","Driver","Had Not Been Drinking","West","Making Right Turn","Car","Inattention","1","22107","Unsafe Turn Movement"
"CR-0000090881","ACV-0000185620","F","44","","Major","Driver","Impairment Not Known","North","Proceeding Straight","Car","None Apparent","1","Not Applicable","Not Applicable"
"CR-0000090882","ACV-0000185624","","0","","None","Parked","Not Applicable","Not Applicable","Parked","Car","None Apparent","1","Not Applicable","Not Applicable"
"CR-0000090929","ACV-0000185701","","0","","Minor","Parked","Not Applicable","Not Applicable","Parked","Panel Truck","Unknown","1","Not Applicable","Not Applicable"
"CR-0000090883","ACV-0000185628","","0","","Moderate","Parked","Not Applicable","Not Applicable","Parked","Car","Unknown","1","Not Applicable","Not Applicable"
"CR-0000090920","ACV-0000185683","","0","","Major","Parked","Not Applicable","Not Applicable","Parked","Car","None Apparent","1","Not Applicable","Not Applicable"
"CR-0000090925","ACV-0000185692","","0","","Moderate","Driver","Impairment Not Known","West","Proceeding Straight","Car","Unknown","1","22107","Unsafe Turn Movement"
"CR-0000090883","ACV-0000185625","F","31","","Major","Driver","Had Not Been Drinking","East","Proceeding Straight","Car","Inattention","1","22350","Speeding"
"CR-0000090922","ACV-0000185687","M","0","","Unknown","Parked","Not Applicable","Unknown","Parked","Panel Truck","Unknown","1","Unknown","Unknown"
"CR-0000090884","ACV-0000185630","M","16","","Not Applicable","Bicycle","Impairment Not Known","North","Other (Bike)","Bicycle","Violation By Bike","1","Not Applicable","Not Applicable"
"CR-0000090930","ACV-0000185703","M","33","","Moderate","Driver","Impairment Not Known","North","Proceeding Straight","Car","None Apparent","1","Not Applicable","Not Applicable"
"CR-0000090887","ACV-0000185636","F","37","","Minor","Driver","Had Not Been Drinking","South","Stopped","Car","Unknown","1","Not Applicable","Not Applicable"
"CR-0000090921","ACV-0000185684","F","45","","Unknown","Parked","Impairment Not Known","Not Applicable","Parked","Car","Unknown","1","Unknown","Unknown"
"CR-0000090902","ACV-0000185660","M","44","","Major","Driver","Impairment Not Known","North","Ran Off Road","Car","None Apparent","1","22350","Speeding"
"CR-0000090896","ACV-0000185650","M","32","","Minor","Driver","Impairment Not Known","East","Proceeding Straight","Car","Unknown","1","Not Applicable","Not Applicable"
"CR-0000090893","ACV-0000185644","","0","","Moderate","Driver","Impairment Not Known","North","Proceeding Straight","Car","Other Violation","1","22107","Unsafe Turn Movement"
"CR-0000090930","ACV-0000185702","M","17","","Major","Driver","Impairment Not Known","West","Proceeding Straight","Car","Other Violation","1","22350","Speeding"
"CR-0000090923","ACV-0000185689","","0","","Unknown","Parked","Not Applicable","Unknown","Parked","Unknown","Unknown","1","Unknown","Unknown"
"CR-0000090926","ACV-0000185693","F","41","","Moderate","Driver","Had Not Been Drinking","East","Proceeding Straight","Car","None Apparent","1","22107","Unsafe Turn Movement"
"CR-0000090892","ACV-0000185643","M","79","","Major","Driver","Had Not Been Drinking","West","Proceeding Straight","Car","Unknown","1","Not Applicable","Not Applicable"
"CR-0000090910","ACV-0000185669","M","56","","Minor","Parked","Not Applicable","Not Applicable","Parked","Car","Stop And Go Traffic","1","Not Applicable","Not Applicable"
"CR-0000090919","ACV-0000185681","M","35","","None","Driver","Impairment Not Known","North","Stopped","Car","Unknown","1","Not Applicable","Not Applicable"
"CR-0000090910","ACV-0000185668","","0","","Unknown","Driver","Impairment Not Known","South","Stopped","Car","Other Violation","1","22350","Speeding"
"CR-0000090906","ACV-0000185665","M","22","","None","Driver","Had Not Been Drinking","East","Making Left Turn","Car","Other Violation","1","21950","Yield Pedestrian In Crosswalk"
"CR-0000090896","ACV-0000185651","F","49","","Minor","Driver","Impairment Not Known","East","Proceeding Straight","Car","Unknown","1","Not Applicable","Not Applicable"
"CR-0000090899","ACV-0000185656","","0","","Major","Driver","Impairment Not Known","North","Proceeding Straight","Car","Other Violation","1","22350","Speeding"
"CR-0000090927","ACV-0000185696","M","52","","Minor","Parked","Not Applicable","Not Applicable","Parked","Panel Truck","Unknown","1","Not Applicable","Not Applicable"
"CR-0000090891","ACV-0000185641","M","38","","Moderate","Driver","Had Not Been Drinking","South","Making Left Turn","Car","Inattention","1","22350","Speeding"
"CR-0000090916","ACV-0000185676","F","0","","Major","Driver","Impairment Not Known","North","Proceeding Straight","Car","None Apparent","1","22350","Speeding"
"CR-0000090913","ACV-0000185670","","0","","Major","Driver","Impairment Not Known","South","Proceeding Straight","Car","None Apparent","1","22350","Speeding"
"CR-0000090885","ACV-0000185631","F","22","","Minor","Driver","Had Not Been Drinking","South","Stopped","Unknown","Unknown","1","21800","Yield Uncontrolled Intersection"
"CR-0000090893","ACV-0000185646","","0","","Moderate","Parked","Not Applicable","Not Applicable","Parked","Car","None Apparent","1","Not Applicable","Not Applicable"
"CR-0000090924","ACV-0000185690","F","0","","Unknown","Driver","Impairment Not Known","Unknown","Passing Other Vehicles","Unknown","Entering/Leaving Ramp;Stop And Go Traffic","1","Unknown","Unknown"
"CR-0000090885","ACV-0000185632","F","44","","Minor","Driver","Had Not Been Drinking","Unknown","Stopped","Car","Unknown","1","Not Applicable","Not Applicable"
"CR-0000090924","ACV-0000185691","M","56","","Unknown","Driver","Impairment Not Known","Unknown","Proceeding Straight","Car","Entering/Leaving Ramp;Stop And Go Traffic","1","Unknown","Unknown"
"CR-0000090892","ACV-0000185642","M","74","","Major","Driver","Had Not Been Drinking","South","Proceeding Straight","Car","Other Violation","1","21453","Run Red Light"
"CR-0000090913","ACV-0000185671","","0","","Major","Parked","Not Applicable","Not Applicable","Parked","Car","None Apparent","1","Not Applicable","Not Applicable"
"CR-0000090897","ACV-0000185652","F","32","","Major","Driver","Had Not Been Drinking","West","Making Left Turn","Car","None Apparent","1","22107","Unsafe Turn Movement"
"CR-0000090929","ACV-0000185700","","0","","Minor","Parked","Not Applicable","Not Applicable","Parked","Car","Unknown","1","Not Applicable","Not Applicable"
"CR-0000090920","ACV-0000185682","M","21","","Major","Driver","Had Not Been Drinking","South","Proceeding Straight","Panel Truck","Other Violation","1","22107","Unsafe Turn Movement"
"CR-0000090897","ACV-0000185653","M","23","","Major","Driver","Had Not Been Drinking","East","Proceeding Straight","Car","None Apparent","1","Not Applicable","Not Applicable"
"CR-0000090883","ACV-0000185626","","0","","Major","Parked","Not Applicable","Not Applicable","Parked","Panel Truck","Unknown","1","Not Applicable","Not Applicable"
"CR-0000090886","ACV-0000185633","F","51","","None","Driver","Impairment Not Known","East","Proceeding Straight","Car","Unknown","1","22350","Speeding"
"CR-0000090914","ACV-0000185672","M","28","","Unknown","Driver","Impairment Not Known","North","Proceeding Straight","Car","None Apparent","1","20002","Leave Accident Scene"
"CR-0000090904","ACV-0000185663","M","35","","Minor","Driver","Had Not Been Drinking","North","Changing Lanes","Car","Unknown","1","22350","Speeding"
"CR-0000090914","ACV-0000185673","F","0","","Minor","Parked","Not Applicable","Not Applicable","Parked","Car","None Apparent","1","Not Applicable","Not Applicable"
"CR-0000090888","ACV-0000185637","M","55","","Unknown","Parked","Impairment Not Known","Unknown","Parked","Car","Unknown","1","Unknown","Unknown"
"CR-0000090919","ACV-0000185680","M","26","","None","Driver","Impairment Not Known","North","Proceeding Straight","Car","Other Violation","1","22350","Speeding"
"CR-0000090909","ACV-0000185667","M","64","","Major","Driver","Had Not Been Drinking","East","Ran Off Road","Car","Unknown","1","23123","Cellphone In Use"
"CR-0000090922","ACV-0000185686","","0","","Unknown","Driver","Impairment Not Known","Unknown","Proceeding Straight","Car","Unknown","1","Unknown","Unknown"
"CR-0000090898","ACV-0000185654","M","38","","Major","Driver","Impairment Not Known","South","Proceeding Straight","Car","None Apparent","1","00001","Other Improper Driving"
"CR-0000090889","ACV-0000185640","","0","","Moderate","Parked","Not Applicable","Not Applicable","Parked","Panel Truck","Unknown","1","Not Applicable","Not Applicable"
"CR-0000090904","ACV-0000185664","","0","","Minor","Parked","Not Applicable","Not Applicable","Parked","Car","Unknown","1","Not Applicable","Not Applicable"
"CR-0000090886","ACV-0000185634","F","0","","Minor","Driver","Impairment Not Known","West","Making U-Turn","Emergency Vehicle","Unknown","1","Not Applicable","Not Applicable"
"CR-0000090889","ACV-0000185639","","0","","Moderate","Driver","Impairment Not Known","South","Making Right Turn","Car","Other Violation","1","22107","Unsafe Turn Movement"
"CR-0000090893","ACV-0000185645","","0","","Minor","Parked","Not Applicable","Not Applicable","Parked","Car","None Apparent","1","Not Applicable","Not Applicable"
"CR-0000090896","ACV-0000185649","F","25","","Moderate","Driver","Impairment Not Known","East","Proceeding Straight","Car","Inattention","1","12500","Unlicensed Driver"
"CR-0000090898","ACV-0000185655","M","22","","Moderate","Driver","Impairment Not Known","West","Making Left Turn","Panel Truck","None Apparent","1","Not Applicable","Not Applicable"
"CR-0000090915","ACV-0000185674","F","74","","Major","Driver","Impairment Not Known","North","Making U-Turn","Car","None Apparent","1","21801","Yield Left Turn"
"CR-0000090929","ACV-0000185699","","0","","Moderate","Parked","Not Applicable","Not Applicable","Parked","Car","Unknown","1","Not Applicable","Not Applicable"
"CR-0000090901","ACV-0000185659","F","52","","Major","Driver","Had Not Been Drinking","West","Stopped","Car","None Apparent","1","Not Applicable","Not Applicable"
"CR-0000090888","ACV-0000185638","","0","","Unknown","Driver","Impairment Not Known","Unknown","Unknown","Unknown","Unknown","1","Unknown","Unknown"
"CR-0000090903","ACV-0000185661","F","26","","Major","Driver","Impairment Not Known","East","Making Left Turn","Car","Unknown","1","21801","Yield Left Turn"
"CR-0000090894","ACV-0000185647","","0","","Major","Driver","Impairment Not Known","South","Ran Off Road","Car","Other Violation","1","22350","Speeding"
"CR-0000090918","ACV-0000185679","F","23","","Major","Driver","Impairment Not Known","East","Ran Off Road","Car","Inattention","1","22350","Speeding"
"CR-0000090926","ACV-0000185694","","0","","Moderate","Parked","Not Applicable","Not Applicable","Parked","Car","None Apparent","1","Not Applicable","Not Applicable"
"CR-0000090921","ACV-0000185685","","0","","Unknown","Driver","Impairment Not Known","Unknown","Unknown","Unknown","Unknown","1","Unknown","Unknown"
"CR-0000090915","ACV-0000185675","M","70","","Moderate","Driver","Impairment Not Known","North","Proceeding Straight","Car","None Apparent","1","Not Applicable","Not Applicable"
"CR-0000090923","ACV-0000185688","","0","","Unknown","Driver","Impairment Not Known","Unknown","Proceeding Straight","Unknown","Unknown","1","Unknown","Unknown"
"CR-0000090928","ACV-0000185697","F","21","","Minor","Driver","Impairment Not Known","South","Proceeding Straight","Car","None Apparent","1","22350","Speeding"
"CR-0000090895","ACV-0000185648","","0","","Unknown","Driver","Impairment Not Known","Unknown","Backing","Unknown","None Apparent","1","22106","Unsafe Backing"
"CR-0000090899","ACV-0000185657","F","63","","Minor","Driver","Impairment Not Known","West","Making Right Turn","Car","None Apparent","1","Not Applicable","Not Applicable"
"CR-0000090906","ACV-0000185666","F","34","","Not Applicable","Pedestrian","Had Not Been Drinking","North","Proceeding Straight","Pedestrian","None Apparent","1","Not Applicable","Not Applicable"
"CR-0000090887","ACV-0000185635","F","45","","None","Driver","Had Not Been Drinking","South","Proceeding Straight","Car","Unknown","1","22350","Speeding"
"CR-0000090901","ACV-0000185658","M","48","","None","Driver","Had Not Been Drinking","West","Proceeding Straight","Car","None Apparent","1","22350","Speeding"
"CR-0000090931","ACV-0000185704","M","38","","Moderate","Driver","Had Not Been Drinking","South","Proceeding Straight","Car","Inattention","1","22107","Unsafe Turn Movement"
"CR-0000090917","ACV-0000185677","M","47","","Moderate","Driver","Had Been Drinking - Under Influence","West","Proceeding Straight","Car","Other Violation","1","23153","Driving Drunk With Injury"
"CR-0000090903","ACV-0000185662","F","28","","Major","Driver","Impairment Not Known","West","Proceeding Straight","Car","Unknown","1","Not Applicable","Not Applicable"
"CR-0000090883","ACV-0000185627","","0","","Major","Parked","Not Applicable","Not Applicable","Parked","Car","Unknown","1","Not Applicable","Not Applicable"
"CR-0000090927","ACV-0000185695","M","37","","Major","Driver","Had Been Drinking - Under Influence","South","Proceeding Straight","Car","Other Violation","1","23153","Driving Drunk With Injury"
"CR-0000090917","ACV-0000185678","F","27","","Moderate","Driver","Had Not Been Drinking","West","Stopped","Car","None Apparent","1","Not Applicable","Not Applicable"
"CR-0000090931","ACV-0000185705","M","67","","Unknown","Driver","Impairment Not Known","South","Proceeding Straight","Car","Unknown","1","Not Applicable","Not Applicable"
"CR-0000090929","ACV-0000185698","F","0","","Major","Driver","Had Not Been Drinking","North","Making Right Turn","Car","Unknown","1","22107","Unsafe Turn Movement"
"CR-0000090884","ACV-0000185629","F","41","","Minor","Driver","Impairment Not Known","South","Making Right Turn","Car","Unknown","1","21804","Yield From Driveway/Curb"
"CR-0000090945","ACV-0000185734","F","69","","Moderate","Driver","Had Not Been Drinking","North","Proceeding Straight","Car","Unknown","1","Not Applicable","Not Applicable"
"CR-0000090935","ACV-0000185713","","0","","Unknown","Driver","Impairment Not Known","Unknown","Unknown","Unknown","Unknown","1","Unknown","Unknown"
"CR-0000090946","ACV-0000185735","F","96","","None","Driver","Had Not Been Drinking","East","Proceeding Straight","Car","None Apparent","1","21703","Follow Too Closely"
"CR-0000090939","ACV-0000185721","M","41","","Unknown","Driver","Impairment Not Known","North","Stopped","Panel Truck","Unknown","1","Unknown","Unknown"
"CR-0000090942","ACV-0000185727","F","47","","Minor","Driver","Had Not Been Drinking","West","Proceeding Straight","Car","None Apparent","1","Not Applicable","Not Applicable"
"CR-0000090932","ACV-0000185707","F","17","","Moderate","Driver","Impairment Not Known","North","Making Left Turn","Car","Unknown","1","Not Applicable","Not Applicable"
"CR-0000090942","ACV-0000185728","F","24","","Not Applicable","Pedestrian","Had Been Drinking - Impairment Unknown","South","Other (Ped)","Pedestrian","None Apparent","1","21955","Crossing Controlled Intersection/Jaywalking"
"CR-0000090935","ACV-0000185712","M","70","","Unknown","Driver","Impairment Not Known","West","Proceeding Straight","Car","Unknown","1","Unknown","Unknown"
"CR-0000090938","ACV-0000185718","M","28","","Minor","Driver","Impairment Not Known","East","Proceeding Straight","Car","None Apparent","1","21453","Run Red Light"
"CR-0000090955","ACV-0000185751","","0","","Unknown","Driver","Impairment Not Known","East","Backing","Car","Other Violation","1","22106","Unsafe Backing"
"CR-0000090938","ACV-0000185720","M","58","","Minor","Driver","Impairment Not Known","South","Making Left Turn","Car","None Apparent","1","Not Applicable","Not Applicable"
"CR-0000090933","ACV-0000185708","F","42","","Major","Driver","Impairment Not Known","North","Proceeding Straight","Car","Unknown","1","23152","Driving Drunk"
"CR-0000090953","ACV-0000185747","F","63","","Major","Driver","Had Not Been Drinking","North","Ran Off Road","Car","None Apparent","1","22350","Speeding"
"CR-0000090955","ACV-0000185752","F","48","","Minor","Parked","Had Not Been Drinking","West","Parked","Car","Unknown","1","Not Applicable","Not Applicable"
"CR-0000090948","ACV-0000185740","F","74","","Unknown","Driver","Impairment Not Known","South","Stopped","Car","None Apparent","1","Unknown","Unknown"
"CR-0000090936","ACV-0000185714","","0","","Unknown","Driver","Impairment Not Known","South","Making Right Turn","Unknown","None Apparent","1","22350","Speeding"
"CR-0000090949","ACV-0000185741","M","73","","None","Driver","Impairment Not Known","South","Making Left Turn","Panel Truck","Vision Obscurement","1","22107","Unsafe Turn Movement"
"CR-0000090937","ACV-0000185715","F","41","","Minor","Driver","Had Not Been Drinking","East","Proceeding Straight","Car","None Apparent","1","22350","Speeding"
"CR-0000090940","ACV-0000185724","F","62","","Unknown","Driver","Impairment Not Known","East","Stopped","Car","Unknown","1","Unknown","Unknown"
"CR-0000090941","ACV-0000185725","F","36","","Unknown","Driver","Impairment Not Known","South","Making Right Turn","Car","Unknown","1","Unknown","Unknown"
"CR-0000090954","ACV-0000185749","F","19","","Moderate","Driver","Had Not Been Drinking","East","Proceeding Straight","Car","None Apparent","1","Not Applicable","Not Applicable"
"CR-0000090946","ACV-0000185736","F","51","","Minor","Driver","Had Not Been Drinking","East","Slowing/Stopping","Car","None Apparent","1","Not Applicable","Not Applicable"
"CR-0000090948","ACV-0000185739","M","0","","Unknown","Driver","Impairment Not Known","South","Proceeding Straight","Car","Unknown","1","Unknown","Unknown"
"CR-0000090939","ACV-0000185722","F","0","","Unknown","Driver","Impairment Not Known","North","Backing","Car","Unknown","1","Unknown","Unknown"
"CR-0000090937","ACV-0000185716","M","63","","Minor","Driver","Had Not Been Drinking","East","Stopped","Car","None Apparent","1","Not Applicable","Not Applicable"
"CR-0000090954","ACV-0000185750","","0","","Minor","Parked","Not Applicable","Not Applicable","Parked","Car","None Apparent","1","Not Applicable","Not Applicable"
"CR-0000090940","ACV-0000185723","M","0","","Unknown","Driver","Impairment Not Known","Unknown","Proceeding Straight","Car","Unknown","1","Unknown","Unknown"
"CR-0000090932","ACV-0000185706","M","80","","Major","Driver","Impairment Not Known","South","Proceeding Straight","Panel Truck","Unknown","1","21453","Run Red Light"
"CR-0000090941","ACV-0000185726","M","23","","Unknown","Driver","Impairment Not Known","West","Proceeding Straight","Car","Unknown","1","Unknown","Unknown"
"CR-0000090951","ACV-0000185745","F","47","","Major","Driver","Had Not Been Drinking","East","Making Left Turn","Car","None Apparent","1","21451","Failure To Go On Green/Arrow"
"CR-0000090938","ACV-0000185719","F","46","","None","Driver","Impairment Not Known","South","Making Left Turn","Panel Truck","None Apparent","1","Not Applicable","Not Applicable"
"CR-0000090951","ACV-0000185746","F","22","","Major","Driver","Had Not Been Drinking","West","Proceeding Straight","Car","None Apparent","1","Not Applicable","Not Applicable"
"CR-0000090933","ACV-0000185709","","0","","Moderate","Parked","Impairment Not Known","Not Applicable","Parked","Car","Unknown","1","Not Applicable","Not Applicable"
"CR-0000090943","ACV-0000185730","M","19","","Minor","Driver","Had Not Been Drinking","South","Proceeding Straight","Car","Unknown","1","Not Applicable","Not Applicable"
"CR-0000090950","ACV-0000185743","M","30","","Major","Driver","Impairment Not Known","West","Traveling Wrong Way","Car","Other Violation","1","21651","Divided Highway"
"CR-0000090954","ACV-0000185748","F","37","","Moderate","Driver","Had Not Been Drinking","East","Making U-Turn","Car","None Apparent","1","22103","Unsafe U-Turn"
"CR-0000090944","ACV-0000185731","F","33","","Not Applicable","Pedestrian","Impairment Not Known","North","Other (Ped)","Pedestrian","None Apparent","1","21954","Pedestrian Yield Car"
"CR-0000090947","ACV-0000185737","M","66","","None","Driver","Had Not Been Drinking","South","Making Left Turn","Car","None Apparent","1","21950","Yield Pedestrian In Crosswalk"
"CR-0000090934","ACV-0000185710","M","21","","Unknown","Driver","Impairment Not Known","Unknown","Unknown","Car","Unknown","1","Unknown","Unknown"
"CR-0000090947","ACV-0000185738","M","15","","Not Applicable","Pedestrian","Had Not Been Drinking","Unknown","Other (Ped)","Pedestrian","None Apparent","1","Not Applicable","Not Applicable"
"CR-0000090949","ACV-0000185742","M","16","","Not Applicable","Pedestrian","Impairment Not Known","North","Other (Ped)","Pedestrian","Unknown","1","Not Applicable","Not Applicable"
"CR-0000090943","ACV-0000185729","","0","","Unknown","Driver","Impairment Not Known","North","Traveling Wrong Way","Car","Other Violation","1","22350","Speeding"
"CR-0000090937","ACV-0000185717","F","43","","Minor","Driver","Had Not Been Drinking","East","Stopped","Car","None Apparent","1","Not Applicable","Not Applicable"