"CrashName","Name","Sex","Age","Speed","VehicleDamage","PartyCategory","Sobriety","VehicleDirection","MovementPrecedingCollision","PartyType","OtherAssociatedFactor","VehicleCount","ViolationCode","ViolationCodeDescription"
"CR-0000091402","ACV-0000186625","F","42","","Major","Driver","Had Not Been Drinking","South","Making Left Turn","Car","None Apparent","1","Not Applicable","Not Applicable"
"CR-0000091415","ACV-0000186646","M","25","","Moderate","Driver","Had Not Been Drinking","East","Proceeding Straight","Car","None Apparent","1","Not Applicable","Not Applicable"
"CR-0000091398","ACV-0000186618","","0","","Unknown","Driver","Had Been Drinking - Impairment Unknown","North","Making Left Turn","Car","Other Violation","1","22450","Fail Stop/Sign"
"CR-0000091377","ACV-0000186580","","0","","Unknown","Driver","Impairment Not Known","South","Proceeding Straight","Unknown","None Apparent","1","21950","Yield Pedestrian In Crosswalk"
"CR-0000091391","ACV-0000186602","F","23","","Major","Driver","Impairment Not Known","West","Changing Lanes","Car","None Apparent","1","22107","Unsafe Turn Movement"
"CR-0000091409","ACV-0000186634","F","54","","Minor","Driver","Impairment Not Known","South","Making Left Turn","Car","Inattention","1","Not Applicable","Not Applicable"
"CR-0000091416","ACV-0000186648","F","50","","Moderate","Driver","Had Not Been Drinking","North","Proceeding Straight","Car","None Apparent","1","Not Applicable","Not Applicable"
"CR-0000091373","ACV-0000186569","","0","","Major","Driver","Impairment Not Known","East","Proceeding Straight","Car","None Apparent","1","22350","Speeding"
"CR-0000091392","ACV-0000186605","F","22","","Major","Driver","Impairment Not Known","East","Proceeding Straight","Car","None Apparent","1","Not Applicable","Not Applicable"
"CR-0000091412","ACV-0000186639","F","32","","Moderate","Driver","Impairment Not Known","West","Stopped","Car","None Apparent","1","Not Applicable","Not Applicable"
"CR-0000091410","ACV-0000186635","M","45","","Not Applicable","Pedestrian","Impairment Not Known","South","Entering Traffic","Pedestrian","None Apparent","1","21954","Pedestrian Yield Car"
"CR-0000091394","ACV-0000186608","M","17","","Major","Driver","Had Not Been Drinking","North","Ran Off Road","Car","Inattention","1","00001","Other Improper Driving"
"CR-0000091411","ACV-0000186637","M","26","","Unknown","Driver","Had Not Been Drinking","South","Ran Off Road","Car","None Apparent","1","22350","Speeding"
"CR-0000091393","ACV-0000186607","M","28","","Moderate","Driver","Impairment Not Known","South","Proceeding Straight","Panel Truck","None Apparent","1","Not Applicable","Not Applicable"
"CR-0000091392","ACV-0000186604","M","49","","Major","Driver","Impairment Not Known","North","Stopped","Panel Truck","None Apparent","1","21801","Yield Left Turn"
"CR-0000091373","ACV-0000186570","","0","","Major","Parked","Not Applicable","Not Applicable","Parked","Panel Truck","None Apparent","1","Not Applicable","Not Applicable"
"CR-0000091412","ACV-0000186638","M","57","","Moderate","Driver","Impairment Not Known","West","Making Right Turn","Car","Other Violation","1","Unknown","Unknown"
"CR-0000091375","ACV-0000186576","M","21","","Moderate","Driver","Impairment Not Known","East","Proceeding Straight","Car","None Apparent","1","21453","Run Red Light"
"CR-0000091396","ACV-0000186613","F","28","","Moderate","Driver","Impairment Not Known","West","Making Right Turn","Car","Other Violation","1","22107","Unsafe Turn Movement"
"CR-0000091394","ACV-0000186609","F","28","","Moderate","Driver","Had Not Been Drinking","North","Stopped","Car","None Apparent","1","Not Applicable","Not Applicable"
"CR-0000091372","ACV-0000186566","","0","","Minor","Parked","Not Applicable","Not Applicable","Parked","Car","None Apparent","1","Not Applicable","Not Applicable"
"CR-0000091396","ACV-0000186614","M","34","","Moderate","Driver","Had Not Been Drinking","North","Making Left Turn","Car","None Apparent","1","Not Applicable","Not Applicable"
"CR-0000091397","ACV-0000186616","F","28","","Moderate","Driver","Impairment Not Known","North","Proceeding Straight","Car","None Apparent","1","Not Applicable","Not Applicable"
"CR-0000091394","ACV-0000186610","F","36","","Moderate","Driver","Had Not Been Drinking","North","Proceeding Straight","Car","None Apparent","1","Not Applicable","Not Applicable"
"CR-0000091399","ACV-0000186620","","0","","Unknown","Driver","Impairment Not Known","Unknown","Making Right Turn","Panel Truck","None Apparent","1","Unknown","Unknown"
"CR-0000091376","ACV-0000186578","","0","","Unknown","Driver","Impairment Not Known","North","Proceeding Straight","Panel Truck","None Apparent","1","Unknown","Unknown"
"CR-0000091372","ACV-0000186567","","0","","Minor","Parked","Not Applicable","North","Parked","Car","None Apparent","1","Not Applicable","Not Applicable"
"CR-0000091414","ACV-0000186643","","0","","Major","Parked","Not Applicable","Not Applicable","Parked","Car","None Apparent","1","Not Applicable","Not Applicable"
"CR-0000091389","ACV-0000186599","M","52","","Minor","Driver","Had Not Been Drinking","South","Proceeding Straight","Car","None Apparent","1","Not Applicable","Not Applicable"
"CR-0000091395","ACV-0000186612","M","20","","Minor","Driver","Had Not Been Drinking","North","Proceeding Straight","Panel Truck","Entering/Leaving Ramp;Stop And Go Traffic","1","Not Applicable","Not Applicable"
"CR-0000091376","ACV-0000186579","M","68","","Not Applicable","Pedestrian","Impairment Not Known","Not Applicable","Other (Ped)","Pedestrian","None Apparent","1","Not Applicable","Not Applicable"
"CR-0000091404","ACV-0000186626","F","71","","Moderate","Driver","Had Not Been Drinking","North","Proceeding Straight","Car","None Apparent","1","21453","Run Red Light"
"CR-0000091373","ACV-0000186573","","0","","Minor","Parked","Not Applicable","Not Applicable","Parked","Panel Truck","None Apparent","1","Not Applicable","Not Applicable"
"CR-0000091416","ACV-0000186647","","0","","Moderate","Driver","Impairment Not Known","East","Proceeding Straight","Unknown","Other Violation","1","21453","Run Red Light"
"CR-0000091389","ACV-0000186598","F","59","","Moderate","Driver","Had Not Been Drinking","West","Proceeding Straight","Car","None Apparent","1","22450","Fail Stop/Sign"
"CR-0000091372","ACV-0000186568","F","55","","Totaled","Driver","Impairment Not Known","South","Making Left Turn","Car","None Apparent","1","Not Applicable","Not Applicable"
"CR-0000091379","ACV-0000186585","M","37","","Moderate","Driver","Had Not Been Drinking","South","Proceeding Straight","Car","None Apparent","1","Not Applicable","Not Applicable"
"CR-0000091379","ACV-0000186584","M","22","","Not Applicable","Pedestrian","Impairment Not Known","East","Other (Ped)","Pedestrian","None Apparent","1","21955","Crossing Controlled Intersection/Jaywalking"
"CR-0000091395","ACV-0000186611","M","26","","Moderate","Driver","Had Not Been Drinking","North","Proceeding Straight","Car","Entering/Leaving Ramp;Stop And Go Traffic","1","22350","Speeding"
"CR-0000091415","ACV-0000186645","M","0","","Moderate","Driver","Had Not Been Drinking","South","Proceeding Straight","Panel Truck","None Apparent","1","21453","Run Red Light"
"CR-0000091414","ACV-0000186644","","0","","Major","Parked","Not Applicable","Not Applicable","Parked","Car","None Apparent","1","Not Applicable","Not Applicable"
"CR-0000091399","ACV-0000186621","M","45","","Not Applicable","Driver","Had Not Been Drinking","Unknown","Proceeding Straight","Panel Truck","None Apparent","1","Unknown","Unknown"
"CR-0000091390","ACV-0000186601","F","75","","Moderate","Driver","Had Not Been Drinking","North","Proceeding Straight","Panel Truck","None Apparent","1","Not Applicable","Not Applicable"
"CR-0000091401","ACV-0000186622","F","62","","Major","Driver","Had Not Been Drinking","North","Making Left Turn","Car","None Apparent","1","21801","Yield Left Turn"
"CR-0000091393","ACV-0000186606","F","72","","Major","Driver","Impairment Not Known","East","Proceeding Straight","Car","None Apparent","1","22450","Fail Stop/Sign"
"CR-0000091407","ACV-0000186630","","0","","Minor","Driver","Impairment Not Known","North","Making Left Turn","Panel Truck","None Apparent","1","22350","Speeding"
"CR-0000091410","ACV-0000186636","M","20","","Minor","Driver","Impairment Not Known","West","Proceeding Straight","Car","None Apparent","1","Not Applicable","Not Applicable"
"CR-0000091374","ACV-0000186575","M","59","","Not Applicable","Bicycle","Had Not Been Drinking","North","Other (Bike)","Bicycle","None Apparent","1","Not Applicable","Not Applicable"
"CR-0000091378","ACV-0000186582","","0","","Unknown","Driver","Impairment Not Known","North","Proceeding Straight","Panel Truck","None Apparent","1","Not Applicable","Not Applicable"
"CR-0000091413","ACV-0000186641","","0","","Major","Parked","Not Applicable","Not Applicable","Parked","Panel Truck","None Apparent","1","Not Applicable","Not Applicable"
"CR-0000091414","ACV-0000186642","F","28","","Major","Driver","Had Been Drinking - Under Influence","South","Proceeding Straight","Car","Other Violation","1","22107","Unsafe Turn Movement"
"CR-0000091390","ACV-0000186600","M","22","","Major","Driver","Had Not Been Drinking","North","Changing Lanes","Panel Truck","None Apparent","1","21658","Unsafe Lane Change"
"CR-0000091375","ACV-0000186577","M","22","","Major","Driver","Impairment Not Known","West","Making Left Turn","Car","None Apparent","1","Not Applicable","Not Applicable"
"CR-0000091372","ACV-0000186565","","0","","Minor","Parked","Not Applicable","Not Applicable","Parked","Car","None Apparent","1","Not Applicable","Not Applicable"
"CR-0000091408","ACV-0000186631","M","30","","Major","Driver","Had Been Drinking - Impairment Unknown","East","Ran Off Road","Car","Other Violation","1","22350","Speeding"
"CR-0000091374","ACV-0000186574","M","39","","None","Driver","Had Not Been Drinking","East","Making Left Turn","Panel Truck","Other Violation","1","21950","Yield Pedestrian In Crosswalk"
"CR-0000091401","ACV-0000186623","M","62","","Major","Driver","Had Not Been Drinking","South","Proceeding Straight","Car","None Apparent","1","Not Applicable","Not Applicable"
"CR-0000091408","ACV-0000186632","M","54","","Major","Parked","Not Applicable","Not Applicable","Parked","Car","None Apparent","1","Not Applicable","Not Applicable"
"CR-0000091377","ACV-0000186581","M","37","","Not Applicable","Pedestrian","Impairment Not Known","Unknown","Other (Ped)","Pedestrian","None Apparent","1","Not Applicable","Not Applicable"
"CR-0000091419","ACV-0000186655","M","0","","Unknown","Driver","Impairment Not Known","Unknown","Stopped","Car","None Apparent","1","Unknown","Unknown"
"CR-0000091423","ACV-0000186660","M","33","","Major","Driver","Had Not Been Drinking","East","Proceeding Straight","Car","None Apparent","1","Not Applicable","Not Applicable"
"CR-0000091423","ACV-0000186659","M","21","","Moderate","Driver","Had Not Been Drinking","South","Making Left Turn","Car","None Apparent","1","21453","Run Red Light"
"CR-0000091420","ACV-0000186657","F","18","","Major","Driver","Had Not Been Drinking","East","Stopped","Car","None Apparent","1","Unknown","Unknown"
"CR-0000091421","ACV-0000186658","F","28","","Minor","Driver","Had Not Been Drinking","East","Parking Maneuver","Car","None Apparent","1","22106","Unsafe Backing"
"CR-0000091417","ACV-0000186650","F","17","","Not Applicable","Pedestrian","Had Not Been Drinking","North","Other (Ped)","Pedestrian","None Apparent","1","Not Applicable","Not Applicable"
"CR-0000091424","ACV-0000186661","M","25","","Major","Driver","Had Not Been Drinking","South","Making Right Turn","Car","None Apparent","1","22107","Unsafe Turn Movement"
"CR-0000091437","ACV-0000186679","M","55","","Minor","Driver","Had Not Been Drinking","West","Proceeding Straight","Car","None Apparent","1","22350","Speeding"
"CR-0000091434","ACV-0000186674","M","51","","Minor","Driver","Had Not Been Drinking","South","Proceeding Straight","Motorcycle/Moped","None Apparent","1","22350","Speeding"
"CR-0000091437","ACV-0000186680","M","58","","Minor","Driver","Had Not Been Drinking","West","Stopped","Car","None Apparent","1","Not Applicable","Not Applicable"
"CR-0000091435","ACV-0000186677","M","67","","Not Applicable","Pedestrian","Had Not Been Drinking","North","Other (Ped)","Pedestrian","None Apparent","1","Not Applicable","Not Applicable"
"CR-0000091434","ACV-0000186675","F","37","","Minor","Driver","Had Not Been Drinking","West","Making Left Turn","Car","None Apparent","1","Not Applicable","Not Applicable"
"CR-0000091418","ACV-0000186652","M","74","","Major","Driver","Had Not Been Drinking","South","Making Left Turn","Car","None Apparent","1","Not Applicable","Not Applicable"
"CR-0000091438","ACV-0000186681","M","18","","Minor","Driver","Impairment Not Known","North","Making Right Turn","Car","Unknown","1","22350","Speeding"
"CR-0000091435","ACV-0000186678","F","66","","Not Applicable","Pedestrian","Had Not Been Drinking","North","Other (Ped)","Pedestrian","None Apparent","1","Not Applicable","Not Applicable"
"CR-0000091438","ACV-0000186682","M","32","","None","Driver","Impairment Not Known","North","Stopped","Emergency Vehicle","Unknown","1","Not Applicable","Not Applicable"
"CR-0000091418","ACV-0000186651","M","23","","Major","Driver","Had Not Been Drinking","North","Proceeding Straight","Car","Inattention","1","21453","Run Red Light"
"CR-0000091417","ACV-0000186649","F","36","","None","Driver","Had Not Been Drinking","South","Making Left Turn","Car","None Apparent","1","00001","Other Improper Driving"
"CR-0000091420","ACV-0000186656","M","32","","Moderate","Driver","Had Not Been Drinking","East","Proceeding Straight","Car","None Apparent","1","Unknown","Unknown"
"CR-0000091419","ACV-0000186654","F","36","","Major","Driver","Had Not Been Drinking","West","Stopped","Car","None Apparent","1","Not Applicable","Not Applicable"
"CR-0000091439","ACV-0000186683","","0","","Minor","Driver","Impairment Not Known","West","Entering Traffic","Car","Other Violation","1","22107","Unsafe Turn Movement"
"CR-0000091435","ACV-0000186676","M","35","","Minor","Driver","Had Not Been Drinking","West","Stopped","Car","None Apparent","1","22107","Unsafe Turn Movement"
"CR-0000091439","ACV-0000186684","F","44","","Minor","Driver","Had Not Been Drinking","West","Proceeding Straight","Car","None Apparent","1","Not Applicable","Not Applicable"
"CR-0000091419","ACV-0000186653","F","37","","Minor","Driver","Had Not Been Drinking","West","Stopped","Car","None Apparent","1","22106","Unsafe Backing"
"CR-0000091448","ACV-0000186693","F","40","","Moderate","Driver","Had Been Drinking - Not Under Influence","West","Making Left Turn","Car","None Apparent","1","21453","Run Red Light"
"CR-0000091440","ACV-0000186685","M","39","","Totaled","Driver","Had Not Been Drinking","West","Proceeding Straight","Panel Truck","None Apparent","1","21453","Run Red Light"
"CR-0000091441","ACV-0000186688","F","67","","Not Applicable","Pedestrian","Had Not Been Drinking","South","Other (Ped)","Pedestrian","None Apparent","1","Not Applicable","Not Applicable"
"CR-0000091454","ACV-0000186705","M","53","","Major","Driver","Had Not Been Drinking","North","Proceeding Straight","Panel Truck","None Apparent","1","Not Applicable","Not Applicable"
"CR-0000091461","ACV-0000186719","M","43","","Moderate","Driver","Had Not Been Drinking","South","Stopped","Car","None Apparent","1","Not Applicable","Not Applicable"
"CR-0000091462","ACV-0000186720","M","41","","Moderate","Driver","Had Not Been Drinking","East","Proceeding Straight","Car","None Apparent","1","21453","Run Red Light"
"CR-0000091460","ACV-0000186716","M","45","","Moderate","Driver","Had Not Been Drinking","East","Proceeding Straight","Car","None Apparent","1","Unknown","Unknown"
"CR-0000091446","ACV-0000186692","M","28","","Minor","Driver","Had Not Been Drinking","East","Making Left Turn","Motorcycle/Moped","None Apparent","1","Not Applicable","Not Applicable"
"CR-0000091462","ACV-0000186721","M","19","","Moderate","Driver","Had Not Been Drinking","West","Making Left Turn","Car","Unknown","1","Not Applicable","Not Applicable"
"CR-0000091465","ACV-0000186727","F","29","","Major","Driver","Had Not Been Drinking","West","Stopped","Car","Unknown","1","Not Applicable","Not Applicable"
"CR-0000091454","ACV-0000186704","M","16","","Minor","Driver","Had Not Been Drinking","North","Making U-Turn","Car","None Apparent","1","21801","Yield Left Turn"
"CR-0000091459","ACV-0000186713","","0","","Unknown","Driver","Impairment Not Known","North","Backing","Car","Other Violation","1","22106","Unsafe Backing"
"CR-0000091463","ACV-0000186723","","0","","Minor","Driver","Not Applicable","Not Applicable","Parked","Emergency Vehicle","None Apparent","1","Not Applicable","Not Applicable"
"CR-0000091451","ACV-0000186698","M","27","","Major","Driver","Impairment Not Known","East","Proceeding Straight","Car","Other Violation","1","22350","Speeding"
"CR-0000091451","ACV-0000186699","M","51","","Moderate","Driver","Impairment Not Known","East","Slowing/Stopping","Car","Other Violation","1","Not Applicable","Not Applicable"
"CR-0000091457","ACV-0000186709","M","66","","Minor","Driver","Had Not Been Drinking","East","Proceeding Straight","Panel Truck","Inattention","1","21703","Follow Too Closely"
"CR-0000091449","ACV-0000186695","F","78","","Minor","Driver","Had Not Been Drinking","East","Proceeding Straight","Car","None Apparent","1","21453","Run Red Light"
"CR-0000091458","ACV-0000186712","F","28","","Minor","Driver","Had Not Been Drinking","South","Proceeding Straight","Car","Unknown","1","Not Applicable","Not Applicable"
"CR-0000091459","ACV-0000186714","","0","","Minor","Driver","Not Applicable","Not Applicable","Parked","Car","None Apparent","1","Not Applicable","Not Applicable"
"CR-0000091463","ACV-0000186722","","0","","Unknown","Driver","Impairment Not Known","North","Proceeding Straight","Panel Truck","Other Violation","1","22350","Speeding"
"CR-0000091455","ACV-0000186706","","0","","Unknown","Unknown","Impairment Not Known","West","Changing Lanes","Unknown","Other Violation","1","22107","Unsafe Turn Movement"
"CR-0000091448","ACV-0000186694","M","38","","Moderate","Driver","Had Been Drinking - Not Under Influence","North","Proceeding Straight","Car","None Apparent","1","Not Applicable","Not Applicable"
"CR-0000091460","ACV-0000186715","F","31","","Major","Driver","Had Not Been Drinking","South","Proceeding Straight","Car","Entering/Leaving Ramp","1","Unknown","Unknown"
"CR-0000091464","ACV-0000186724","","0","","Unknown","Driver","Impairment Not Known","North","Making Right Turn","Unknown","Other Violation","1","23123","Cellphone In Use"
"CR-0000091440","ACV-0000186686","M","62","","Totaled","Driver","Had Not Been Drinking","West","Making Left Turn","Car","None Apparent","1","Not Applicable","Not Applicable"
"CR-0000091450","ACV-0000186697","M","17","","Major","Driver","Had Not Been Drinking","West","Proceeding Straight","Car","None Apparent","1","22350","Speeding"
"CR-0000091464","ACV-0000186725","M","12","","Not Applicable","Pedestrian","Impairment Not Known","Unknown","Other (Ped)","Pedestrian","Unknown","1","Not Applicable","Not Applicable"
"CR-0000091461","ACV-0000186717","M","38","","Major","Driver","Had Not Been Drinking","East","Making Left Turn","Car","None Apparent","1","21453","Run Red Light"
"CR-0000091451","ACV-0000186700","M","44","","Minor","Driver","Impairment Not Known","East","Stopped","Car","Unknown","1","Not Applicable","Not Applicable"
"CR-0000091457","ACV-0000186710","M","44","","Minor","Driver","Had Not Been Drinking","East","Stopped","Car","None Apparent","1","Not Applicable","Not Applicable"
"CR-0000091458","ACV-0000186711","","0","","Unknown","Pedestrian","Had Not Been Drinking","East","Proceeding Straight","Skateboard","Unknown","1","21456","Pedestrian Don't Walk"
"CR-0000091465","ACV-0000186726","F","30","","Major","Driver","Had Not Been Drinking","East","Crossing Into Opposing Lane","Car","Inattention","1","21658","Unsafe Lane Change"
"CR-0000091461","ACV-0000186718","F","43","","Major","Driver","Had Not Been Drinking","West","Proceeding Straight","Car","None Apparent","1","Not Applicable","Not Applicable"
"CR-0000091453","ACV-0000186703","M","20","","Major","Driver","Had Not Been Drinking","North","Proceeding Straight","Motorcycle/Moped","Unknown","1","22350","Speeding"
"CR-0000091456","ACV-0000186708","M","44","","Moderate","Driver","Impairment Not Known","South","Proceeding Straight","Car","Other Violation","1","Not Applicable","Not Applicable"
"CR-0000091446","ACV-0000186691","F","61","","Minor","Driver","Had Not Been Drinking","South","Proceeding Straight","Car","Entering/Leaving Ramp","1","22107","Unsafe Turn Movement"
"CR-0000091449","ACV-0000186696","M","25","","Minor","Driver","Had Not Been Drinking","North","Proceeding Straight","Car","None Apparent","1","Not Applicable","Not Applicable"
"CR-0000091452","ACV-0000186702","F","26","","Moderate","Driver","Impairment Not Known","South","Proceeding Straight","Car","None Apparent","1","Not Applicable","Not Applicable"
"CR-0000091443","ACV-0000186689","F","19","","None","Bicycle","Had Not Been Drinking","South","Proceeding Straight","Scooter Motorized","Inattention","1","21651","Divided Highway"
"CR-0000091441","ACV-0000186687","M","74","","None","Driver","Had Not Been Drinking","West","Making Right Turn","Car","None Apparent","1","21952","Right Of Way/Sidewalk"
"CR-0000091456","ACV-0000186707","","0","","Unknown","Driver","Impairment Not Known","West","Proceeding Straight","Unknown","Other Violation","1","22450","Fail Stop/Sign"
"CR-0000091443","ACV-0000186690","M","0","","None","Driver","Had Not Been Drinking","East","Making Left Turn","Car","Inattention","1","Not Applicable","Not Applicable"
"CR-0000091452","ACV-0000186701","M","24","","Moderate","Driver","Impairment Not Known","North","Making Right Turn","Panel Truck","None Apparent","1","22107","Unsafe Turn Movement"
"CR-0000091515","ACV-0000186831","","0","","Moderate","Parked","Not Applicable","Not Applicable","Parked","Car","Unknown","1","Not Applicable","Not Applicable"
"CR-0000091500","ACV-0000186799","F","35","","Major","Driver","Impairment Not Known","North","Slowing/Stopping","Car","None Apparent","1","Not Applicable","Not Applicable"
"CR-0000091484","ACV-0000186769","F","27","","Totaled","Driver","Had Not Been Drinking","West","Proceeding Straight","Car","None Apparent","1","Not Applicable","Not Applicable"
"CR-0000091485","ACV-0000186770","F","32","","Major","Driver","Impairment Not Known","South","Proceeding Straight","Car","Inattention","1","21453","Run Red Light"
"CR-0000091507","ACV-0000186813","M","0","","Unknown","Driver","Impairment Not Known","East","Proceeding Straight","Panel Truck","Other Violation","1","21703","Follow Too Closely"
"CR-0000091467","ACV-0000186732","M","25","","Minor","Driver","Impairment Not Known","East","Proceeding Straight","Car","Vision Obscurement","1","22350","Speeding"
"CR-0000091503","ACV-0000186804","F","91","","Major","Driver","Impairment Not Known","North","Entering Traffic","Car","None Apparent","1","21804","Yield From Driveway/Curb"
"CR-0000091469","ACV-0000186738","F","50","","None","Driver","Had Not Been Drinking","East","Proceeding Straight","Car","Unknown","1","Not Applicable","Not Applicable"
"CR-0000091478","ACV-0000186756","F","47","","Minor","Driver","Had Not Been Drinking","North","Entering Traffic","Car","Unknown","1","21804","Yield From Driveway/Curb"
"CR-0000091521","ACV-0000186844","M","43","","Not Applicable","Pedestrian","Impairment Not Known","East","Proceeding Straight","Pedestrian","None Apparent","1","21955","Crossing Controlled Intersection/Jaywalking"
"CR-0000091530","ACV-0000186866","M","68","","Not Applicable","Bicycle","Had Not Been Drinking","East","Proceeding Straight","Bicycle","Unknown","1","Not Applicable","Not Applicable"
"CR-0000091475","ACV-0000186749","M","30","","Major","Driver","Had Not Been Drinking","West","Parked","Car","None Apparent","1","Not Applicable","Not Applicable"
"CR-0000091523","ACV-0000186847","M","25","","Minor","Driver","Impairment Not Known","South","Proceeding Straight","Car","Other Violation","1","21658","Unsafe Lane Change"
"CR-0000091527","ACV-0000186859","F","39","","Minor","Driver","Had Not Been Drinking","North","Stopped","Car","None Apparent","1","Not Applicable","Not Applicable"
"CR-0000091508","ACV-0000186816","","0","","Moderate","Parked","Impairment Not Known","Not Applicable","Parked","Car","Unknown","1","Not Applicable","Not Applicable"
"CR-0000091467","ACV-0000186733","M","60","","Minor","Driver","Impairment Not Known","East","Stopped","Car","None Apparent","1","Not Applicable","Not Applicable"
"CR-0000091504","ACV-0000186807","","0","","Moderate","Parked","Not Applicable","Not Applicable","Parked","Car","None Apparent","1","Not Applicable","Not Applicable"
"CR-0000091488","ACV-0000186777","M","64","","Moderate","Driver","Had Not Been Drinking","North","Making U-Turn","Car","None Apparent","1","Not Applicable","Not Applicable"
"CR-0000091517","ACV-0000186835","M","27","","Not Applicable","Pedestrian","Impairment Not Known","South","Traveling Wrong Way","Pedestrian","None Apparent","1","21954","Pedestrian Yield Car"
"CR-0000091467","ACV-0000186734","F","33","","Minor","Driver","Impairment Not Known","East","Stopped","Car","None Apparent","1","Not Applicable","Not Applicable"
"CR-0000091516","ACV-0000186834","","0","","Moderate","Parked","Not Applicable","Not Applicable","Parked","Panel Truck","None Apparent","1","Not Applicable","Not Applicable"
"CR-0000091474","ACV-0000186746","M","28","","Major","Driver","Had Not Been Drinking","East","Changing Lanes","Car","Other Violation","1","22350","Speeding"
"CR-0000091503","ACV-0000186805","M","89","","Major","Driver","Impairment Not Known","East","Proceeding Straight","Panel Truck","None Apparent","1","Not Applicable","Not Applicable"
"CR-0000091515","ACV-0000186829","","0","","Major","Parked","Not Applicable","Not Applicable","Parked","Car","Unknown","1","Not Applicable","Not Applicable"
"CR-0000091485","ACV-0000186771","F","23","","Major","Driver","Impairment Not Known","West","Making Left Turn","Car","None Apparent","1","Not Applicable","Not Applicable"
"CR-0000091529","ACV-0000186863","M","20","","Major","Driver","Had Been Drinking - Under Influence","South","Proceeding Straight","Car","Other Violation","1","22350","Speeding"
"CR-0000091479","ACV-0000186755","M","19","","Major","Driver","Had Not Been Drinking","South","Proceeding Straight","Car","None Apparent","1","21453","Run Red Light"
"CR-0000091494","ACV-0000186787","","0","","Minor","Parked","Not Applicable","Not Applicable","Parked","Car","None Apparent","1","Not Applicable","Not Applicable"
"CR-0000091490","ACV-0000186780","F","33","","Totaled","Driver","Had Been Drinking - Under Influence","West","Ran Off Road","Car","Unknown","1","23152","Driving Drunk"
"CR-0000091515","ACV-0000186828","M","45","","Major","Driver","Had Not Been Drinking","East","Proceeding Straight","Car","None Apparent","1","21658","Unsafe Lane Change"
"CR-0000091524","ACV-0000186853","","0","","Moderate","Parked","Not Applicable","Not Applicable","Parked","Car","Unknown","1","Not Applicable","Not Applicable"
"CR-0000091522","ACV-0000186845","M","19","","Major","Driver","Had Not Been Drinking","North","Proceeding Straight","Car","None Apparent","1","22350","Speeding"
"CR-0000091518","ACV-0000186837","M","33","","Moderate","Driver","Impairment Not Known","South","Proceeding Straight","Panel Truck","Inattention","1","Unknown","Unknown"
"CR-0000091483","ACV-0000186766","M","24","","Minor","Driver","Had Not Been Drinking","East","Proceeding Straight","Car","Stop And Go Traffic","1","Not Applicable","Not Applicable"
"CR-0000091515","ACV-0000186830","","0","","Major","Parked","Not Applicable","Not Applicable","Parked","Car","Unknown","1","Not Applicable","Not Applicable"
"CR-0000091491","ACV-0000186781","","0","","Moderate","Driver","Impairment Not Known","North","Proceeding Straight","Car","Other Violation","1","22350","Speeding"
"CR-0000091511","ACV-0000186820","F","28","","Moderate","Driver","Impairment Not Known","West","Proceeding Straight","Car","Unknown","1","22450","Fail Stop/Sign"
"CR-0000091520","ACV-0000186841","M","42","","Minor","Driver","Had Not Been Drinking","South","Proceeding Straight","Car","None Apparent","1","22350","Speeding"
"CR-0000091489","ACV-0000186779","M","32","","Major","Driver","Impairment Not Known","South","Proceeding Straight","Car","None Apparent","1","Not Applicable","Not Applicable"
"CR-0000091495","ACV-0000186788","M","54","","Minor","Driver","Had Not Been Drinking","West","Making U-Turn","Panel Truck","Stop And Go Traffic","1","21801","Yield Left Turn"
"CR-0000091528","ACV-0000186861","M","47","","Moderate","Driver","Impairment Not Known","West","Making Left Turn","Panel Truck","Other Violation","1","22101","Regulation Of Turns At Intersection"
"CR-0000091526","ACV-0000186854","M","49","","Major","Driver","Had Not Been Drinking","West","Proceeding Straight","Panel Truck","Other","1","22350","Speeding"
"CR-0000091528","ACV-0000186862","M","26","","Minor","Driver","Had Not Been Drinking","North","Proceeding Straight","Train","None Apparent","1","Not Applicable","Not Applicable"
"CR-0000091510","ACV-0000186818","F","18","","Minor","Driver","Had Not Been Drinking","North","Making Right Turn","Car","None Apparent","1","Not Applicable","Not Applicable"
"CR-0000091498","ACV-0000186795","F","17","","None","Driver","Had Not Been Drinking","West","Making Left Turn","Car","None Apparent","1","22107","Unsafe Turn Movement"
"CR-0000091502","ACV-0000186802","F","25","","Major","Driver","Had Not Been Drinking","West","Proceeding Straight","Car","None Apparent;Other Violation","1","22350","Speeding"
"CR-0000091468","ACV-0000186735","F","49","","Minor","Driver","Impairment Not Known","North","Making Right Turn","Car","None Apparent","1","Not Applicable","Not Applicable"
"CR-0000091470","ACV-0000186740","M","27","","Major","Driver","Had Not Been Drinking","West","Proceeding Straight","Car","None Apparent","1","Not Applicable","Not Applicable"
"CR-0000091526","ACV-0000186857","M","28","","Minor","Driver","Had Not Been Drinking","West","Stopped","Car","None Apparent","1","Not Applicable","Not Applicable"