"CrashName","Name","Sex","Age","Speed","VehicleDamage","PartyCategory","Sobriety","VehicleDirection","MovementPrecedingCollision","PartyType","OtherAssociatedFactor","VehicleCount","ViolationCode","ViolationCodeDescription"
"CR-0000091700","ACV-0000187169","F","30","","Minor","Driver","Impairment Not Known","South","Making Left Turn","Car","None Apparent","1","21800","Yield Uncontrolled Intersection"
"CR-0000091689","ACV-0000187146","","27","","Unknown","Driver","Impairment Not Known","Unknown","Unknown","Car","Unknown","1","Unknown","Unknown"
"CR-0000091687","ACV-0000187142","","0","","Unknown","Driver","Impairment Not Known","West","Proceeding Straight","Car","Other Violation","1","Unknown","Unknown"
"CR-0000091698","ACV-0000187163","M","31","","Minor","Driver","Had Not Been Drinking","South","Making Left Turn","Car","Entering/Leaving Ramp","1","Not Applicable","Not Applicable"
"CR-0000091695","ACV-0000187156","F","23","","Unknown","Driver","Impairment Not Known","Unknown","Proceeding Straight","Unknown","Unknown","1","Unknown","Unknown"
"CR-0000091691","ACV-0000187151","M","35","","Major","Driver","Had Not Been Drinking","East","Proceeding Straight","Panel Truck","Unknown","1","Not Applicable","Not Applicable"
"CR-0000091731","ACV-0000187224","M","58","","Unknown","Driver","Impairment Not Known","North","Proceeding Straight","Train","None Apparent","1","Not Applicable","Not Applicable"
"CR-0000091733","ACV-0000187227","M","55","","Minor","Driver","Had Not Been Drinking","East","Proceeding Straight","Motorcycle/Moped","None Apparent","1","Unknown","Unknown"
"CR-0000091748","ACV-0000187259","M","43","","Minor","Driver","Impairment Not Known","North","Proceeding Straight","Panel Truck","None Apparent","1","Not Applicable","Not Applicable"
"CR-0000091739","ACV-0000187239","M","35","","Unknown","Driver","Impairment Not Known","West","Proceeding Straight","Car","Other Violation;Previous Collision","1","21658","Unsafe Lane Change"
"CR-0000091745","ACV-0000187252","M","62","","Minor","Driver","Had Not Been Drinking","East","Changing Lanes","Panel Truck","Other Violation;Vision Obscurement","1","22107","Unsafe Turn Movement"
"CR-0000091731","ACV-0000187223","M","32","","Unknown","Driver","Impairment Not Known","North","Making U-Turn","Panel Truck","None Apparent","1","21453","Run Red Light"
"CR-0000091722","ACV-0000187206","","0","","Unknown","Driver","Impairment Not Known","South","Proceeding Straight","Unknown","None Apparent","1","Unknown","Unknown"
"CR-0000091728","ACV-0000187219","M","21","","Moderate","Driver","Had Not Been Drinking","West","Proceeding Straight","Car","None Apparent","1","Not Applicable","Not Applicable"
"CR-0000091720","ACV-0000187202","","0","","Moderate","Parked","Not Applicable","Not Applicable","Parked","Car","None Apparent","1","Not Applicable","Not Applicable"
"CR-0000091747","ACV-0000187256","F","19","","Moderate","Driver","Had Not Been Drinking","North","Proceeding Straight","Car","None Apparent","1","21658","Unsafe Lane Change"
"CR-0000091730","ACV-0000187221","M","15","","Unknown","Bicycle","Had Not Been Drinking","South","Traveling Wrong Way","Bicycle","None Apparent","1","21650","Driving Wrong Side"
"CR-0000091717","ACV-0000187196","M","62","","Minor","Driver","Had Not Been Drinking","West","Stopped","Car","None Apparent","1","Not Applicable","Not Applicable"
"CR-0000091727","ACV-0000187216","","0","","Moderate","Driver","Impairment Not Known","South","Proceeding Straight","Car","None Apparent","1","22350","Speeding"
"CR-0000091720","ACV-0000187201","","17","","Moderate","Driver","Had Not Been Drinking","East","Proceeding Straight","Car","None Apparent","1","23103","Reckless Driving 2"
"CR-0000091721","ACV-0000187204","","0","","Major","Driver","Impairment Not Known","West","Changing Lanes","Car","None Apparent","1","21658","Unsafe Lane Change"
"CR-0000091737","ACV-0000187236","M","26","","Not Applicable","Pedestrian","Impairment Not Known","East","Other (Ped)","Pedestrian","None Apparent","1","Not Applicable","Not Applicable"
"CR-0000091735","ACV-0000187232","","0","","Moderate","Parked","Not Applicable","Not Applicable","Parked","Panel Truck","None Apparent","1","Not Applicable","Not Applicable"
"CR-0000091742","ACV-0000187247","F","39","","Major","Driver","Impairment Not Known","East","Making Left Turn","Car","None Apparent","1","Not Applicable","Not Applicable"
"CR-0000091741","ACV-0000187244","F","50","","Unknown","Bicycle","Impairment Not Known","North","Traveling Wrong Way","Bicycle","None Apparent","1","21650","Driving Wrong Side"
"CR-0000091715","ACV-0000187192","M","32","","Moderate","Driver","Had Been Drinking - Under Influence","East","Making Right Turn","Car","Other Violation","1","22350","Speeding"
"CR-0000091725","ACV-0000187212","M","49","","Major","Driver","Had Been Drinking - Under Influence","South","Proceeding Straight","Car","Other Violation","1","22350","Speeding"
"CR-0000091741","ACV-0000187245","M","66","","Not Applicable","Pedestrian","Impairment Not Known","East","Other (Ped)","Pedestrian","Other Violation","1","Not Applicable","Not Applicable"
"CR-0000091714","ACV-0000187191","M","27","","Major","Driver","Had Been Drinking - Under Influence","West","Proceeding Straight","Car","None Apparent","1","23152","Driving Drunk"
"CR-0000091743","ACV-0000187248","","0","","Unknown","Driver","Impairment Not Known","West","Backing","Unknown","Inattention","1","22106","Unsafe Backing"
"CR-0000091733","ACV-0000187228","F","18","","Minor","Driver","Had Not Been Drinking","East","Making Left Turn","Car","None Apparent","1","Unknown","Unknown"
"CR-0000091719","ACV-0000187200","F","71","","Minor","Driver","Had Not Been Drinking","South","Proceeding Straight","Car","None Apparent","1","Not Applicable","Not Applicable"
"CR-0000091720","ACV-0000187203","","0","","Moderate","Parked","Not Applicable","Not Applicable","Parked","Car","None Apparent","1","Not Applicable","Not Applicable"
"CR-0000091732","ACV-0000187225","F","22","","Moderate","Driver","Had Not Been Drinking","East","Making U-Turn","Car","Other Violation","1","22100","Improper Turn"
"CR-0000091744","ACV-0000187251","M","49","","None","Driver","Had Not Been Drinking","West","Making Right Turn","Car","None Apparent","1","Not Applicable","Not Applicable"
"CR-0000091734","ACV-0000187229","F","23","","Moderate","Driver","Had Not Been Drinking","North","Stopped","Car","None Apparent","1","22350","Speeding"
"CR-0000091732","ACV-0000187226","M","59","","Moderate","Driver","Had Not Been Drinking","East","Proceeding Straight","Panel Truck","None Apparent","1","Not Applicable","Not Applicable"
"CR-0000091734","ACV-0000187230","F","42","","Moderate","Driver","Had Not Been Drinking","North","Proceeding Straight","Car","None Apparent","1","Not Applicable","Not Applicable"
"CR-0000091719","ACV-0000187199","F","45","","Moderate","Driver","Had Not Been Drinking","South","Proceeding Straight","Car","Other","1","21703","Follow Too Closely"
"CR-0000091746","ACV-0000187254","","0","","Unknown","Driver","Impairment Not Known","Unknown","Unknown","Unknown","None Apparent","1","Unknown","Unknown"
"CR-0000091718","ACV-0000187198","F","35","","Moderate","Driver","Had Not Been Drinking","South","Stopped","Car","None Apparent","1","Not Applicable","Not Applicable"
"CR-0000091716","ACV-0000187193","F","24","","Moderate","Driver","Had Not Been Drinking","West","Proceeding Straight","Car","None Apparent","1","21658","Unsafe Lane Change"
"CR-0000091724","ACV-0000187210","","0","","Unknown","Driver","Impairment Not Known","North","Proceeding Straight","Car","None Apparent","1","Not Applicable","Not Applicable"
"CR-0000091747","ACV-0000187257","F","24","","Moderate","Parked","Not Applicable","Not Applicable","Parked","Car","None Apparent","1","Not Applicable","Not Applicable"
"CR-0000091739","ACV-0000187240","M","46","","Moderate","Driver","Impairment Not Known","West","Stopped","Car","None Apparent","1","Not Applicable","Not Applicable"
"CR-0000091739","ACV-0000187241","M","40","","Moderate","Driver","Impairment Not Known","West","Stopped","Car","None Apparent","1","Not Applicable","Not Applicable"
"CR-0000091736","ACV-0000187234","M","43","","Moderate","Driver","Impairment Not Known","West","Proceeding Straight","Car","None Apparent","1","Not Applicable","Not Applicable"
"CR-0000091746","ACV-0000187255","M","35","","Minor","Parked","Not Applicable","Not Applicable","Parked","Car","None Apparent","1","Not Applicable","Not Applicable"
"CR-0000091736","ACV-0000187233","F","39","","Minor","Driver","Impairment Not Known","East","Making Left Turn","Car","None Apparent","1","21801","Yield Left Turn"
"CR-0000091726","ACV-0000187213","M","0","","Major","Driver","Had Been Drinking - Impairment Unknown","West","Proceeding Straight","Car","None Apparent","1","Not Applicable","Not Applicable"
"CR-0000091724","ACV-0000187211","F","18","","Minor","Driver","Impairment Not Known","North","Stopped","Car","None Apparent","1","Not Applicable","Not Applicable"
"CR-0000091722","ACV-0000187208","","0","","Minor","Parked","Not Applicable","Not Applicable","Parked","Car","None Apparent","1","Not Applicable","Not Applicable"
"CR-0000091721","ACV-0000187205","M","24","","Moderate","Driver","Impairment Not Known","West","Proceeding Straight","Car","None Apparent","1","Not Applicable","Not Applicable"
"CR-0000091735","ACV-0000187231","","0","","Major","Driver","Impairment Not Known","East","Slowing/Stopping","Unknown","None Apparent","1","22350","Speeding"
"CR-0000091718","ACV-0000187197","F","35","","Moderate","Driver","Impairment Not Known","South","Stopped","Car","Inattention","1","Not Applicable","Not Applicable"
"CR-0000091748","ACV-0000187258","F","44","","Minor","Bicycle","Impairment Not Known","North","Other Unsafe Turning","Bicycle","None Apparent","1","21202","Wrong Way Bike"
"CR-0000091722","ACV-0000187207","","0","","Moderate","Parked","Impairment Not Known","Not Applicable","Parked","Car","None Apparent","1","Not Applicable","Not Applicable"
"CR-0000091726","ACV-0000187214","","0","","Major","Parked","Impairment Not Known","Not Applicable","Parked","Car","None Apparent","1","Not Applicable","Not Applicable"
"CR-0000091740","ACV-0000187243","F","69","","Moderate","Driver","Had Not Been Drinking","North","Proceeding Straight","Car","None Apparent","1","Not Applicable","Not Applicable"
"CR-0000091723","ACV-0000187209","M","34","","Minor","Driver","Impairment Not Known","North","Proceeding Straight","Motorcycle/Moped","None Apparent","1","22350","Speeding"
"CR-0000091738","ACV-0000187237","F","26","","Minor","Driver","Had Been Drinking - Under Influence","East","Proceeding Straight","Car","None Apparent","1","23152","Driving Drunk"
"CR-0000091728","ACV-0000187220","M","54","","Moderate","Driver","Had Not Been Drinking","West","Proceeding Straight","Unknown","None Apparent;Entering/Leaving Ramp","1","Not Applicable","Not Applicable"
"CR-0000091726","ACV-0000187215","","0","","Major","Parked","Not Applicable","Not Applicable","Parked","Car","None Apparent","1","Not Applicable","Not Applicable"
"CR-0000091727","ACV-0000187217","","0","","Minor","Parked","Impairment Not Known","Not Applicable","Parked","Car","None Apparent","1","Not Applicable","Not Applicable"
"CR-0000091737","ACV-0000187235","M","20","","Moderate","Driver","Had Not Been Drinking","South","Proceeding Straight","Car","None Apparent","1","22350","Speeding"
"CR-0000091743","ACV-0000187249","","0","","Minor","Parked","Not Applicable","Not Applicable","Parked","Car","None Apparent","1","Not Applicable","Not Applicable"
"CR-0000091738","ACV-0000187238","F","31","","Minor","Driver","Impairment Not Known","East","Stopped","Car","None Apparent","1","Not Applicable","Not Applicable"
"CR-0000091742","ACV-0000187246","F","65","","Major","Driver","Impairment Not Known","South","Proceeding Straight","Car","Inattention","1","21453","Run Red Light"
"CR-0000091717","ACV-0000187195","M","64","","Minor","Driver","Had Not Been Drinking","West","Proceeding Straight","Car","None Apparent","1","22350","Speeding"
"CR-0000091728","ACV-0000187218","M","28","","Moderate","Driver","Had Not Been Drinking","West","Proceeding Straight","Car","Other Violation","1","Not Applicable","Not Applicable"
"CR-0000091716","ACV-0000187194","M","31","","Totaled","Driver","Had Not Been Drinking","West","Proceeding Straight","Car","None Apparent","1","Not Applicable","Not Applicable"
"CR-0000091740","ACV-0000187242","F","44","","Major","Driver","Had Not Been Drinking","North","Merging","Car","None Apparent","1","22107","Unsafe Turn Movement"
"CR-0000091745","ACV-0000187253","F","49","","Minor","Driver","Had Not Been Drinking","East","Proceeding Straight","Panel Truck","None Apparent","1","Not Applicable","Not Applicable"
"CR-0000091744","ACV-0000187250","M","31","","None","Bicycle","Had Not Been Drinking","East","Stopped","Bicycle","Unfamiliar With Road","1","21650","Driving Wrong Side"
"CR-0000091730","ACV-0000187222","M","40","","Minor","Driver","Impairment Not Known","West","Stopped","Car","None Apparent","1","Not Applicable","Not Applicable"
"CR-0000091774","ACV-0000187306","M","17","","Unknown","Driver","Had Not Been Drinking","South","Proceeding Straight","Car","None Apparent","1","Not Applicable","Not Applicable"
"CR-0000091759","ACV-0000187276","","0","","Unknown","Driver","Impairment Not Known","North","Proceeding Straight","Car","None Apparent","1","Unknown","Unknown"
"CR-0000091763","ACV-0000187284","F","41","","None","Driver","Had Not Been Drinking","South","Proceeding Straight","Car","None Apparent","1","Unknown","Unknown"
"CR-0000091791","ACV-0000187335","F","24","","Major","Driver","Had Not Been Drinking","East","Proceeding Straight","Car","None Apparent","1","Not Applicable","Not Applicable"
"CR-0000091790","ACV-0000187333","","0","","Moderate","Parked","Not Applicable","Not Applicable","Parked","Car","None Apparent","1","Not Applicable","Not Applicable"
"CR-0000091756","ACV-0000187272","M","36","","Minor","Driver","Had Not Been Drinking","West","Stopped","Car","None Apparent","1","Not Applicable","Not Applicable"
"CR-0000091779","ACV-0000187313","F","33","","Major","Driver","Impairment Not Known","East","Proceeding Straight","Car","Unknown","1","Not Applicable","Not Applicable"
"CR-0000091781","ACV-0000187315","F","41","","None","Driver","Had Not Been Drinking","North","Proceeding Straight","Panel Truck","None Apparent","1","21950","Yield Pedestrian In Crosswalk"
"CR-0000091764","ACV-0000187287","M","33","","Major","Driver","Had Not Been Drinking","North","Proceeding Straight","Car","None Apparent","1","Not Applicable","Not Applicable"
"CR-0000091761","ACV-0000187281","M","34","","Minor","Driver","Had Not Been Drinking","East","Stopped","Car","None Apparent","1","Not Applicable","Not Applicable"
"CR-0000091787","ACV-0000187326","M","50","","Moderate","Driver","Had Not Been Drinking","West","Proceeding Straight","Panel Truck","None Apparent","1","21453","Run Red Light"
"CR-0000091762","ACV-0000187283","","0","","Major","Parked","Not Applicable","Not Applicable","Parked","Panel Truck","None Apparent","1","Not Applicable","Not Applicable"
"CR-0000091760","ACV-0000187279","M","63","","Major","Driver","Had Not Been Drinking","North","Proceeding Straight","Car","None Apparent","1","Not Applicable","Not Applicable"
"CR-0000091772","ACV-0000187302","M","38","","Not Applicable","Pedestrian","Impairment Not Known","East","Other (Ped)","Pedestrian","None Apparent","1","Not Applicable","Not Applicable"
"CR-0000091770","ACV-0000187297","F","51","","Minor","Driver","Impairment Not Known","East","Changing Lanes","Car","Inattention","1","22107","Unsafe Turn Movement"
"CR-0000091784","ACV-0000187322","M","46","","None","Driver","Had Not Been Drinking","North","Making Left Turn","Panel Truck","None Apparent","1","Not Applicable","Not Applicable"
"CR-0000091755","ACV-0000187270","M","53","","Minor","Driver","Had Not Been Drinking","South","Making Left Turn","Car","Vision Obscurement","1","Not Applicable","Not Applicable"
"CR-0000091768","ACV-0000187294","F","61","","Major","Driver","Had Not Been Drinking","South","Proceeding Straight","Car","None Apparent","1","Not Applicable","Not Applicable"
"CR-0000091783","ACV-0000187319","F","64","","None","Driver","Had Not Been Drinking","West","Making Right Turn","Car","None Apparent","1","22350","Speeding"
"CR-0000091778","ACV-0000187310","M","24","","Moderate","Driver","Impairment Not Known","North","Proceeding Straight","Car","None Apparent","1","21453","Run Red Light"
"CR-0000091793","ACV-0000187339","M","18","","Moderate","Driver","Had Not Been Drinking","West","Proceeding Straight","Car","None Apparent","1","Not Applicable","Not Applicable"
"CR-0000091769","ACV-0000187295","M","47","","Minor","Driver","Had Not Been Drinking","East","Proceeding Straight","Car","Other Violation","1","22107","Unsafe Turn Movement"
"CR-0000091789","ACV-0000187330","F","60","","Minor","Driver","Had Not Been Drinking","North","Proceeding Straight","Car","None Apparent","1","21453","Run Red Light"
"CR-0000091750","ACV-0000187262","M","28","","Minor","Driver","Had Not Been Drinking","South","Making U-Turn","Car","None Apparent","1","22103","Unsafe U-Turn"
"CR-0000091782","ACV-0000187318","M","52","","Moderate","Driver","Had Not Been Drinking","East","Proceeding Straight","Panel Truck","None Apparent","1","Not Applicable","Not Applicable"
"CR-0000091793","ACV-0000187338","M","20","","Moderate","Driver","Had Not Been Drinking","East","Making Left Turn","Car","None Apparent","1","21801","Yield Left Turn"
"CR-0000091755","ACV-0000187269","F","44","","Moderate","Driver","Had Not Been Drinking","South","Proceeding Straight","Car","None Apparent","1","21460","Driving Over Centerline"
"CR-0000091763","ACV-0000187285","","0","","Unknown","Bicycle","Impairment Not Known","East","Entering Traffic","Bicycle","None Apparent","1","Unknown","Unknown"
"CR-0000091770","ACV-0000187298","M","28","","Minor","Bicycle","Impairment Not Known","East","Proceeding Straight","Bicycle","None Apparent","1","Not Applicable","Not Applicable"
"CR-0000091784","ACV-0000187321","M","32","","Moderate","Bicycle","Had Not Been Drinking","East","Proceeding Straight","Bicycle","None Apparent","1","21453","Run Red Light"
"CR-0000091772","ACV-0000187301","M","36","","Minor","Driver","Impairment Not Known","North","Making Right Turn","Panel Truck","None Apparent","1","22350","Speeding"
"CR-0000091752","ACV-0000187266","M","40","","Moderate","Driver","Had Not Been Drinking","West","Making Left Turn","Car","None Apparent","1","Not Applicable","Not Applicable"
"CR-0000091794","ACV-0000187340","","0","","Unknown","Driver","Impairment Not Known","West","Proceeding Straight","Unknown","None Apparent","1","Unknown","Unknown"
"CR-0000091765","ACV-0000187288","M","31","","Minor","Driver","Impairment Not Known","West","Ran Off Road","Motorcycle/Moped","Other Violation","1","22350","Speeding"
"CR-0000091766","ACV-0000187290","M","53","","Minor","Driver","Had Not Been Drinking","South","Stopped","Car","None Apparent","1","Not Applicable","Not Applicable"
"CR-0000091759","ACV-0000187277","F","26","","Minor","Driver","Had Not Been Drinking","North","Stopped","Car","None Apparent","1","Unknown","Unknown"
"CR-0000091794","ACV-0000187341","M","27","","Unknown","Driver","Not Applicable","North","Proceeding Straight","Car","None Apparent","1","Unknown","Unknown"
"CR-0000091760","ACV-0000187278","M","27","","Major","Driver","Had Not Been Drinking","South","Making Left Turn","Car","None Apparent","1","21801","Yield Left Turn"
"CR-0000091750","ACV-0000187263","F","45","","Minor","Driver","Had Not Been Drinking","South","Proceeding Straight","Car","None Apparent","1","Not Applicable","Not Applicable"
"CR-0000091785","ACV-0000187323","M","64","","Minor","Driver","Impairment Not Known","South","Proceeding Straight","Motorcycle/Moped","None Apparent","1","22350","Speeding"
"CR-0000091774","ACV-0000187305","M","54","","Unknown","Driver","Had Not Been Drinking","East","Making Right Turn","Car","None Apparent","1","21800","Yield Uncontrolled Intersection"
"CR-0000091773","ACV-0000187303","","0","","Unknown","Driver","Impairment Not Known","East","Merging","Unknown","None Apparent","1","22107","Unsafe Turn Movement"
"CR-0000091786","ACV-0000187325","M","22","","None","Bicycle","Impairment Not Known","West","Proceeding Straight","Bicycle","None Apparent","1","Not Applicable","Not Applicable"
"CR-0000091764","ACV-0000187286","M","24","","Major","Driver","Had Been Drinking - Under Influence","West","Proceeding Straight","Car","Other Violation","1","22450","Fail Stop/Sign"
"CR-0000091781","ACV-0000187316","","0","","Not Applicable","Pedestrian","Impairment Not Known","East","Other (Ped)","Pedestrian","Unknown","1","Not Applicable","Not Applicable"
"CR-0000091792","ACV-0000187336","M","25","","Minor","Pedestrian","Had Not Been Drinking","North","Other (Ped)","Pedestrian","None Apparent","1","21954","Pedestrian Yield Car"
"CR-0000091749","ACV-0000187261","M","46","","Minor","Driver","Had Not Been Drinking","South","Stopped","Car","None Apparent","1","Not Applicable","Not Applicable"
"CR-0000091766","ACV-0000187289","M","32","","Minor","Driver","Had Not Been Drinking","South","Proceeding Straight","Panel Truck","None Apparent","1","21703","Follow Too Closely"
"CR-0000091758","ACV-0000187275","M","17","","Major","Driver","Had Not Been Drinking","West","Proceeding Straight","Car","Unfamiliar With Road","1","22350","Speeding"
"CR-0000091749","ACV-0000187260","M","25","","Moderate","Driver","Had Not Been Drinking","South","Proceeding Straight","Car","None Apparent","1","22350","Speeding"
"CR-0000091778","ACV-0000187311","M","68","","Moderate","Driver","Had Not Been Drinking","West","Proceeding Straight","Car","None Apparent","1","Not Applicable","Not Applicable"
"CR-0000091773","ACV-0000187304","M","23","","Minor","Driver","Had Not Been Drinking","East","Proceeding Straight","Car","None Apparent","1","Not Applicable","Not Applicable"
"CR-0000091786","ACV-0000187324","F","65","","None","Driver","Impairment Not Known","West","Making Right Turn","Car","Inattention","1","21800","Yield Uncontrolled Intersection"
"CR-0000091787","ACV-0000187327","M","18","","Moderate","Driver","Had Not Been Drinking","South","Proceeding Straight","Panel Truck","None Apparent","1","Not Applicable","Not Applicable"
"CR-0000091789","ACV-0000187331","M","18","","Minor","Driver","Had Not Been Drinking","South","Making Left Turn","Car","None Apparent","1","Not Applicable","Not Applicable"
"CR-0000091776","ACV-0000187307","M","53","","Major","Driver","Had Not Been Drinking","South","Ran Off Road","Car","None Apparent","1","22350","Speeding"
"CR-0000091768","ACV-0000187293","M","30","","Moderate","Driver","Had Not Been Drinking","North","Making Left Turn","Car","Other Violation;Entering/Leaving Ramp","1","21453","Run Red Light"
"CR-0000091767","ACV-0000187291","M","63","","None","Driver","Had Been Drinking - Not Under Influence","West","Making Right Turn","Panel Truck","None Apparent","1","22107","Unsafe Turn Movement"
"CR-0000091756","ACV-0000187271","","0","","Unknown","Driver","Impairment Not Known","Unknown","Backing","Car","None Apparent","1","Unknown","Unknown"
"CR-0000091788","ACV-0000187328","F","35","","Major","Driver","Had Not Been Drinking","South","Making Left Turn","Car","None Apparent","1","21453","Run Red Light"
"CR-0000091771","ACV-0000187299","F","55","","Moderate","Driver","Impairment Not Known","South","Proceeding Straight","Panel Truck","None Apparent","1","21800","Yield Uncontrolled Intersection"
"CR-0000091777","ACV-0000187309","M","0","","Not Applicable","Bicycle","Impairment Not Known","South","Other (Bike)","Bicycle","Unknown","1","Not Applicable","Not Applicable"
"CR-0000091788","ACV-0000187329","F","50","","Minor","Driver","Had Not Been Drinking","North","Proceeding Straight","Car","None Apparent","1","Not Applicable","Not Applicable"
"CR-0000091777","ACV-0000187308","F","36","","None","Driver","Had Not Been Drinking","West","Making Right Turn","Car","Unknown","1","22106","Unsafe Backing"
"CR-0000091790","ACV-0000187332","F","41","","Major","Driver","Had Not Been Drinking","South","Making Right Turn","Car","Inattention","1","22350","Speeding"
"CR-0000091769","ACV-0000187296","M","33","","Minor","Driver","Had Not Been Drinking","East","Changing Lanes","Motorcycle/Moped","None Apparent","1","Not Applicable","Not Applicable"
"CR-0000091752","ACV-0000187265","M","50","","Major","Driver","Had Been Drinking - Impairment Unknown","South","Proceeding Straight","Car","None Apparent","1","21453","Run Red Light"
"CR-0000091779","ACV-0000187312","F","21","","Major","Driver","Impairment Not Known","North","Proceeding Straight","Car","Unknown","1","21453","Run Red Light"
"CR-0000091753","ACV-0000187268","M","26","","Major","Driver","Had Not Been Drinking","South","Stopped","Panel Truck","None Apparent","1","Not Applicable","Not Applicable"
"CR-0000091783","ACV-0000187320","M","62","","Unknown","Driver","Had Not Been Drinking","West","Stopped","Car","None Apparent","1","Not Applicable","Not Applicable"
"CR-0000091761","ACV-0000187280","M","34","","None","Driver","Had Not Been Drinking","East","Proceeding Straight","Panel Truck","Other Violation","1","22350","Speeding"
"CR-0000091771","ACV-0000187300","F","43","","Moderate","Driver","Impairment Not Known","West","Proceeding Straight","Car","None Apparent","1","Not Applicable","Not Applicable"
"CR-0000091753","ACV-0000187267","M","43","","Major","Driver","Had Not Been Drinking","South","Proceeding Straight","Car","None Apparent","1","22350","Speeding"
"CR-0000091792","ACV-0000187337","M","25","","Minor","Driver","Had Not Been Drinking","North","Proceeding Straight","Car","None Apparent","1","Not Applicable","Not Applicable"
"CR-0000091751","ACV-0000187264","F","26","","Moderate","Driver","Had Been Drinking - Not Under Influence","East","Proceeding Straight","Car","None Apparent","1","22107","Unsafe Turn Movement"
"CR-0000091782","ACV-0000187317","M","34","","Moderate","Driver","Had Not Been Drinking","West","Proceeding Straight","Car","None Apparent","1","21453","Run Red Light"
"CR-0000091762","ACV-0000187282","M","44","","Major","Driver","Impairment Not Known","East","Proceeding Straight","Car","None Apparent","1","22350","Speeding"
"CR-0000091767","ACV-0000187292","M","68","","Moderate","Driver","Had Been Drinking - Not Under Influence","West","Making Right Turn","Car","None Apparent","1","Not Applicable","Not Applicable"
"CR-0000091791","ACV-0000187334","F","36","","Major","Driver","Had Not Been Drinking","West","Making Left Turn","Car","None Apparent","1","21801","Yield Left Turn"
"CR-0000091780","ACV-0000187314","M","52","","Major","Driver","Had Not Been Drinking","North","Making Right Turn","Car","None Apparent","1","22107","Unsafe Turn Movement"
"CR-0000091832","ACV-0000187415","F","19","","Major","Driver","Had Not Been Drinking","West","Proceeding Straight","Car","Entering/Leaving Ramp","1","22350","Speeding"
"CR-0000091809","ACV-0000187369","","0","","Unknown","Driver","Impairment Not Known","East","Changing Lanes","Car","Inattention","1","22107","Unsafe Turn Movement"
"CR-0000091848","ACV-0000187451","","0","","Major","Parked","Not Applicable","Not Applicable","Parked","Car","None Apparent","1","Not Applicable","Not Applicable"
"CR-0000091818","ACV-0000187382","F","30","","Major","Driver","Had Not Been Drinking","West","Backing","Car","None Apparent","1","Not Applicable","Not Applicable"
"CR-0000091825","ACV-0000187398","M","22","","Major","Driver","Had Not Been Drinking","South","Proceeding Straight","Car","Inattention","1","23123","Cellphone In Use"
"CR-0000091839","ACV-0000187431","M","34","","Major","Driver","Had Not Been Drinking","West","Making Left Turn","Car","None Apparent","1","Not Applicable","Not Applicable"
"CR-0000091805","ACV-0000187360","F","21","","Unknown","Driver","Impairment Not Known","North","Slowing/Stopping","Panel Truck","None Apparent","1","Unknown","Unknown"
"CR-0000091802","ACV-0000187355","M","28","","Unknown","Driver","Impairment Not Known","East","Making Right Turn","Panel Truck","None Apparent","1","Unknown","Unknown"
"CR-0000091801","ACV-0000187353","M","28","","Unknown","Driver","Impairment Not Known","West","Stopped","Car","None Apparent","1","Unknown","Unknown"
"CR-0000091846","ACV-0000187446","","0","","Unknown","Driver","Impairment Not Known","West","Making Right Turn","Car","None Apparent","1","Unknown","Unknown"
"CR-0000091815","ACV-0000187376","F","28","","Unknown","Driver","Impairment Not Known","East","Other Unsafe Turning","Car","None Apparent","1","21804","Yield From Driveway/Curb"
"CR-0000091835","ACV-0000187420","M","60","","Minor","Driver","Had Not Been Drinking","North","Proceeding Straight","Car","None Apparent","1","22350","Speeding"
"CR-0000091842","ACV-0000187438","","0","","Unknown","Driver","Impairment Not Known","North","Proceeding Straight","Panel Truck","None Apparent","1","21453","Run Red Light"
"CR-0000091832","ACV-0000187416","M","22","","Minor","Driver","Had Not Been Drinking","West","Proceeding Straight","Car","None Apparent","1","Not Applicable","Not Applicable"
"CR-0000091818","ACV-0000187381","M","33","","Major","Driver","Impairment Not Known","North","Proceeding Straight","Car","Other Violation","1","22106","Unsafe Backing"
"CR-0000091823","ACV-0000187396","M","16","","Minor","Driver","Had Not Been Drinking","West","Stopped","Car","None Apparent","1","Not Applicable","Not Applicable"
"CR-0000091849","ACV-0000187452","F","0","","Moderate","Driver","Impairment Not Known","East","Proceeding Straight","Car","Other Violation","1","21703","Follow Too Closely"
"CR-0000091796","ACV-0000187345","M","27","","Minor","Driver","Had Not Been Drinking","South","Stopped","Car","None Apparent","1","Not Applicable","Not Applicable"
"CR-0000091829","ACV-0000187406","","0","","Unknown","Driver","Impairment Not Known","North","Making Right Turn","Car","None Apparent","1","21800","Yield Uncontrolled Intersection"
"CR-0000091806","ACV-0000187363","F","0","","Unknown","Driver","Impairment Not Known","East","Making Left Turn","Car","None Apparent","1","Unknown","Unknown"
"CR-0000091795","ACV-0000187343","M","29","","Minor","Driver","Had Not Been Drinking","East","Proceeding Straight","Car","None Apparent","1","Not Applicable","Not Applicable"
"CR-0000091839","ACV-0000187432","M","31","","Major","Driver","Had Not Been Drinking","West","Making Left Turn","Car","None Apparent","1","Not Applicable","Not Applicable"