"CrashName","Name","Sex","Age","Speed","VehicleDamage","PartyCategory","Sobriety","VehicleDirection","MovementPrecedingCollision","PartyType","OtherAssociatedFactor","VehicleCount","ViolationCode","ViolationCodeDescription"
"CR-0000091841","ACV-0000187437","","0","","Moderate","Parked","Not Applicable","Not Applicable","Parked","Car","Not Applicable","1","Not Applicable","Not Applicable"
"CR-0000091839","ACV-0000187429","M","50","","Major","Driver","Had Not Been Drinking","North","Proceeding Straight","Car","None Apparent","1","21453","Run Red Light"
"CR-0000091845","ACV-0000187444","M","0","","Unknown","Driver","Impairment Not Known","Unknown","Unknown","Unknown","None Apparent","1","Unknown","Unknown"
"CR-0000091826","ACV-0000187401","F","30","","Moderate","Driver","Impairment Not Known","East","Stopped","Car","None Apparent","1","Not Applicable","Not Applicable"
"CR-0000091804","ACV-0000187359","M","27","","Moderate","Driver","Impairment Not Known","East","Stopped","Car","None Apparent","1","Unknown","Unknown"
"CR-0000091829","ACV-0000187407","F","31","","Major","Driver","Impairment Not Known","East","Proceeding Straight","Car","None Apparent","1","Not Applicable","Not Applicable"
"CR-0000091838","ACV-0000187433","M","49","","Minor","Driver","Had Not Been Drinking","South","Stopped","Bus - Other","None Apparent","1","Not Applicable","Not Applicable"
"CR-0000091810","ACV-0000187371","M","20","","Major","Driver","Sleepy/Fatigued","South","Proceeding Straight","Car","Other","1","21650","Driving Wrong Side"
"CR-0000091799","ACV-0000187350","M","76","","Moderate","Driver","Had Not Been Drinking","North","Proceeding Straight","Car","None Apparent","1","Not Applicable","Not Applicable"
"CR-0000091811","ACV-0000187372","","0","","Unknown","Driver","Impairment Not Known","East","Parking Maneuver","Car","Entering/Leaving Ramp","1","22107","Unsafe Turn Movement"
"CR-0000091817","ACV-0000187385","F","54","","Major","Driver","Impairment Not Known","North","Proceeding Straight","Car","None Apparent","1","Not Applicable","Not Applicable"
"CR-0000091818","ACV-0000187383","","0","","Major","Parked","Not Applicable","West","Parked","Car","None Apparent","1","Not Applicable","Not Applicable"
"CR-0000091836","ACV-0000187423","F","19","","Moderate","Driver","Impairment Not Known","South","Parking Maneuver","Car","None Apparent","1","Not Applicable","Not Applicable"
"CR-0000091837","ACV-0000187428","F","59","","Moderate","Driver","Had Not Been Drinking","South","Proceeding Straight","Car","None Apparent","1","Not Applicable","Not Applicable"
"CR-0000091827","ACV-0000187402","M","30","","Minor","Driver","Had Not Been Drinking","South","Proceeding Straight","Car","Other Violation","1","22450","Fail Stop/Sign"
"CR-0000091849","ACV-0000187453","M","18","","Moderate","Driver","Had Been Drinking - Not Under Influence","East","Making Right Turn","Car","None Apparent","1","Not Applicable","Not Applicable"
"CR-0000091804","ACV-0000187358","M","54","","Moderate","Driver","Impairment Not Known","East","Proceeding Straight","Car","None Apparent","1","Unknown","Unknown"
"CR-0000091807","ACV-0000187366","F","49","","Moderate","Parked","Impairment Not Known","Not Applicable","Parked","Car","None Apparent","1","Not Applicable","Not Applicable"
"CR-0000091819","ACV-0000187387","M","53","","Moderate","Driver","Impairment Not Known","West","Proceeding Straight","Car","None Apparent","1","Not Applicable","Not Applicable"
"CR-0000091850","ACV-0000187454","","0","","Unknown","Driver","Impairment Not Known","West","Proceeding Straight","Unknown","Other Violation","1","22107","Unsafe Turn Movement"
"CR-0000091808","ACV-0000187368","M","21","","Minor","Driver","Had Not Been Drinking","West","Proceeding Straight","Panel Truck","None Apparent","1","Not Applicable","Not Applicable"
"CR-0000091830","ACV-0000187410","F","0","","Minor","Driver","Had Not Been Drinking","South","Slowing/Stopping","Car","None Apparent","1","22350","Speeding"
"CR-0000091812","ACV-0000187374","M","55","","Unknown","Bicycle","Had Been Drinking - Impairment Unknown","South","Proceeding Straight","Scooter Motorized","None Apparent","1","21235","Laws Apply To Motorized Scooter"
"CR-0000091835","ACV-0000187421","F","23","","Moderate","Driver","Had Not Been Drinking","East","Making Left Turn","Car","None Apparent","1","Not Applicable","Not Applicable"
"CR-0000091815","ACV-0000187377","","0","","Minor","Parked","Impairment Not Known","Not Applicable","Parked","Car","None Apparent","1","Not Applicable","Not Applicable"
"CR-0000091845","ACV-0000187445","F","36","","Unknown","Parked","Not Applicable","Not Applicable","Parked","Car","None Apparent","1","Unknown","Unknown"
"CR-0000091837","ACV-0000187427","F","31","","Major","Driver","Had Not Been Drinking","South","Proceeding Straight","Car","None Apparent","1","22350","Speeding"
"CR-0000091836","ACV-0000187422","M","28","","Major","Driver","Had Been Drinking - Under Influence","South","Proceeding Straight","Car","Other Violation","1","23152","Driving Drunk"
"CR-0000091799","ACV-0000187349","M","21","","Moderate","Driver","Had Not Been Drinking","West","Making Right Turn","Car","None Apparent","1","21802","Yield Stop Sign"
"CR-0000091850","ACV-0000187455","M","46","","Major","Parked","Not Applicable","Not Applicable","Parked","Car","None Apparent","1","Not Applicable","Not Applicable"
"CR-0000091834","ACV-0000187419","","0","","Minor","Parked","Not Applicable","Not Applicable","Parked","Car","None Apparent","1","Not Applicable","Not Applicable"
"CR-0000091840","ACV-0000187434","","0","","Unknown","Driver","Impairment Not Known","West","Backing","Car","None Apparent","1","22106","Unsafe Backing"
"CR-0000091821","ACV-0000187391","","0","","Unknown","Driver","Impairment Not Known","South","Backing","Panel Truck","None Apparent","1","Unknown","Unknown"
"CR-0000091826","ACV-0000187400","M","52","","None","Driver","Impairment Not Known","East","Proceeding Straight","Car","None Apparent","1","21703","Follow Too Closely"
"CR-0000091817","ACV-0000187384","M","21","","Major","Driver","Impairment Not Known","South","Making Left Turn","Panel Truck","Other Violation","1","21801","Yield Left Turn"
"CR-0000091798","ACV-0000187348","","0","","Minor","Driver","Impairment Not Known","East","Making Left Turn","Car","Runaway Vehicle","1","22107","Unsafe Turn Movement"
"CR-0000091827","ACV-0000187404","M","30","","Not Applicable","Pedestrian","Had Not Been Drinking","West","Proceeding Straight","Skateboard","None Apparent","1","Not Applicable","Not Applicable"
"CR-0000091836","ACV-0000187425","F","0","","Moderate","Parked","Not Applicable","Not Applicable","Parked","Car","None Apparent","1","Not Applicable","Not Applicable"
"CR-0000091805","ACV-0000187361","M","55","","Unknown","Bicycle","Impairment Not Known","East","Proceeding Straight","Bicycle","None Apparent","1","Unknown","Unknown"
"CR-0000091844","ACV-0000187442","M","48","","Unknown","Parked","Not Applicable","Not Applicable","Parked","Car","None Apparent","1","Unknown","Unknown"
"CR-0000091823","ACV-0000187394","M","22","","None","Driver","Had Not Been Drinking","West","Proceeding Straight","Panel Truck","None Apparent","1","22107","Unsafe Turn Movement"
"CR-0000091814","ACV-0000187375","","0","","Major","Driver","Impairment Not Known","North","Proceeding Straight","Car","None Apparent","1","21658","Unsafe Lane Change"
"CR-0000091806","ACV-0000187362","F","0","","Unknown","Driver","Impairment Not Known","South","Proceeding Straight","Car","None Apparent","1","Unknown","Unknown"
"CR-0000091830","ACV-0000187411","F","26","","Minor","Driver","Had Not Been Drinking","South","Slowing/Stopping","Car","None Apparent","1","Not Applicable","Not Applicable"
"CR-0000091847","ACV-0000187447","","0","","Moderate","Driver","Impairment Not Known","North","Proceeding Straight","Car","None Apparent","1","22350","Speeding"
"CR-0000091816","ACV-0000187380","M","79","","Unknown","Driver","Impairment Not Known","North","Slowing/Stopping","Panel Truck","None Apparent","1","Unknown","Unknown"
"CR-0000091803","ACV-0000187356","","0","","Unknown","Driver","Impairment Not Known","North","Making Left Turn","Unknown","None Apparent","1","Unknown","Unknown"
"CR-0000091822","ACV-0000187392","F","0","","Unknown","Driver","Impairment Not Known","South","Making Left Turn","Car","None Apparent","1","Unknown","Unknown"
"CR-0000091828","ACV-0000187403","","0","","Major","Driver","Impairment Not Known","South","Making Left Turn","Car","None Apparent","1","22350","Speeding"
"CR-0000091840","ACV-0000187435","","0","","Moderate","Parked","Not Applicable","Not Applicable","Parked","Panel Truck","None Apparent","1","Not Applicable","Not Applicable"
"CR-0000091819","ACV-0000187388","M","40","","Minor","Driver","Impairment Not Known","West","Proceeding Straight","Car","None Apparent","1","Not Applicable","Not Applicable"
"CR-0000091836","ACV-0000187424","","0","","Moderate","Parked","Not Applicable","Not Applicable","Parked","Car","None Apparent","1","Not Applicable","Not Applicable"
"CR-0000091831","ACV-0000187412","M","53","","Major","Driver","Impairment Not Known","North","Proceeding Straight","Car","None Apparent","1","22350","Speeding"
"CR-0000091824","ACV-0000187395","","0","","Unknown","Driver","Impairment Not Known","Unknown","Other Unsafe Turning","Car","None Apparent","1","Unknown","Unknown"
"CR-0000091841","ACV-0000187436","M","21","","Moderate","Driver","Impairment Not Known","South","Proceeding Straight","Car","None Apparent","1","21658","Unsafe Lane Change"
"CR-0000091833","ACV-0000187417","F","24","","Major","Driver","Had Not Been Drinking","North","Other Unsafe Turning","Car","None Apparent","1","22107","Unsafe Turn Movement"
"CR-0000091820","ACV-0000187389","M","66","","Major","Driver","Had Not Been Drinking","West","Making Left Turn","Car","None Apparent","1","21453","Run Red Light"
"CR-0000091811","ACV-0000187373","M","23","","Moderate","Driver","Had Not Been Drinking","South","Proceeding Straight","Car","None Apparent","1","Not Applicable","Not Applicable"
"CR-0000091846","ACV-0000187448","F","33","","Unknown","Driver","Impairment Not Known","West","Making Right Turn","Car","None Apparent","1","Unknown","Unknown"
"CR-0000091851","ACV-0000187456","M","14","","Major","Driver","Impairment Not Known","West","Proceeding Straight","Car","None Apparent","1","22350","Speeding"
"CR-0000091797","ACV-0000187346","","0","","Moderate","Driver","Impairment Not Known","South","Other Unsafe Turning","Car","None Apparent","1","22107","Unsafe Turn Movement"
"CR-0000091824","ACV-0000187397","M","0","","Unknown","Parked","Not Applicable","Not Applicable","Parked","Car","None Apparent","1","Unknown","Unknown"
"CR-0000091800","ACV-0000187351","","0","","Totaled","Driver","Impairment Not Known","Not Applicable","Proceeding Straight","Car","None Apparent","1","22350","Speeding"
"CR-0000091808","ACV-0000187367","","0","","Minor","Driver","Impairment Not Known","North","Proceeding Straight","Car","None Apparent","1","22350","Speeding"
"CR-0000091816","ACV-0000187379","M","0","","Unknown","Driver","Impairment Not Known","North","Proceeding Straight","Car","None Apparent","1","Unknown","Unknown"
"CR-0000091822","ACV-0000187393","F","37","","Unknown","Driver","Impairment Not Known","South","Stopped","Car","None Apparent","1","Unknown","Unknown"
"CR-0000091797","ACV-0000187347","M","26","","Moderate","Parked","Not Applicable","Not Applicable","Parked","Car","None Apparent","1","Not Applicable","Not Applicable"
"CR-0000091831","ACV-0000187413","F","39","","Major","Driver","Impairment Not Known","South","Making Left Turn","Car","None Apparent","1","Not Applicable","Not Applicable"
"CR-0000091807","ACV-0000187365","M","87","","Major","Parked","Not Applicable","Not Applicable","Parked","Car","None Apparent","1","Not Applicable","Not Applicable"
"CR-0000091801","ACV-0000187352","F","32","","Unknown","Driver","Impairment Not Known","West","Making Left Turn","Panel Truck","None Apparent","1","Unknown","Unknown"
"CR-0000091809","ACV-0000187370","M","45","","Minor","Driver","Had Not Been Drinking","East","Stopped","Car","None Apparent","1","Not Applicable","Not Applicable"
"CR-0000091796","ACV-0000187344","","0","","Minor","Driver","Impairment Not Known","South","Proceeding Straight","Car","None Apparent","1","Unknown","Unknown"
"CR-0000091847","ACV-0000187449","F","25","","Moderate","Driver","Had Not Been Drinking","East","Proceeding Straight","Car","None Apparent","1","Not Applicable","Not Applicable"
"CR-0000091834","ACV-0000187418","M","0","","Moderate","Driver","Impairment Not Known","East","Proceeding Straight","Car","Inattention","1","22107","Unsafe Turn Movement"
"CR-0000091836","ACV-0000187426","M","0","","Moderate","Parked","Not Applicable","Not Applicable","Parked","Car","None Apparent","1","Not Applicable","Not Applicable"
"CR-0000091820","ACV-0000187390","M","78","","Moderate","Driver","Had Not Been Drinking","East","Proceeding Straight","Panel Truck","None Apparent","1","Not Applicable","Not Applicable"
"CR-0000091813","ACV-0000187378","","0","","Unknown","Driver","Impairment Not Known","North","Proceeding Straight","Car","None Apparent","1","22350","Speeding"
"CR-0000091807","ACV-0000187364","","0","","Unknown","Driver","Impairment Not Known","East","Ran Off Road","Panel Truck","None Apparent","1","22350","Speeding"
"CR-0000091844","ACV-0000187441","","0","","Unknown","Driver","Impairment Not Known","Unknown","Backing","Unknown","None Apparent","1","Unknown","Unknown"
"CR-0000091803","ACV-0000187357","M","25","","Unknown","Driver","Impairment Not Known","South","Proceeding Straight","Car","None Apparent","1","Unknown","Unknown"
"CR-0000091831","ACV-0000187414","F","23","","Minor","Driver","Impairment Not Known","South","Making Left Turn","Car","None Apparent","1","Not Applicable","Not Applicable"
"CR-0000091838","ACV-0000187430","","0","","Minor","Driver","Impairment Not Known","South","Proceeding Straight","Car","None Apparent","1","22350","Speeding"
"CR-0000091795","ACV-0000187342","","0","","Unknown","Driver","Had Not Been Drinking","East","Proceeding Straight","Car","None Apparent","1","21658","Unsafe Lane Change"
"CR-0000091828","ACV-0000187405","M","33","","Major","Driver","Had Not Been Drinking","West","Stopped","Car","None Apparent","1","Not Applicable","Not Applicable"
"CR-0000091842","ACV-0000187439","F","28","","Totaled","Driver","Impairment Not Known","East","Proceeding Straight","Car","None Apparent","1","Not Applicable","Not Applicable"
"CR-0000091819","ACV-0000187386","M","27","","Moderate","Driver","Impairment Not Known","West","Proceeding Straight","Motorcycle/Moped","None Apparent","1","22350","Speeding"
"CR-0000091848","ACV-0000187450","F","32","","Major","Driver","Impairment Not Known","North","Proceeding Straight","Car","Other Violation","1","23152","Driving Drunk"
"CR-0000091825","ACV-0000187399","","0","","Major","Parked","Not Applicable","Not Applicable","Parked","Car","None Apparent","1","Not Applicable","Not Applicable"
"CR-0000091802","ACV-0000187354","F","0","","Unknown","Driver","Impairment Not Known","East","Making Right Turn","Car","None Apparent","1","Unknown","Unknown"
"CR-0000091865","ACV-0000187477","M","68","","Moderate","Driver","Had Not Been Drinking","West","Proceeding Straight","Panel Truck","Unknown","1","Not Applicable","Not Applicable"
"CR-0000091862","ACV-0000187472","","0","","Unknown","Driver","Impairment Not Known","North","Proceeding Straight","Car","None Apparent","1","Unknown","Unknown"
"CR-0000091862","ACV-0000187473","M","35","","Unknown","Driver","Impairment Not Known","South","Parking Maneuver","Car","None Apparent","1","Unknown","Unknown"
"CR-0000091866","ACV-0000187478","M","64","","Moderate","Driver","Had Been Drinking - Under Influence","West","Other Unsafe Turning","Car","Other Violation","1","22107","Unsafe Turn Movement"
"CR-0000091852","ACV-0000187457","M","28","","Major","Driver","Impairment Not Known","North","Proceeding Straight","Motorcycle/Moped","Other Violation","1","21453","Run Red Light"
"CR-0000091852","ACV-0000187458","M","49","","Totaled","Driver","Had Not Been Drinking","East","Proceeding Straight","Car","None Apparent","1","Not Applicable","Not Applicable"
"CR-0000091867","ACV-0000187480","M","19","","Minor","Driver","Had Not Been Drinking","Unknown","Stopped","Car","None Apparent","1","21460","Driving Over Centerline"
"CR-0000091864","ACV-0000187474","F","20","","Minor","Driver","Impairment Not Known","East","Making U-Turn","Car","None Apparent","1","22102","U-Turn Business District"
"CR-0000091867","ACV-0000187481","F","25","","Not Applicable","Pedestrian","Had Not Been Drinking","East","Stopped","Scooter Non-Motorized","None Apparent","1","Not Applicable","Not Applicable"
"CR-0000091864","ACV-0000187475","M","38","","Major","Driver","Impairment Not Known","East","Proceeding Straight","Car","None Apparent","1","Not Applicable","Not Applicable"
"CR-0000091865","ACV-0000187476","M","79","","Major","Driver","Had Not Been Drinking","West","Proceeding Straight","Car","Inattention","1","21703","Follow Too Closely"
"CR-0000091868","ACV-0000187482","F","41","","Moderate","Driver","Impairment Not Known","South","Stopped","Car","Unknown","1","23123","Cellphone In Use"
"CR-0000091868","ACV-0000187483","M","61","","None","Driver","Impairment Not Known","South","Making Left Turn","Panel Truck","Unknown","1","Not Applicable","Not Applicable"
"CR-0000091866","ACV-0000187479","","0","","Moderate","Parked","Not Applicable","Not Applicable","Parked","Panel Truck","Unknown","1","Not Applicable","Not Applicable"
"CR-0000091852","ACV-0000187459","F","51","","None","Driver","Had Not Been Drinking","East","Proceeding Straight","Car","None Apparent","1","Not Applicable","Not Applicable"
"CR-0000091869","ACV-0000187486","M","47","","Minor","Driver","Impairment Not Known","East","Stopped","Car","None Apparent","1","Not Applicable","Not Applicable"
"CR-0000091873","ACV-0000187494","","0","","Unknown","Driver","Impairment Not Known","North","Unknown","Unknown","Unknown","1","Unknown","Unknown"
"CR-0000091877","ACV-0000187501","F","62","","Minor","Driver","Had Not Been Drinking","North","Proceeding Straight","Car","Unknown","1","21453","Run Red Light"
"CR-0000091874","ACV-0000187495","M","47","","Unknown","Driver","Impairment Not Known","South","Proceeding Straight","Car","Unknown","1","Unknown","Unknown"
"CR-0000091871","ACV-0000187489","M","45","","Minor","Driver","Had Not Been Drinking","South","Stopped","Panel Truck","Unknown","1","Not Applicable","Not Applicable"
"CR-0000091876","ACV-0000187500","F","0","","Minor","Driver","Had Not Been Drinking","North","Proceeding Straight","Car","Unknown","1","Not Applicable","Not Applicable"
"CR-0000091874","ACV-0000187496","M","34","","Unknown","Driver","Impairment Not Known","Unknown","Stopped","Car","Unknown","1","Unknown","Unknown"
"CR-0000091877","ACV-0000187502","F","36","","Minor","Driver","Had Not Been Drinking","East","Making Left Turn","Car","Unknown","1","Not Applicable","Not Applicable"
"CR-0000091870","ACV-0000187487","M","87","","Minor","Driver","Impairment Not Known","West","Changing Lanes","Car","Inattention;Other","1","22107","Unsafe Turn Movement"
"CR-0000091876","ACV-0000187499","F","23","","Moderate","Driver","Had Not Been Drinking","North","Proceeding Straight","Car","Unknown","1","21658","Unsafe Lane Change"
"CR-0000091871","ACV-0000187490","M","27","","Minor","Driver","Had Not Been Drinking","South","Stopped","Panel Truck","Unknown","1","Not Applicable","Not Applicable"
"CR-0000091871","ACV-0000187488","","0","","Unknown","Driver","Impairment Not Known","Unknown","Proceeding Straight","Car","Other Violation","1","22350","Speeding"
"CR-0000091872","ACV-0000187491","F","62","","Unknown","Driver","Impairment Not Known","North","Making Right Turn","Car","Unknown","1","Unknown","Unknown"
"CR-0000091869","ACV-0000187484","M","18","","Major","Driver","Impairment Not Known","East","Proceeding Straight","Car","Inattention","1","22350","Speeding"
"CR-0000091872","ACV-0000187492","","0","","Unknown","Driver","Impairment Not Known","North","Proceeding Straight","Unknown","Unknown","1","Unknown","Unknown"
"CR-0000091875","ACV-0000187497","M","49","","Major","Driver","Impairment Not Known","South","Proceeding Straight","Car","Inattention","1","22350","Speeding"
"CR-0000091875","ACV-0000187498","M","65","","Moderate","Driver","Impairment Not Known","West","Proceeding Straight","Panel Truck","None Apparent","1","Not Applicable","Not Applicable"
"CR-0000091873","ACV-0000187493","M","34","","Unknown","Parked","Impairment Not Known","Not Applicable","Parked","Car","Unknown","1","Unknown","Unknown"
"CR-0000091869","ACV-0000187485","F","36","","Minor","Driver","Impairment Not Known","East","Stopped","Car","None Apparent","1","Not Applicable","Not Applicable"
"CR-0000091901","ACV-0000187552","","0","","Moderate","Parked","Not Applicable","Not Applicable","Parked","Car","Unknown","1","Not Applicable","Not Applicable"
"CR-0000091887","ACV-0000187521","F","0","","Minor","Driver","Impairment Not Known","North","Making Left Turn","Car","None Apparent","1","Not Applicable","Not Applicable"
"CR-0000091883","ACV-0000187513","F","0","","Unknown","Driver","Impairment Not Known","Unknown","Proceeding Straight","Car","Unknown","1","Unknown","Unknown"
"CR-0000091906","ACV-0000187561","F","26","","Major","Driver","Impairment Not Known","West","Proceeding Straight","Car","None Apparent","1","21453","Run Red Light"
"CR-0000091892","ACV-0000187532","M","17","","Unknown","Driver","Impairment Not Known","Unknown","Proceeding Straight","Car","Unknown","1","Unknown","Unknown"
"CR-0000091888","ACV-0000187522","F","25","","Minor","Driver","Had Not Been Drinking","South","Proceeding Straight","Car","Stop And Go Traffic","1","21703","Follow Too Closely"
"CR-0000091885","ACV-0000187516","F","45","","Major","Driver","Sleepy/Fatigued","North","Proceeding Straight","Car","Unknown","1","21703","Follow Too Closely"
"CR-0000091901","ACV-0000187551","M","43","","Moderate","Driver","Had Been Drinking - Under Influence","North","Ran Off Road","Car","Other Violation","1","21650","Driving Wrong Side"
"CR-0000091887","ACV-0000187520","F","52","","Minor","Driver","Impairment Not Known","North","Making Left Turn","Car","None Apparent","1","21703","Follow Too Closely"
"CR-0000091907","ACV-0000187562","","0","","Major","Driver","Impairment Not Known","East","Proceeding Straight","Car","None Apparent","1","22350","Speeding"
"CR-0000091892","ACV-0000187531","F","0","","Unknown","Driver","Impairment Not Known","Unknown","Entering Traffic","Car","Unknown","1","Unknown","Unknown"
"CR-0000091897","ACV-0000187541","F","21","","Totaled","Driver","Impairment Not Known","East","Proceeding Straight","Car","None Apparent","1","22350","Speeding"
"CR-0000091893","ACV-0000187533","F","0","","Unknown","Driver","Impairment Not Known","East","Making Right Turn","Car","Unknown","1","Unknown","Unknown"
"CR-0000091883","ACV-0000187514","F","51","","Unknown","Driver","Impairment Not Known","Unknown","Stopped","Car","Unknown","1","Unknown","Unknown"
"CR-0000091902","ACV-0000187553","","0","","Moderate","Driver","Impairment Not Known","South","Unknown","Car","Unknown","1","22350","Speeding"
"CR-0000091889","ACV-0000187526","M","56","","Major","Parked","Not Applicable","Not Applicable","Parked","Car","None Apparent","1","Not Applicable","Not Applicable"
"CR-0000091897","ACV-0000187542","M","63","","Moderate","Driver","Impairment Not Known","East","Stopped","Car","None Apparent","1","Not Applicable","Not Applicable"
"CR-0000091891","ACV-0000187529","M","41","","Unknown","Driver","Impairment Not Known","North","Stopped","Car","Unknown","1","Unknown","Unknown"
"CR-0000091898","ACV-0000187546","","0","","Minor","Parked","Not Applicable","Not Applicable","Parked","Car","None Apparent","1","Not Applicable","Not Applicable"
"CR-0000091879","ACV-0000187506","M","39","","Moderate","Driver","Had Not Been Drinking","North","Proceeding Straight","Car","None Apparent","1","Not Applicable","Not Applicable"
"CR-0000091888","ACV-0000187523","M","56","","Minor","Driver","Had Not Been Drinking","South","Stopped","Car","Stop And Go Traffic","1","Not Applicable","Not Applicable"
"CR-0000091900","ACV-0000187550","F","21","","Minor","Driver","Had Not Been Drinking","East","Proceeding Straight","Car","None Apparent","1","Not Applicable","Not Applicable"
"CR-0000091886","ACV-0000187519","F","30","","Minor","Driver","Impairment Not Known","East","Stopped","Car","None Apparent","1","Not Applicable","Not Applicable"
"CR-0000091903","ACV-0000187556","F","50","","Not Applicable","Bicycle","Had Not Been Drinking","North","Proceeding Straight","Bicycle","None Apparent","1","Not Applicable","Not Applicable"
"CR-0000091894","ACV-0000187536","M","24","","Unknown","Driver","Impairment Not Known","North","Stopped","Car","Unknown","1","Unknown","Unknown"
"CR-0000091891","ACV-0000187530","M","0","","Unknown","Driver","Impairment Not Known","North","Proceeding Straight","Unknown","Unknown","1","Unknown","Unknown"
"CR-0000091886","ACV-0000187518","","0","","Unknown","Driver","Impairment Not Known","East","Proceeding Straight","Car","None Apparent","1","21703","Follow Too Closely"
"CR-0000091896","ACV-0000187540","F","47","","Moderate","Driver","Had Not Been Drinking","East","Proceeding Straight","Car","None Apparent","1","Not Applicable","Not Applicable"
"CR-0000091890","ACV-0000187528","M","28","","Moderate","Driver","Impairment Not Known","West","Proceeding Straight","Bus - Other","None Apparent","1","Not Applicable","Not Applicable"
"CR-0000091880","ACV-0000187509","","0","","Minor","Parked","Not Applicable","Not Applicable","Parked","Car","None Apparent","1","Not Applicable","Not Applicable"
"CR-0000091878","ACV-0000187503","M","0","","Not Applicable","Pedestrian","Impairment Not Known","North","Proceeding Straight","Pedestrian","None Apparent","1","21954","Pedestrian Yield Car"
"CR-0000091902","ACV-0000187554","","0","","Unknown","Parked","Not Applicable","Not Applicable","Parked","Car","Unknown","1","Not Applicable","Not Applicable"
"CR-0000091898","ACV-0000187543","","0","","Unknown","Driver","Impairment Not Known","South","Proceeding Straight","Unknown","Other Violation","1","22350","Speeding"
"CR-0000091884","ACV-0000187515","M","34","","Moderate","Driver","Had Not Been Drinking","East","Proceeding Straight","Motorcycle/Moped","Unknown","1","22350","Speeding"
"CR-0000091895","ACV-0000187538","","0","","Unknown","Driver","Impairment Not Known","West","Slowing/Stopping","Unknown","Unknown","1","Unknown","Unknown"
"CR-0000091905","ACV-0000187559","","0","","Unknown","Driver","Impairment Not Known","South","Backing","Car","None Apparent","1","22106","Unsafe Backing"
"CR-0000091900","ACV-0000187549","","0","","Unknown","Driver","Impairment Not Known","East","Proceeding Straight","Unknown","None Apparent","1","22350","Speeding"
"CR-0000091899","ACV-0000187548","","0","","Moderate","Parked","Not Applicable","Not Applicable","Parked","Car","None Apparent","1","Not Applicable","Not Applicable"
"CR-0000091889","ACV-0000187524","M","46","","Major","Driver","Impairment Not Known","North","Other Unsafe Turning","Panel Truck","None Apparent","1","22107","Unsafe Turn Movement"
"CR-0000091890","ACV-0000187527","M","23","","Moderate","Driver","Impairment Not Known","South","Making U-Turn","Car","None Apparent","1","22107","Unsafe Turn Movement"
"CR-0000091880","ACV-0000187508","","0","","Major","Parked","Not Applicable","Not Applicable","Parked","Car","None Apparent","1","Not Applicable","Not Applicable"
"CR-0000091885","ACV-0000187517","M","62","","Major","Driver","Had Not Been Drinking","North","Proceeding Straight","Car","Unknown","1","Not Applicable","Not Applicable"
"CR-0000091896","ACV-0000187539","F","17","","Major","Driver","Had Not Been Drinking","West","Proceeding Straight","Car","None Apparent","1","22350","Speeding"
"CR-0000091904","ACV-0000187558","F","29","","Not Applicable","Bicycle","Impairment Not Known","West","Proceeding Straight","Bicycle","None Apparent","1","Not Applicable","Not Applicable"
"CR-0000091881","ACV-0000187510","","0","","Minor","Driver","Impairment Not Known","East","Backing","Car","None Apparent","1","22106","Unsafe Backing"
"CR-0000091878","ACV-0000187504","M","20","","Moderate","Driver","Had Not Been Drinking","East","Entering Traffic","Car","None Apparent","1","Not Applicable","Not Applicable"
"CR-0000091882","ACV-0000187512","M","18","","Minor","Driver","Impairment Not Known","South","Other Unsafe Turning","Car","None Apparent","1","22107","Unsafe Turn Movement"
"CR-0000091880","ACV-0000187507","","0","","Unknown","Driver","Impairment Not Known","East","Proceeding Straight","Panel Truck","Unknown","1","22107","Unsafe Turn Movement"
"CR-0000091889","ACV-0000187525","M","27","","Major","Parked","Not Applicable","Not Applicable","Parked","Car","None Apparent","1","Not Applicable","Not Applicable"
"CR-0000091905","ACV-0000187560","","0","","Minor","Parked","Not Applicable","Not Applicable","Parked","Panel Truck","None Apparent","1","Not Applicable","Not Applicable"
"CR-0000091879","ACV-0000187505","M","66","","Moderate","Driver","Had Not Been Drinking","West","Making Left Turn","Car","None Apparent","1","21801","Yield Left Turn"
"CR-0000091895","ACV-0000187537","F","47","","Unknown","Driver","Impairment Not Known","West","Proceeding Straight","Car","Unknown","1","Unknown","Unknown"
"CR-0000091898","ACV-0000187544","","0","","Unknown","Parked","Not Applicable","Not Applicable","Parked","Car","None Apparent","1","Not Applicable","Not Applicable"
"CR-0000091903","ACV-0000187555","M","26","","Minor","Driver","Had Not Been Drinking","East","Proceeding Straight","Panel Truck","None Apparent","1","21804","Yield From Driveway/Curb"
"CR-0000091899","ACV-0000187547","M","48","","Minor","Driver","Had Been Drinking - Under Influence","South","Proceeding Straight","Car","None Apparent","1","23152","Driving Drunk"
"CR-0000091881","ACV-0000187511","M","29","","Minor","Parked","Not Applicable","Not Applicable","Parked","Car","None Apparent","1","Not Applicable","Not Applicable"
"CR-0000091898","ACV-0000187545","","0","","Unknown","Parked","Not Applicable","Not Applicable","Parked","Car","None Apparent","1","Not Applicable","Not Applicable"
"CR-0000091894","ACV-0000187535","M","0","","Unknown","Driver","Impairment Not Known","North","Proceeding Straight","Car","Unknown","1","Unknown","Unknown"