"CrashName","Name","Sex","Age","Speed","VehicleDamage","PartyCategory","Sobriety","VehicleDirection","MovementPrecedingCollision","PartyType","OtherAssociatedFactor","VehicleCount","ViolationCode","ViolationCodeDescription"
"CR-0000092536","ACV-0000188824","","0","","Minor","Driver","Impairment Not Known","East","Parking Maneuver","Car","None Apparent","1","22107","Unsafe Turn Movement"
"CR-0000092537","ACV-0000188827","F","38","","Major","Driver","Had Not Been Drinking","West","Slowing/Stopping","Car","None Apparent","1","Not Applicable","Not Applicable"
"CR-0000092539","ACV-0000188832","F","25","","Major","Driver","Had Not Been Drinking","East","Making Left Turn","Car","None Apparent","1","Not Applicable","Not Applicable"
"CR-0000092541","ACV-0000188836","M","28","","Major","Driver","Had Been Drinking - Under Influence","North","Proceeding Straight","Car","Inattention","1","23152","Driving Drunk"
"CR-0000092543","ACV-0000188840","","0","","Unknown","Driver","Impairment Not Known","North","Proceeding Straight","Car","None Apparent","1","22107","Unsafe Turn Movement"
"CR-0000092544","ACV-0000188844","M","45","","Moderate","Driver","Had Not Been Drinking","West","Proceeding Straight","Car","None Apparent","1","Not Applicable","Not Applicable"
"CR-0000092546","ACV-0000188848","","0","","Unknown","Driver","Impairment Not Known","Not Applicable","Proceeding Straight","Car","None Apparent","1","22350","Speeding"
"CR-0000092548","ACV-0000188852","","0","","Major","Driver","Impairment Not Known","South","Making Right Turn","Car","None Apparent","1","22350","Speeding"
"CR-0000092551","ACV-0000188856","","0","","Unknown","Driver","Impairment Not Known","South","Proceeding Straight","Car","None Apparent","1","22350","Speeding"
"CR-0000092533","ACV-0000188818","F","39","","Minor","Driver","Had Not Been Drinking","North","Making Right Turn","Car","None Apparent","1","21950","Yield Pedestrian In Crosswalk"
"CR-0000092534","ACV-0000188822","","0","","Major","Parked","Not Applicable","Not Applicable","Parked","Car","None Apparent","1","Not Applicable","Not Applicable"
"CR-0000092537","ACV-0000188826","M","43","","Moderate","Driver","Had Been Drinking - Under Influence","West","Proceeding Straight","Car","Other Violation;Other","1","23153","Driving Drunk With Injury"
"CR-0000092538","ACV-0000188830","","0","","Minor","Parked","Not Applicable","Not Applicable","Parked","Car","None Apparent","1","Not Applicable","Not Applicable"
"CR-0000092540","ACV-0000188834","","0","","Moderate","Parked","Not Applicable","Not Applicable","Parked","Car","None Apparent","1","Not Applicable","Not Applicable"
"CR-0000092541","ACV-0000188838","","0","","Moderate","Driver","Not Applicable","Not Applicable","Parked","Car","None Apparent","1","Not Applicable","Not Applicable"
"CR-0000092544","ACV-0000188842","","0","","Unknown","Driver","Impairment Not Known","South","Proceeding Straight","Unknown","Stop And Go Traffic","1","22450","Fail Stop/Sign"
"CR-0000092544","ACV-0000188846","","0","","Major","Parked","Not Applicable","Not Applicable","Parked","Car","None Apparent","1","Not Applicable","Not Applicable"
"CR-0000092547","ACV-0000188850","F","37","","Major","Driver","Sleepy/Fatigued","East","Ran Off Road","Car","Other Violation","1","22350","Speeding"
"CR-0000092550","ACV-0000188854","","0","","Minor","Driver","Had Been Drinking - Impairment Unknown","North","Making Left Turn","Car","None Apparent","1","22107","Unsafe Turn Movement"
"CR-0000092552","ACV-0000188858","M","21","","Moderate","Driver","Had Not Been Drinking","East","Proceeding Straight","Car","Other Violation","1","22350","Speeding"
"CR-0000092554","ACV-0000188862","F","30","","Moderate","Driver","Had Been Drinking - Under Influence","South","Making Right Turn","Car","None Apparent","1","22107","Unsafe Turn Movement"
"CR-0000092533","ACV-0000188819","M","25","","Not Applicable","Pedestrian","Had Not Been Drinking","West","Making Right Turn","Pedestrian","None Apparent","1","Not Applicable","Not Applicable"
"CR-0000092535","ACV-0000188823","F","21","","Moderate","Driver","Had Not Been Drinking","South","Proceeding Straight","Car","None Apparent","1","22350","Speeding"
"CR-0000092537","ACV-0000188828","","0","","Moderate","Parked","Not Applicable","Not Applicable","Parked","Car","None Apparent","1","Not Applicable","Not Applicable"
"CR-0000092539","ACV-0000188831","","0","","Unknown","Driver","Had Been Drinking - Impairment Unknown","East","Making Left Turn","Car","None Apparent","1","22107","Unsafe Turn Movement"
"CR-0000092540","ACV-0000188835","","0","","Minor","Parked","Not Applicable","Not Applicable","Parked","Car","None Apparent","1","Not Applicable","Not Applicable"
"CR-0000092542","ACV-0000188839","M","30","","Moderate","Driver","Had Been Drinking - Under Influence","East","Proceeding Straight","Car","Inattention","1","23152","Driving Drunk"
"CR-0000092545","ACV-0000188843","F","25","","Minor","Driver","Impairment Not Known","West","Making U-Turn","Car","None Apparent","1","22107","Unsafe Turn Movement"
"CR-0000092544","ACV-0000188847","","0","","Minor","Parked","Not Applicable","Not Applicable","Parked","Panel Truck","None Apparent","1","Not Applicable","Not Applicable"
"CR-0000092546","ACV-0000188851","","0","","Minor","Parked","Not Applicable","Not Applicable","Parked","Car","None Apparent","1","Not Applicable","Not Applicable"
"CR-0000092550","ACV-0000188855","M","38","","Minor","Driver","Had Not Been Drinking","East","Proceeding Straight","Car","None Apparent","1","Not Applicable","Not Applicable"
"CR-0000092552","ACV-0000188859","M","45","","Major","Driver","Had Not Been Drinking","East","Stopped","Car","None Apparent","1","Not Applicable","Not Applicable"
"CR-0000092556","ACV-0000188865","","0","","Unknown","Driver","Impairment Not Known","East","Proceeding Straight","Car","None Apparent","1","22350","Speeding"
"CR-0000092557","ACV-0000188869","F","56","","Minor","Driver","Had Not Been Drinking","South","Proceeding Straight","Car","None Apparent","1","Not Applicable","Not Applicable"
"CR-0000092559","ACV-0000188873","M","18","","Major","Driver","Had Not Been Drinking","South","Proceeding Straight","Car","None Apparent","1","Not Applicable","Not Applicable"
"CR-0000092562","ACV-0000188877","M","62","","Major","Driver","Had Not Been Drinking","South","Making Left Turn","Car","None Apparent","1","21801","Yield Left Turn"
"CR-0000092563","ACV-0000188881","F","38","","Major","Driver","Had Not Been Drinking","East","Proceeding Straight","Car","None Apparent","1","Not Applicable","Not Applicable"
"CR-0000092565","ACV-0000188885","F","0","","Unknown","Driver","Impairment Not Known","South","Making Left Turn","Car","None Apparent","1","22107","Unsafe Turn Movement"
"CR-0000092566","ACV-0000188889","","0","","Minor","Driver","Not Applicable","Not Applicable","Parked","Car","None Apparent","1","Not Applicable","Not Applicable"
"CR-0000092568","ACV-0000188892","","0","","Unknown","Driver","Impairment Not Known","North","Making Left Turn","Car","None Apparent","1","22450","Fail Stop/Sign"
"CR-0000092571","ACV-0000188897","M","25","","Minor","Driver","Had Not Been Drinking","South","Backing","Emergency Vehicle","None Apparent","1","Unknown","Unknown"
"CR-0000092572","ACV-0000188901","","0","","Moderate","Parked","Not Applicable","East","Parked","Emergency Vehicle","Unknown","1","Not Applicable","Not Applicable"
"CR-0000092575","ACV-0000188905","M","33","","Moderate","Driver","Had Been Drinking - Under Influence","West","Proceeding Straight","Car","Other Violation","1","22350","Speeding"
"CR-0000092577","ACV-0000188909","F","39","","Major","Driver","Had Not Been Drinking","North","Proceeding Straight","Car","None Apparent","1","Not Applicable","Not Applicable"
"CR-0000092556","ACV-0000188866","M","43","","Minor","Driver","Had Not Been Drinking","East","Stopped","Car","None Apparent","1","Not Applicable","Not Applicable"
"CR-0000092558","ACV-0000188870","M","45","","Minor","Driver","Had Not Been Drinking","East","Stopped","Car","None Apparent","1","Not Applicable","Not Applicable"
"CR-0000092560","ACV-0000188874","M","34","","Not Applicable","Pedestrian","Had Been Drinking - Impairment Unknown","West","Proceeding Straight","Pedestrian","None Apparent","1","21955","Crossing Controlled Intersection/Jaywalking"
"CR-0000092562","ACV-0000188878","F","53","","Moderate","Driver","Had Not Been Drinking","North","Proceeding Straight","Car","None Apparent","1","Not Applicable","Not Applicable"
"CR-0000092563","ACV-0000188882","M","37","","Moderate","Driver","Impairment Not Known","East","Stopped","Car","None Apparent","1","Not Applicable","Not Applicable"
"CR-0000092565","ACV-0000188886","M","41","","Minor","Driver","Had Not Been Drinking","South","Stopped","Car","None Apparent","1","Not Applicable","Not Applicable"
"CR-0000092567","ACV-0000188890","M","0","","Minor","Driver","Impairment Not Known","West","Proceeding Straight","Panel Truck","Unknown","1","Unknown","Unknown"
"CR-0000092569","ACV-0000188894","M","0","","Minor","Driver","Had Not Been Drinking","South","Proceeding Straight","Emergency Vehicle","None Apparent","1","Unknown","Unknown"
"CR-0000092571","ACV-0000188898","M","46","","None","Driver","Not Applicable","Not Applicable","Parked","Other","None Apparent","1","Not Applicable","Not Applicable"
"CR-0000092573","ACV-0000188902","M","36","","Unknown","Bicycle","Had Not Been Drinking","North","Proceeding Straight","Bicycle","None Apparent","1","Unknown","Unknown"
"CR-0000092575","ACV-0000188906","","0","","Minor","Parked","Not Applicable","Not Applicable","Parked","Car","None Apparent","1","Not Applicable","Not Applicable"
"CR-0000092553","ACV-0000188860","F","29","","Minor","Driver","Had Not Been Drinking","East","Making Right Turn","Car","None Apparent","1","22107","Unsafe Turn Movement"
"CR-0000092555","ACV-0000188864","F","21","","Major","Driver","Had Not Been Drinking","East","Proceeding Straight","Car","None Apparent","1","Not Applicable","Not Applicable"
"CR-0000092558","ACV-0000188868","M","49","","None","Driver","Had Not Been Drinking","East","Proceeding Straight","Panel Truck","None Apparent","1","22350","Speeding"
"CR-0000092559","ACV-0000188872","F","52","","Major","Driver","Impairment Not Known","West","Making Right Turn","Car","Other Violation","1","22107","Unsafe Turn Movement"
"CR-0000092561","ACV-0000188876","M","38","","Moderate","Driver","Had Not Been Drinking","North","Other Unsafe Turning","Car","Inattention","1","22107","Unsafe Turn Movement"
"CR-0000092563","ACV-0000188880","F","52","","Major","Driver","Had Not Been Drinking","East","Proceeding Straight","Car","None Apparent","1","Not Applicable","Not Applicable"
"CR-0000092564","ACV-0000188884","M","58","","Major","Driver","Had Not Been Drinking","East","Proceeding Straight","Car","None Apparent","1","22350","Speeding"
"CR-0000092566","ACV-0000188888","F","35","","Minor","Driver","Had Not Been Drinking","North","Proceeding Straight","Car","None Apparent","1","Not Applicable","Not Applicable"
"CR-0000092568","ACV-0000188893","M","49","","Major","Driver","Impairment Not Known","South","Proceeding Straight","Car","None Apparent","1","Not Applicable","Not Applicable"
"CR-0000092570","ACV-0000188896","M","31","","Minor","Parked","Had Not Been Drinking","Not Applicable","Parked","Car","None Apparent","1","Not Applicable","Not Applicable"
"CR-0000092573","ACV-0000188900","F","40","","Moderate","Driver","Had Not Been Drinking","West","Proceeding Straight","Car","None Apparent","1","Unknown","Unknown"
"CR-0000092555","ACV-0000188863","F","27","","Major","Driver","Had Not Been Drinking","West","Making U-Turn","Car","None Apparent","1","21453","Run Red Light"
"CR-0000092557","ACV-0000188867","","0","","Unknown","Driver","Not Applicable","South","Entering Traffic","Car","None Apparent","1","22107","Unsafe Turn Movement"
"CR-0000092557","ACV-0000188871","","0","","Unknown","Parked","Not Applicable","Not Applicable","Parked","Car","None Apparent","1","Not Applicable","Not Applicable"
"CR-0000092560","ACV-0000188875","M","38","","Minor","Driver","Had Not Been Drinking","South","Proceeding Straight","Motorcycle/Moped","None Apparent","1","Not Applicable","Not Applicable"
"CR-0000092563","ACV-0000188879","M","62","","Major","Driver","Had Not Been Drinking","East","Proceeding Straight","Panel Truck","None Apparent","1","21703","Follow Too Closely"
"CR-0000092564","ACV-0000188883","F","36","","Major","Driver","Had Not Been Drinking","North","Other Unsafe Turning","Car","None Apparent","1","21804","Yield From Driveway/Curb"
"CR-0000092566","ACV-0000188887","M","13","","Minor","Driver","Impairment Not Known","West","Proceeding Straight","Motorcycle/Moped","None Apparent","1","00001","Other Improper Driving"
"CR-0000092567","ACV-0000188891","F","67","","Major","Driver","Had Not Been Drinking","East","Proceeding Straight","Car","None Apparent","1","Not Applicable","Not Applicable"
"CR-0000092570","ACV-0000188895","","0","","Unknown","Driver","Impairment Not Known","North","Proceeding Straight","Unknown","None Apparent","1","22350","Speeding"
"CR-0000092572","ACV-0000188899","M","24","","Minor","Driver","Had Not Been Drinking","West","Proceeding Straight","Car","Unknown","1","22350","Speeding"
"CR-0000092574","ACV-0000188903","","0","","Unknown","Driver","Impairment Not Known","East","Proceeding Straight","Car","Unknown","1","Unknown","Unknown"
"CR-0000092578","ACV-0000188910","M","45","","Moderate","Driver","Had Not Been Drinking","East","Proceeding Straight","Car","None Apparent","1","21453","Run Red Light"
"CR-0000092579","ACV-0000188914","","0","","Major","Parked","Not Applicable","Not Applicable","Parked","Panel Truck","None Apparent","1","Not Applicable","Not Applicable"
"CR-0000092580","ACV-0000188918","","0","","Unknown","Driver","Impairment Not Known","West","Proceeding Straight","Car","None Apparent","1","21453","Run Red Light"
"CR-0000092582","ACV-0000188922","M","62","","Minor","Driver","Impairment Not Known","West","Making Left Turn","Car","None Apparent","1","Not Applicable","Not Applicable"
"CR-0000092583","ACV-0000188926","M","24","","Not Applicable","Pedestrian","Impairment Not Known","East","Other (Ped)","Skateboard","Unknown","1","Not Applicable","Not Applicable"
"CR-0000092586","ACV-0000188929","","0","","Unknown","Driver","Impairment Not Known","West","Proceeding Straight","Car","None Apparent","1","22107","Unsafe Turn Movement"
"CR-0000092587","ACV-0000188933","","0","","Minor","Parked","Not Applicable","Not Applicable","Parked","Car","None Apparent","1","Not Applicable","Not Applicable"
"CR-0000092589","ACV-0000188937","F","25","","Moderate","Driver","Impairment Not Known","South","Proceeding Straight","Car","None Apparent","1","Not Applicable","Not Applicable"
"CR-0000092592","ACV-0000188941","M","54","","Minor","Driver","Had Not Been Drinking","South","Proceeding Straight","Car","Vision Obscurement","1","Not Applicable","Not Applicable"
"CR-0000092591","ACV-0000188945","F","49","","Moderate","Driver","Had Not Been Drinking","East","Stopped","Car","None Apparent","1","Not Applicable","Not Applicable"
"CR-0000092595","ACV-0000188949","M","49","","Minor","Driver","Had Not Been Drinking","North","Proceeding Straight","Train","None Apparent","1","Not Applicable","Not Applicable"
"CR-0000092597","ACV-0000188953","M","0","","Unknown","Driver","Had Been Drinking - Impairment Unknown","South","Making Right Turn","Car","None Apparent","1","22107","Unsafe Turn Movement"
"CR-0000092579","ACV-0000188913","M","0","","Major","Parked","Not Applicable","Not Applicable","Parked","Car","None Apparent","1","Not Applicable","Not Applicable"
"CR-0000092579","ACV-0000188917","","0","","Major","Parked","Not Applicable","Not Applicable","Parked","Car","None Apparent","1","Not Applicable","Not Applicable"
"CR-0000092582","ACV-0000188921","F","47","","Minor","Driver","Impairment Not Known","West","Proceeding Straight","Car","None Apparent","1","22100","Improper Turn"
"CR-0000092583","ACV-0000188925","","0","","Unknown","Driver","Impairment Not Known","East","Proceeding Straight","Car","Other Violation","1","21453","Run Red Light"
"CR-0000092587","ACV-0000188932","","0","","Moderate","Parked","Not Applicable","Not Applicable","Parked","Car","None Apparent","1","Not Applicable","Not Applicable"
"CR-0000092589","ACV-0000188936","","0","","Unknown","Driver","Impairment Not Known","South","Proceeding Straight","Car","None Apparent","1","21658","Unsafe Lane Change"
"CR-0000092592","ACV-0000188940","F","23","","Moderate","Driver","Had Not Been Drinking","East","Making Right Turn","Car","Vision Obscurement","1","21804","Yield From Driveway/Curb"
"CR-0000092593","ACV-0000188944","M","43","","Moderate","Driver","Impairment Not Known","South","Stopped","Car","None Apparent","1","Not Applicable","Not Applicable"
"CR-0000092595","ACV-0000188948","M","50","","Moderate","Driver","Had Not Been Drinking","West","Making U-Turn","Car","None Apparent","1","21453","Run Red Light"
"CR-0000092596","ACV-0000188952","M","32","","Minor","Driver","Had Not Been Drinking","West","Stopped","Car","None Apparent","1","Not Applicable","Not Applicable"
"CR-0000092598","ACV-0000188956","F","39","","Unknown","Driver","Impairment Not Known","West","Stopped","Car","None Apparent","1","Unknown","Unknown"
"CR-0000092574","ACV-0000188904","F","44","","Unknown","Driver","Impairment Not Known","East","Proceeding Straight","Car","Unknown","1","Unknown","Unknown"
"CR-0000092577","ACV-0000188908","M","29","","Major","Driver","Had Been Drinking - Under Influence","East","Proceeding Straight","Panel Truck","None Apparent","1","23153","Driving Drunk With Injury"
"CR-0000092579","ACV-0000188912","M","0","","Major","Driver","Impairment Not Known","East","Proceeding Straight","Panel Truck","None Apparent","1","22350","Speeding"
"CR-0000092579","ACV-0000188916","","0","","Minor","Parked","Not Applicable","Not Applicable","Parked","Car","None Apparent","1","Not Applicable","Not Applicable"
"CR-0000092581","ACV-0000188920","M","42","","Unknown","Driver","Had Not Been Drinking","South","Proceeding Straight","Car","Defective Vehicle Equipment","1","22350","Speeding"
"CR-0000092576","ACV-0000188924","","0","","Moderate","Parked","Impairment Not Known","Not Applicable","Parked","Car","None Apparent","1","Not Applicable","Not Applicable"
"CR-0000092584","ACV-0000188928","M","52","","Unknown","Driver","Impairment Not Known","West","Making Left Turn","Car","None Apparent","1","Not Applicable","Not Applicable"
"CR-0000092587","ACV-0000188931","","0","","Minor","Driver","Impairment Not Known","West","Proceeding Straight","Car","Inattention","1","Unknown","Unknown"
"CR-0000092588","ACV-0000188935","F","61","","Minor","Driver","Had Not Been Drinking","West","Proceeding Straight","Car","None Apparent","1","Not Applicable","Not Applicable"
"CR-0000092590","ACV-0000188939","M","45","","Minor","Driver","Impairment Not Known","North","Stopped","Car","Entering/Leaving Ramp","1","Not Applicable","Not Applicable"
"CR-0000092593","ACV-0000188943","M","17","","Major","Driver","Impairment Not Known","West","Proceeding Straight","Car","None Apparent","1","23103","Reckless Driving 2"
"CR-0000092594","ACV-0000188947","","0","","Major","Driver","Impairment Not Known","South","Making Left Turn","Car","Other","1","22350","Speeding"
"CR-0000092575","ACV-0000188907","","0","","Minor","Parked","Not Applicable","Not Applicable","Parked","Car","None Apparent","1","Not Applicable","Not Applicable"
"CR-0000092578","ACV-0000188911","M","59","","Major","Driver","Had Not Been Drinking","South","Proceeding Straight","Car","None Apparent","1","Not Applicable","Not Applicable"
"CR-0000092579","ACV-0000188915","","0","","Moderate","Parked","Not Applicable","Not Applicable","Parked","Panel Truck","None Apparent","1","Not Applicable","Not Applicable"
"CR-0000092580","ACV-0000188919","F","39","","Minor","Driver","Had Not Been Drinking","West","Proceeding Straight","Car","None Apparent","1","Not Applicable","Not Applicable"
"CR-0000092576","ACV-0000188923","","0","","Moderate","Driver","Impairment Not Known","West","Proceeding Straight","Car","None Apparent","1","21658","Unsafe Lane Change"
"CR-0000092584","ACV-0000188927","F","51","","Minor","Driver","Impairment Not Known","South","Proceeding Straight","Car","None Apparent","1","21453","Run Red Light"
"CR-0000092586","ACV-0000188930","","0","","Moderate","Parked","Not Applicable","Not Applicable","Parked","Car","None Apparent","1","Not Applicable","Not Applicable"
"CR-0000092588","ACV-0000188934","F","22","","Minor","Driver","Impairment Not Known","North","Proceeding Straight","Car","None Apparent","1","21453","Run Red Light"
"CR-0000092590","ACV-0000188938","M","54","","Major","Driver","Impairment Not Known","North","Proceeding Straight","Car","Other Violation;Entering/Leaving Ramp","1","21453","Run Red Light"
"CR-0000092591","ACV-0000188942","F","44","","Major","Driver","Had Not Been Drinking","East","Stopped","Car","None Apparent","1","21703","Follow Too Closely"
"CR-0000092593","ACV-0000188946","","0","","Moderate","Parked","Not Applicable","Not Applicable","Parked","Car","None Apparent","1","Not Applicable","Not Applicable"
"CR-0000092596","ACV-0000188950","M","21","","Major","Driver","Had Not Been Drinking","East","Proceeding Straight","Car","None Apparent","1","21453","Run Red Light"
"CR-0000092597","ACV-0000188954","F","42","","Moderate","Driver","Had Not Been Drinking","North","Stopped","Car","None Apparent","1","Not Applicable","Not Applicable"
"CR-0000092596","ACV-0000188951","F","21","","Major","Driver","Had Not Been Drinking","North","Making Left Turn","Car","None Apparent","1","Not Applicable","Not Applicable"
"CR-0000092598","ACV-0000188955","","0","","Unknown","Driver","Impairment Not Known","West","Slowing/Stopping","Car","None Apparent","1","Unknown","Unknown"
"CR-0000092626","ACV-0000189010","M","47","","Minor","Driver","Had Not Been Drinking","South","Stopped","Car","None Apparent","1","Not Applicable","Not Applicable"
"CR-0000092604","ACV-0000188968","M","39","","Moderate","Driver","Had Not Been Drinking","West","Proceeding Straight","Car","None Apparent","1","Not Applicable","Not Applicable"
"CR-0000092626","ACV-0000189009","","0","","Unknown","Driver","Had Been Drinking - Impairment Unknown","South","Merging","Car","None Apparent","1","22107","Unsafe Turn Movement"
"CR-0000092641","ACV-0000189047","M","37","","Minor","Driver","Had Not Been Drinking","North","Stopped","Car","None Apparent","1","Not Applicable","Not Applicable"
"CR-0000092658","ACV-0000189079","F","35","","Moderate","Driver","Impairment Not Known","West","Changing Lanes","Car","None Apparent","1","22107","Unsafe Turn Movement"
"CR-0000092618","ACV-0000188995","F","56","","Minor","Driver","Had Not Been Drinking","South","Proceeding Straight","Car","None Apparent","1","Unknown","Unknown"
"CR-0000092602","ACV-0000188963","M","39","","Major","Driver","Had Not Been Drinking","North","Proceeding Straight","Car","None Apparent","1","21453","Run Red Light"
"CR-0000092615","ACV-0000188989","F","30","","Minor","Driver","Had Not Been Drinking","East","Proceeding Straight","Car","None Apparent","1","Not Applicable","Not Applicable"
"CR-0000092664","ACV-0000189090","M","35","","None","Driver","Had Not Been Drinking","South","Proceeding Straight","Car","None Apparent","1","21801","Yield Left Turn"
"CR-0000092642","ACV-0000189048","","0","","Minor","Driver","Not Applicable","South","Proceeding Straight","Car","None Apparent","1","21800","Yield Uncontrolled Intersection"
"CR-0000092656","ACV-0000189076","F","53","","Major","Driver","Had Not Been Drinking","East","Proceeding Straight","Car","None Apparent","1","21453","Run Red Light"
"CR-0000092631","ACV-0000189020","M","53","","Moderate","Driver","Not Applicable","Not Applicable","Parked","Car","None Apparent","1","Not Applicable","Not Applicable"
"CR-0000092643","ACV-0000189050","M","0","","Major","Driver","Impairment Not Known","West","Proceeding Straight","Car","None Apparent","1","21453","Run Red Light"
"CR-0000092605","ACV-0000188970","","0","","Major","Parked","Not Applicable","Not Applicable","Parked","Car","None Apparent","1","Not Applicable","Not Applicable"
"CR-0000092671","ACV-0000189111","","0","","Moderate","Parked","Not Applicable","Not Applicable","Parked","Car","None Apparent","1","Not Applicable","Not Applicable"
"CR-0000092644","ACV-0000189053","","0","","Minor","Parked","Not Applicable","Not Applicable","Parked","Car","None Apparent","1","Not Applicable","Not Applicable"
"CR-0000092601","ACV-0000188961","F","18","","Moderate","Driver","Had Not Been Drinking","South","Making Left Turn","Car","Other Violation","1","21804","Yield From Driveway/Curb"
"CR-0000092652","ACV-0000189069","F","47","","Minor","Driver","Had Not Been Drinking","North","Proceeding Straight","Car","None Apparent","1","Not Applicable","Not Applicable"
"CR-0000092641","ACV-0000189045","F","0","","Minor","Driver","Had Not Been Drinking","North","Stopped","Car","None Apparent","1","Not Applicable","Not Applicable"
"CR-0000092658","ACV-0000189080","M","21","","Moderate","Driver","Impairment Not Known","West","Stopped","Car","None Apparent","1","Not Applicable","Not Applicable"
"CR-0000092601","ACV-0000188962","M","0","","Moderate","Driver","Had Not Been Drinking","North","Proceeding Straight","Emergency Vehicle","None Apparent","1","Not Applicable","Not Applicable"
"CR-0000092665","ACV-0000189093","","0","","Moderate","Parked","Not Applicable","Not Applicable","Parked","Panel Truck","None Apparent","1","Not Applicable","Not Applicable"
"CR-0000092664","ACV-0000189091","M","39","","Not Applicable","Bicycle","Had Not Been Drinking","East","Proceeding Straight","Bicycle","None Apparent","1","Not Applicable","Not Applicable"
"CR-0000092659","ACV-0000189081","M","33","","Major","Driver","Had Not Been Drinking","East","Making Left Turn","Car","Other Violation","1","21800","Yield Uncontrolled Intersection"
"CR-0000092632","ACV-0000189021","M","24","","Major","Driver","Had Been Drinking - Under Influence","West","Ran Off Road","Car","Other Violation","1","22350","Speeding"
"CR-0000092643","ACV-0000189051","M","34","","Major","Driver","Not Applicable","North","Proceeding Straight","Car","None Apparent","1","Not Applicable","Not Applicable"
"CR-0000092610","ACV-0000188979","M","78","","Unknown","Driver","Not Applicable","East","Entering Traffic","Car","None Apparent","1","21800","Yield Uncontrolled Intersection"
"CR-0000092630","ACV-0000189024","F","37","","Unknown","Driver","Impairment Not Known","North","Proceeding Straight","Car","Unknown","1","Unknown","Unknown"
"CR-0000092645","ACV-0000189054","F","34","","Major","Driver","Had Not Been Drinking","North","Entering Traffic","Car","None Apparent","1","21804","Yield From Driveway/Curb"
"CR-0000092627","ACV-0000189012","M","22","","Minor","Driver","Had Not Been Drinking","North","Stopped","Car","None Apparent","1","Not Applicable","Not Applicable"
"CR-0000092610","ACV-0000188980","M","33","","Unknown","Driver","Not Applicable","South","Proceeding Straight","Car","None Apparent","1","Not Applicable","Not Applicable"
"CR-0000092669","ACV-0000189105","M","33","","Major","Driver","Impairment Not Known","South","Proceeding Straight","Panel Truck","None Apparent","1","21800","Yield Uncontrolled Intersection"
"CR-0000092602","ACV-0000188964","M","51","","Moderate","Driver","Had Not Been Drinking","East","Proceeding Straight","Panel Truck","None Apparent","1","Not Applicable","Not Applicable"
"CR-0000092655","ACV-0000189072","F","29","","Minor","Driver","Had Not Been Drinking","North","Proceeding Straight","Scooter Motorized","Stop And Go Traffic","1","21657","Going Wrong Way"
"CR-0000092646","ACV-0000189057","","0","","Major","Parked","Not Applicable","Not Applicable","Parked","Car","None Apparent","1","Not Applicable","Not Applicable"
"CR-0000092632","ACV-0000189023","","0","","Minor","Parked","Not Applicable","Not Applicable","Parked","Car","None Apparent","1","Not Applicable","Not Applicable"
"CR-0000092619","ACV-0000188996","","0","","Unknown","Driver","Impairment Not Known","Unknown","Unknown","Unknown","Unknown","1","Unknown","Unknown"
"CR-0000092671","ACV-0000189110","","0","","Minor","Parked","Not Applicable","Not Applicable","Parked","Car","None Apparent","1","Not Applicable","Not Applicable"
"CR-0000092660","ACV-0000189083","M","17","","Unknown","Driver","Had Been Drinking - Not Under Influence","West","Proceeding Straight","Car","Other Violation;Inattention","1","22350","Speeding"
"CR-0000092629","ACV-0000189017","","0","","Unknown","Driver","Impairment Not Known","South","Proceeding Straight","Unknown","None Apparent","1","22350","Speeding"
"CR-0000092635","ACV-0000189031","M","73","","Moderate","Driver","Not Applicable","Not Applicable","Parked","Car","None Apparent","1","Not Applicable","Not Applicable"
"CR-0000092600","ACV-0000188959","","0","","Major","Driver","Impairment Not Known","South","Making Left Turn","Car","Other Violation","1","21453","Run Red Light"
"CR-0000092606","ACV-0000188973","","0","","Unknown","Driver","Impairment Not Known","Unknown","Unknown","Unknown","Unknown","1","Unknown","Unknown"
"CR-0000092632","ACV-0000189022","","0","","Major","Parked","Not Applicable","Not Applicable","Parked","Car","None Apparent","1","Not Applicable","Not Applicable"
"CR-0000092644","ACV-0000189052","M","45","","None","Driver","Had Not Been Drinking","West","Entering Traffic","Car","Stop And Go Traffic","1","22350","Speeding"
"CR-0000092609","ACV-0000188978","M","0","","Unknown","Parked","Not Applicable","Not Applicable","Parked","Car","Unknown","1","Unknown","Unknown"
"CR-0000092628","ACV-0000189014","","0","","Major","Parked","Not Applicable","Not Applicable","Parked","Car","None Apparent","1","Not Applicable","Not Applicable"
"CR-0000092614","ACV-0000188986","","0","","Moderate","Driver","Impairment Not Known","West","Proceeding Straight","Car","None Apparent","1","22350","Speeding"
"CR-0000092665","ACV-0000189094","","0","","Minor","Parked","Not Applicable","Not Applicable","Parked","Car","None Apparent","1","Not Applicable","Not Applicable"
"CR-0000092667","ACV-0000189101","","0","","Moderate","Parked","Not Applicable","Not Applicable","Parked","Car","Unknown","1","Not Applicable","Not Applicable"
"CR-0000092662","ACV-0000189087","F","0","","Unknown","Driver","Impairment Not Known","North","Proceeding Straight","Car","Unknown","1","Unknown","Unknown"