"CrashName","Name","Sex","Age","Speed","VehicleDamage","PartyCategory","Sobriety","VehicleDirection","MovementPrecedingCollision","PartyType","OtherAssociatedFactor","VehicleCount","ViolationCode","ViolationCodeDescription"
"CR-0000092617","ACV-0000188993","","0","","Minor","Parked","Not Applicable","North","Parked","Car","None Apparent","1","Not Applicable","Not Applicable"
"CR-0000092669","ACV-0000189106","M","66","","Major","Driver","Impairment Not Known","North","Making Left Turn","Panel Truck","None Apparent","1","Not Applicable","Not Applicable"
"CR-0000092674","ACV-0000189117","F","50","","Moderate","Driver","Had Not Been Drinking","East","Stopped","Car","Unknown","1","Not Applicable","Not Applicable"
"CR-0000092636","ACV-0000189034","F","54","","Major","Driver","Impairment Not Known","East","Proceeding Straight","Car","None Apparent","1","Not Applicable","Not Applicable"
"CR-0000092607","ACV-0000188972","M","28","","Moderate","Driver","Had Been Drinking - Under Influence","North","Proceeding Straight","Car","None Apparent","1","22350","Speeding"
"CR-0000092665","ACV-0000189095","","0","","Moderate","Parked","Not Applicable","Not Applicable","Parked","Car","None Apparent","1","Not Applicable","Not Applicable"
"CR-0000092660","ACV-0000189084","F","32","","Unknown","Driver","Had Been Drinking - Not Under Influence","West","Stopped","Car","None Apparent","1","Not Applicable","Not Applicable"
"CR-0000092616","ACV-0000188992","M","28","","Unknown","Driver","Impairment Not Known","West","Proceeding Straight","Car","None Apparent","1","Unknown","Unknown"
"CR-0000092638","ACV-0000189037","","0","","Unknown","Driver","Not Applicable","South","Proceeding Straight","Car","None Apparent","1","22350","Speeding"
"CR-0000092633","ACV-0000189026","M","34","","Moderate","Driver","Had Not Been Drinking","East","Making Left Turn","Car","None Apparent","1","21804","Yield From Driveway/Curb"
"CR-0000092646","ACV-0000189056","","0","","Moderate","Driver","Impairment Not Known","North","Proceeding Straight","Car","None Apparent","1","22107","Unsafe Turn Movement"
"CR-0000092666","ACV-0000189097","F","34","","Major","Driver","Had Not Been Drinking","East","Proceeding Straight","Car","None Apparent","1","Not Applicable","Not Applicable"
"CR-0000092661","ACV-0000189085","F","0","","Unknown","Driver","Impairment Not Known","Unknown","Stopped","Car","Unknown","1","Unknown","Unknown"
"CR-0000092662","ACV-0000189088","F","42","","Unknown","Driver","Impairment Not Known","North","Stopped","Car","Unknown","1","Unknown","Unknown"
"CR-0000092618","ACV-0000188994","","0","","Unknown","Driver","Impairment Not Known","South","Proceeding Straight","Car","None Apparent","1","Unknown","Unknown"
"CR-0000092637","ACV-0000189035","M","0","","Unknown","Parked","Not Applicable","Not Applicable","Parked","Car","Unknown","1","Unknown","Unknown"
"CR-0000092642","ACV-0000189049","M","19","","Minor","Driver","Not Applicable","East","Entering Traffic","Car","Vision Obscurement","1","Not Applicable","Not Applicable"
"CR-0000092649","ACV-0000189062","M","50","","Major","Driver","Had Not Been Drinking","West","Proceeding Straight","Car","None Apparent","1","23152","Driving Drunk"
"CR-0000092628","ACV-0000189013","F","42","","Moderate","Driver","Had Been Drinking - Under Influence","North","Proceeding Straight","Car","None Apparent","1","23152","Driving Drunk"
"CR-0000092672","ACV-0000189112","F","24","","Minor","Driver","Had Not Been Drinking","South","Proceeding Straight","Car","Unknown","1","22350","Speeding"
"CR-0000092624","ACV-0000189006","M","50","","Major","Driver","Had Been Drinking - Impairment Unknown","East","Proceeding Straight","Car","None Apparent","1","21453","Run Red Light"
"CR-0000092650","ACV-0000189066","M","25","","Major","Driver","Not Applicable","South","Proceeding Straight","Car","None Apparent","1","Not Applicable","Not Applicable"
"CR-0000092600","ACV-0000188960","F","35","","Major","Driver","Had Not Been Drinking","North","Proceeding Straight","Car","None Apparent","1","Not Applicable","Not Applicable"
"CR-0000092609","ACV-0000188977","","0","","Unknown","Driver","Impairment Not Known","Unknown","Unknown","Unknown","Unknown","1","Unknown","Unknown"
"CR-0000092667","ACV-0000189098","M","42","","Major","Driver","Had Been Drinking - Under Influence","West","Proceeding Straight","Panel Truck","Unknown","1","23152","Driving Drunk"
"CR-0000092622","ACV-0000189002","","0","","Unknown","Driver","Not Applicable","South","Proceeding Straight","Car","None Apparent","1","21453","Run Red Light"
"CR-0000092667","ACV-0000189100","","0","","Major","Parked","Not Applicable","Not Applicable","Parked","Car","Unknown","1","Not Applicable","Not Applicable"
"CR-0000092674","ACV-0000189116","M","19","","Moderate","Driver","Sleepy/Fatigued","East","Proceeding Straight","Car","Inattention","1","22350","Speeding"
"CR-0000092604","ACV-0000188967","F","18","","Major","Driver","Had Not Been Drinking","South","Proceeding Straight","Car","None Apparent","1","21453","Run Red Light"
"CR-0000092627","ACV-0000189011","","0","","Unknown","Driver","Impairment Not Known","North","Proceeding Straight","Car","None Apparent","1","22350","Speeding"
"CR-0000092605","ACV-0000188971","","0","","Minor","Parked","Not Applicable","Not Applicable","Parked","Car","None Apparent","1","Not Applicable","Not Applicable"
"CR-0000092638","ACV-0000189038","M","22","","Unknown","Driver","Had Not Been Drinking","West","Stopped","Car","None Apparent","1","Not Applicable","Not Applicable"
"CR-0000092648","ACV-0000189061","","0","","Moderate","Parked","Not Applicable","North","Parked","Car","None Apparent","1","Not Applicable","Not Applicable"
"CR-0000092654","ACV-0000189077","M","32","","Unknown","Driver","Impairment Not Known","North","Stopped","Car","Unknown","1","Unknown","Unknown"
"CR-0000092641","ACV-0000189046","F","55","","Minor","Driver","Had Not Been Drinking","North","Stopped","Car","None Apparent","1","Not Applicable","Not Applicable"
"CR-0000092654","ACV-0000189074","M","28","","Unknown","Driver","Impairment Not Known","North","Proceeding Straight","Car","Unknown","1","Unknown","Unknown"
"CR-0000092603","ACV-0000188966","F","66","","Minor","Driver","Had Been Drinking - Not Under Influence","North","Proceeding Straight","Car","None Apparent","1","Not Applicable","Not Applicable"
"CR-0000092623","ACV-0000189004","","0","","Unknown","Driver","Impairment Not Known","North","Proceeding Straight","Semi Truck","None Apparent","1","Unknown","Unknown"
"CR-0000092599","ACV-0000188957","","0","","Unknown","Driver","Impairment Not Known","South","Proceeding Straight","Motorcycle/Moped","None Apparent","1","22350","Speeding"
"CR-0000092671","ACV-0000189109","M","23","","Major","Driver","Had Been Drinking - Under Influence","North","Proceeding Straight","Panel Truck","None Apparent","1","23152","Driving Drunk"
"CR-0000092616","ACV-0000188990","","0","","Unknown","Driver","Impairment Not Known","West","Changing Lanes","Panel Truck","Unknown","1","Unknown","Unknown"
"CR-0000092622","ACV-0000189003","M","58","","Moderate","Driver","Had Not Been Drinking","South","Proceeding Straight","Car","None Apparent","1","Not Applicable","Not Applicable"
"CR-0000092649","ACV-0000189064","M","45","","Minor","Driver","Impairment Not Known","South","Stopped","Car","None Apparent","1","Not Applicable","Not Applicable"
"CR-0000092673","ACV-0000189114","F","19","","Minor","Driver","Had Not Been Drinking","North","Making Left Turn","Car","None Apparent","1","22107","Unsafe Turn Movement"
"CR-0000092613","ACV-0000188984","F","28","","Minor","Driver","Had Not Been Drinking","East","Slowing/Stopping","Car","None Apparent","1","Not Applicable","Not Applicable"
"CR-0000092670","ACV-0000189107","","0","","Unknown","Driver","Impairment Not Known","Unknown","Unknown","Unknown","Unknown","1","22350","Speeding"
"CR-0000092640","ACV-0000189042","M","29","","None","Bicycle","Had Not Been Drinking","South","Proceeding Straight","Bicycle","None Apparent","1","22350","Speeding"
"CR-0000092621","ACV-0000189001","M","46","","Minor","Driver","Impairment Not Known","East","Proceeding Straight","Car","None Apparent","1","Not Applicable","Not Applicable"
"CR-0000092651","ACV-0000189067","M","42","","Major","Driver","Impairment Not Known","East","Making Right Turn","Car","None Apparent","1","22350","Speeding"
"CR-0000092608","ACV-0000188975","M","26","","Major","Driver","Impairment Not Known","South","Proceeding Straight","Car","None Apparent","1","21658","Unsafe Lane Change"
"CR-0000092621","ACV-0000189000","M","19","","Minor","Driver","Impairment Not Known","East","Proceeding Straight","Car","None Apparent","1","22107","Unsafe Turn Movement"
"CR-0000092675","ACV-0000189118","F","19","","Moderate","Driver","Impairment Not Known","West","Merging","Car","Inattention","1","21703","Follow Too Closely"
"CR-0000092672","ACV-0000189113","M","21","","Minor","Driver","Had Not Been Drinking","West","Proceeding Straight","Car","Unknown","1","Not Applicable","Not Applicable"
"CR-0000092675","ACV-0000189119","M","26","","Moderate","Driver","Impairment Not Known","West","Slowing/Stopping","Panel Truck","None Apparent","1","Not Applicable","Not Applicable"
"CR-0000092649","ACV-0000189063","F","48","","Major","Driver","Impairment Not Known","North","Proceeding Straight","Car","None Apparent","1","Not Applicable","Not Applicable"
"CR-0000092637","ACV-0000189033","","0","","Unknown","Driver","Impairment Not Known","Unknown","Unknown","Unknown","Unknown","1","Unknown","Unknown"
"CR-0000092619","ACV-0000188997","M","0","","Unknown","Parked","Impairment Not Known","Not Applicable","Parked","Car","Unknown","1","Unknown","Unknown"
"CR-0000092657","ACV-0000189078","F","42","","Minor","Driver","Impairment Not Known","East","Proceeding Straight","Car","None Apparent","1","22350","Speeding"
"CR-0000092599","ACV-0000188958","M","61","","Minor","Parked","Not Applicable","Not Applicable","Parked","Panel Truck","None Apparent","1","Not Applicable","Not Applicable"
"CR-0000092628","ACV-0000189015","","0","","Moderate","Parked","Not Applicable","Not Applicable","Parked","Car","None Apparent","1","Not Applicable","Not Applicable"
"CR-0000092667","ACV-0000189102","","0","","Minor","Parked","Not Applicable","Not Applicable","Parked","Car","Unknown","1","Not Applicable","Not Applicable"
"CR-0000092617","ACV-0000188991","M","34","","Minor","Driver","Had Been Drinking - Under Influence","East","Backing","Car","None Apparent","1","23152","Driving Drunk"
"CR-0000092635","ACV-0000189030","","0","","Unknown","Driver","Impairment Not Known","South","Proceeding Straight","Car","None Apparent","1","20002","Leave Accident Scene"
"CR-0000092605","ACV-0000188969","F","21","","Major","Driver","Had Been Drinking - Under Influence","East","Proceeding Straight","Car","Other Violation","1","23152","Driving Drunk"
"CR-0000092629","ACV-0000189018","","0","","Major","Parked","Not Applicable","Not Applicable","Parked","Car","None Apparent","1","Not Applicable","Not Applicable"
"CR-0000092634","ACV-0000189029","F","24","","Moderate","Driver","Had Not Been Drinking","West","Making Left Turn","Car","None Apparent","1","Not Applicable","Not Applicable"
"CR-0000092647","ACV-0000189059","M","28","","Minor","Driver","Had Not Been Drinking","North","Proceeding Straight","Car","None Apparent","1","Not Applicable","Not Applicable"
"CR-0000092648","ACV-0000189060","","0","","Moderate","Driver","Impairment Not Known","North","Making Right Turn","Car","None Apparent","1","20002","Leave Accident Scene"
"CR-0000092612","ACV-0000188985","F","52","","Unknown","Driver","Impairment Not Known","West","Proceeding Straight","Car","Unknown","1","Unknown","Unknown"
"CR-0000092620","ACV-0000188998","","0","","Unknown","Driver","Impairment Not Known","West","Proceeding Straight","Car","None Apparent","1","22350","Speeding"
"CR-0000092656","ACV-0000189075","M","64","","Major","Driver","Had Not Been Drinking","East","Proceeding Straight","Car","None Apparent","1","21453","Run Red Light"
"CR-0000092606","ACV-0000188974","F","0","","Unknown","Parked","Not Applicable","Not Applicable","Parked","Car","Unknown","1","Not Applicable","Not Applicable"
"CR-0000092667","ACV-0000189099","","0","","Major","Parked","Not Applicable","Not Applicable","Parked","Car","Unknown","1","Not Applicable","Not Applicable"
"CR-0000092653","ACV-0000189070","F","33","","Moderate","Driver","Impairment Not Known","North","Stopped","Car","None Apparent","1","21453","Run Red Light"
"CR-0000092631","ACV-0000189019","F","59","","Moderate","Driver","Had Been Drinking - Under Influence","North","Parked","Car","Other Violation","1","23152","Driving Drunk"
"CR-0000092639","ACV-0000189040","F","55","","Major","Parked","Not Applicable","Not Applicable","Parked","Car","None Apparent","1","Not Applicable","Not Applicable"
"CR-0000092668","ACV-0000189104","F","32","","Minor","Driver","Had Not Been Drinking","North","Proceeding Straight","Car","None Apparent","1","Not Applicable","Not Applicable"
"CR-0000092640","ACV-0000189043","","0","","Minor","Parked","Not Applicable","Not Applicable","Parked","Car","None Apparent","1","Not Applicable","Not Applicable"
"CR-0000092666","ACV-0000189096","M","19","","Major","Driver","Impairment Not Known","South","Proceeding Straight","Car","Unknown","1","21453","Run Red Light"
"CR-0000092630","ACV-0000189025","F","39","","Unknown","Driver","Impairment Not Known","North","Proceeding Straight","Car","Unknown","1","Unknown","Unknown"
"CR-0000092645","ACV-0000189055","M","24","","Major","Driver","Had Not Been Drinking","South","Stopped","Car","None Apparent","1","Not Applicable","Not Applicable"
"CR-0000092628","ACV-0000189016","","0","","Minor","Parked","Not Applicable","Not Applicable","Parked","Car","None Apparent","1","Not Applicable","Not Applicable"
"CR-0000092665","ACV-0000189092","M","23","","Major","Driver","Impairment Not Known","South","Making Left Turn","Car","None Apparent;Other Violation","1","21801","Yield Left Turn"
"CR-0000092663","ACV-0000189089","M","25","","None","Driver","Had Not Been Drinking","West","Making Right Turn","Other","Vision Obscurement","1","22350","Speeding"
"CR-0000092633","ACV-0000189027","M","27","","Moderate","Driver","Had Not Been Drinking","South","Proceeding Straight","Car","None Apparent","1","Not Applicable","Not Applicable"
"CR-0000092661","ACV-0000189086","M","28","","Unknown","Driver","Impairment Not Known","Unknown","Stopped","Panel Truck","Unknown","1","Unknown","Unknown"
"CR-0000092639","ACV-0000189039","M","0","","Moderate","Driver","Impairment Not Known","East","Proceeding Straight","Car","None Apparent","1","22350","Speeding"
"CR-0000092647","ACV-0000189058","","0","","Minor","Driver","Impairment Not Known","West","Making Left Turn","Car","None Apparent","1","21453","Run Red Light"
"CR-0000092603","ACV-0000188965","M","57","","Moderate","Driver","Had Been Drinking - Not Under Influence","North","Proceeding Straight","Panel Truck","None Apparent","1","21703","Follow Too Closely"
"CR-0000092614","ACV-0000188987","M","50","","Minor","Driver","Impairment Not Known","West","Stopped","Car","None Apparent","1","Not Applicable","Not Applicable"
"CR-0000092611","ACV-0000188981","M","34","","Major","Driver","Had Not Been Drinking","South","Ran Off Road","Car","Inattention","1","21658","Unsafe Lane Change"
"CR-0000092624","ACV-0000189007","","0","","Major","Driver","Had Not Been Drinking","East","Making Right Turn","Car","None Apparent","1","Not Applicable","Not Applicable"
"CR-0000092659","ACV-0000189082","F","41","","Major","Driver","Had Not Been Drinking","West","Proceeding Straight","Car","None Apparent","1","Not Applicable","Not Applicable"
"CR-0000092615","ACV-0000188988","","0","","Unknown","Driver","Not Applicable","South","Merging","Car","None Apparent","1","22107","Unsafe Turn Movement"
"CR-0000092641","ACV-0000189044","M","37","","Minor","Driver","Had Not Been Drinking","North","Proceeding Straight","Car","None Apparent","1","20002","Leave Accident Scene"
"CR-0000092613","ACV-0000188983","","0","","Unknown","Driver","Impairment Not Known","East","Proceeding Straight","Car","None Apparent","1","22350","Speeding"
"CR-0000092650","ACV-0000189065","F","29","","Major","Driver","Had Been Drinking - Under Influence","East","Making Left Turn","Car","None Apparent","1","23153","Driving Drunk With Injury"
"CR-0000092608","ACV-0000188976","M","22","","Major","Parked","Not Applicable","Not Applicable","Parked","Car","None Apparent","1","Not Applicable","Not Applicable"
"CR-0000092636","ACV-0000189032","F","22","","Major","Driver","Had Been Drinking - Under Influence","North","Proceeding Straight","Car","None Apparent","1","21453","Run Red Light"
"CR-0000092655","ACV-0000189073","M","24","","Minor","Driver","Had Not Been Drinking","South","Proceeding Straight","Car","None Apparent","1","Not Applicable","Not Applicable"
"CR-0000092673","ACV-0000189115","F","43","","Not Applicable","Pedestrian","Impairment Not Known","East","Other (Ped)","Pedestrian","None Apparent","1","Not Applicable","Not Applicable"
"CR-0000092668","ACV-0000189103","M","37","","Minor","Driver","Had Been Drinking - Under Influence","South","Traveling Wrong Way","Car","None Apparent","1","23152","Driving Drunk"
"CR-0000092620","ACV-0000188999","M","19","","Not Applicable","Pedestrian","Not Applicable","North","Other (Ped)","Pedestrian","None Apparent","1","Not Applicable","Not Applicable"
"CR-0000092636","ACV-0000189036","M","39","","Major","Driver","Impairment Not Known","West","Proceeding Straight","Car","None Apparent","1","Not Applicable","Not Applicable"
"CR-0000092612","ACV-0000188982","","0","","Unknown","Driver","Impairment Not Known","West","Unknown","Unknown","Unknown","1","Unknown","Unknown"
"CR-0000092623","ACV-0000189005","F","40","","Unknown","Driver","Had Not Been Drinking","North","Making Left Turn","Car","None Apparent","1","Unknown","Unknown"
"CR-0000092625","ACV-0000189008","","0","","Major","Driver","Impairment Not Known","South","Proceeding Straight","Car","None Apparent","1","21658","Unsafe Lane Change"
"CR-0000092670","ACV-0000189108","F","15","","Unknown","Bicycle","Impairment Not Known","South","Unknown","Bicycle","Unknown","1","Not Applicable","Not Applicable"
"CR-0000092634","ACV-0000189028","F","32","","Moderate","Driver","Had Not Been Drinking","South","Proceeding Straight","Car","None Apparent","1","21453","Run Red Light"
"CR-0000092653","ACV-0000189071","M","28","","Major","Driver","Impairment Not Known","West","Stopped","Car","None Apparent","1","Not Applicable","Not Applicable"
"CR-0000092639","ACV-0000189041","M","40","","Moderate","Driver","Impairment Not Known","Not Applicable","Parked","Car","None Apparent","1","Not Applicable","Not Applicable"
"CR-0000092652","ACV-0000189068","M","24","","Minor","Driver","Had Not Been Drinking","North","Proceeding Straight","Car","None Apparent","1","21703","Follow Too Closely"
"CR-0000092682","ACV-0000189133","M","26","","Minor","Driver","Had Not Been Drinking","West","Proceeding Straight","Car","None Apparent","1","Not Applicable","Not Applicable"
"CR-0000092706","ACV-0000189184","M","21","","Major","Driver","Impairment Not Known","North","Proceeding Straight","Car","None Apparent","1","22450","Fail Stop/Sign"
"CR-0000092720","ACV-0000189210","M","22","","Unknown","Parked","Impairment Not Known","Not Applicable","Parked","Car","Unknown","1","Unknown","Unknown"
"CR-0000092685","ACV-0000189138","M","41","","None","Driver","Had Not Been Drinking","South","Making Right Turn","Car","Stop And Go Traffic","1","21703","Follow Too Closely"
"CR-0000092677","ACV-0000189123","M","22","","None","Driver","Not Applicable","North","Stopped","Car","None Apparent","1","Not Applicable","Not Applicable"
"CR-0000092695","ACV-0000189160","M","22","","Unknown","Driver","Impairment Not Known","Unknown","Backing","Car","Unknown","1","Unknown","Unknown"
"CR-0000092737","ACV-0000189246","","0","","Unknown","Driver","Impairment Not Known","Unknown","Unknown","Unknown","Unknown","1","Unknown","Unknown"
"CR-0000092686","ACV-0000189140","F","34","","Major","Driver","Had Not Been Drinking","South","Proceeding Straight","Car","None Apparent","1","21453","Run Red Light"
"CR-0000092701","ACV-0000189173","M","49","","Major","Driver","Had Been Drinking - Not Under Influence","South","Proceeding Straight","Car","None Apparent","1","Not Applicable","Not Applicable"
"CR-0000092729","ACV-0000189230","F","70","","Unknown","Driver","Impairment Not Known","Unknown","Proceeding Straight","Car","Unknown","1","Unknown","Unknown"
"CR-0000092712","ACV-0000189197","F","46","","Unknown","Driver","Impairment Not Known","West","Stopped","Car","Unknown","1","Unknown","Unknown"
"CR-0000092731","ACV-0000189233","","0","","Unknown","Driver","Impairment Not Known","Unknown","Other","Car","None Apparent","1","Unknown","Unknown"
"CR-0000092680","ACV-0000189128","","0","","Minor","Driver","Had Been Drinking - Impairment Unknown","South","Proceeding Straight","Panel Truck","None Apparent","1","21453","Run Red Light"
"CR-0000092701","ACV-0000189174","M","22","","Minor","Driver","Had Been Drinking - Not Under Influence","South","Proceeding Straight","Car","None Apparent","1","Not Applicable","Not Applicable"
"CR-0000092721","ACV-0000189214","F","67","","Unknown","Parked","Impairment Not Known","Not Applicable","Parked","Car","Unknown","1","Unknown","Unknown"
"CR-0000092720","ACV-0000189209","","0","","Unknown","Driver","Impairment Not Known","South","Proceeding Straight","Unknown","Unknown","1","Unknown","Unknown"
"CR-0000092726","ACV-0000189223","F","38","","Minor","Driver","Impairment Not Known","East","Making Left Turn","Car","None Apparent","1","21804","Yield From Driveway/Curb"
"CR-0000092678","ACV-0000189124","M","42","","Moderate","Driver","Had Not Been Drinking","South","Changing Lanes","Car","None Apparent","1","22350","Speeding"
"CR-0000092692","ACV-0000189155","","0","","Unknown","Driver","Impairment Not Known","West","Proceeding Straight","Unknown","Unknown","1","Unknown","Unknown"
"CR-0000092688","ACV-0000189146","M","67","","Major","Driver","Had Not Been Drinking","South","Making Left Turn","Car","None Apparent","1","Unknown","Unknown"
"CR-0000092724","ACV-0000189220","M","27","","Unknown","Parked","Not Applicable","Not Applicable","Parked","Car","None Apparent","1","Unknown","Unknown"
"CR-0000092683","ACV-0000189134","M","54","","Major","Driver","Had Not Been Drinking","North","Proceeding Straight","Car","None Apparent","1","22350","Speeding"
"CR-0000092713","ACV-0000189199","M","25","","Unknown","Driver","Impairment Not Known","East","Stopped","Car","Unknown","1","Unknown","Unknown"
"CR-0000092710","ACV-0000189193","M","40","","Minor","Driver","Had Not Been Drinking","South","Stopped","Car","None Apparent","1","Not Applicable","Not Applicable"
"CR-0000092686","ACV-0000189141","M","47","","Moderate","Driver","Had Not Been Drinking","West","Proceeding Straight","Car","None Apparent","1","Not Applicable","Not Applicable"
"CR-0000092719","ACV-0000189211","","0","","Major","Parked","Not Applicable","Not Applicable","Parked","Car","None Apparent","1","Not Applicable","Not Applicable"
"CR-0000092703","ACV-0000189178","","0","","Unknown","Driver","Impairment Not Known","Unknown","Proceeding Straight","Car","Unknown","1","Unknown","Unknown"
"CR-0000092703","ACV-0000189179","M","0","","Unknown","Parked","Not Applicable","Not Applicable","Parked","Car With Trailer","Unknown","1","Unknown","Unknown"
"CR-0000092721","ACV-0000189213","","0","","Unknown","Driver","Impairment Not Known","East","Proceeding Straight","Car","Unknown","1","Unknown","Unknown"
"CR-0000092713","ACV-0000189198","F","25","","Unknown","Driver","Impairment Not Known","East","Proceeding Straight","Car","Unknown","1","Unknown","Unknown"
"CR-0000092707","ACV-0000189185","M","0","","Unknown","Driver","Impairment Not Known","North","Changing Lanes","Car","Unknown","1","Unknown","Unknown"
"CR-0000092725","ACV-0000189221","F","0","","Unknown","Driver","Impairment Not Known","South","Making Left Turn","Car","Unknown","1","Unknown","Unknown"
"CR-0000092711","ACV-0000189194","M","0","","Unknown","Driver","Impairment Not Known","South","Making U-Turn","Panel Truck","Unknown","1","Unknown","Unknown"
"CR-0000092718","ACV-0000189206","","0","","Unknown","Driver","Impairment Not Known","Unknown","Backing","Unknown","Unknown","1","Unknown","Unknown"
"CR-0000092723","ACV-0000189217","M","64","","Minor","Driver","Had Not Been Drinking","East","Making U-Turn","Car","None Apparent","1","22107","Unsafe Turn Movement"
"CR-0000092726","ACV-0000189224","M","25","","Major","Bicycle","Impairment Not Known","South","Other (Bike)","Bicycle","None Apparent","1","Not Applicable","Not Applicable"
"CR-0000092732","ACV-0000189235","","0","","Unknown","Driver","Impairment Not Known","West","Proceeding Straight","Car","None Apparent","1","22107","Unsafe Turn Movement"
"CR-0000092708","ACV-0000189189","M","24","","Major","Driver","Had Not Been Drinking","North","Proceeding Straight","Car","None Apparent","1","Not Applicable","Not Applicable"
"CR-0000092687","ACV-0000189145","","0","","Moderate","Parked","Not Applicable","Not Applicable","Parked","Car","None Apparent","1","Unknown","Unknown"
"CR-0000092696","ACV-0000189162","M","42","","Major","Driver","Had Not Been Drinking","North","Making Left Turn","Car","None Apparent","1","Not Applicable","Not Applicable"
"CR-0000092716","ACV-0000189202","M","63","","Unknown","Driver","Impairment Not Known","West","Slowing/Stopping","Panel Truck","Unknown","1","Unknown","Unknown"
"CR-0000092742","ACV-0000189256","","0","","Unknown","Driver","Impairment Not Known","West","Proceeding Straight","Car","Other","1","Unknown","Unknown"
"CR-0000092677","ACV-0000189122","F","48","","Not Applicable","Pedestrian","Not Applicable","West","Stopped","Pedestrian","None Apparent","1","21956","Pedestrian On Roadway"
"CR-0000092691","ACV-0000189151","","0","","Unknown","Driver","Impairment Not Known","Unknown","Backing","Unknown","Unknown","1","Unknown","Unknown"
"CR-0000092734","ACV-0000189240","","30","","Unknown","Driver","Impairment Not Known","North","Proceeding Straight","Panel Truck","Unknown","1","Unknown","Unknown"
"CR-0000092683","ACV-0000189135","","0","","Major","Parked","Not Applicable","Not Applicable","Parked","Car","None Apparent","1","Not Applicable","Not Applicable"
"CR-0000092728","ACV-0000189227","M","55","","Minor","Driver","Impairment Not Known","West","Proceeding Straight","Car","None Apparent","1","21950","Yield Pedestrian In Crosswalk"
"CR-0000092722","ACV-0000189215","","0","","Unknown","Driver","Impairment Not Known","Unknown","Other","Unknown","Unknown","1","Unknown","Unknown"
"CR-0000092733","ACV-0000189238","","0","","Unknown","Driver","Impairment Not Known","North","Proceeding Straight","Car","None Apparent","1","21703","Follow Too Closely"
"CR-0000092707","ACV-0000189187","F","25","","Unknown","Driver","Impairment Not Known","North","Merging","Car","Unknown","1","Unknown","Unknown"
"CR-0000092743","ACV-0000189259","F","42","","Unknown","Driver","Impairment Not Known","West","Proceeding Straight","Car","Unknown","1","Unknown","Unknown"
"CR-0000092698","ACV-0000189166","M","21","","Unknown","Driver","Impairment Not Known","South","Backing","Panel Truck","Other Violation","1","22106","Unsafe Backing"
"CR-0000092735","ACV-0000189242","","31","","Unknown","Driver","Impairment Not Known","Unknown","Proceeding Straight","Panel Truck","Unknown","1","Unknown","Unknown"
"CR-0000092696","ACV-0000189161","F","71","","Major","Driver","Had Not Been Drinking","West","Proceeding Straight","Car","None Apparent","1","21453","Run Red Light"
"CR-0000092727","ACV-0000189225","M","43","","Unknown","Driver","Impairment Not Known","East","Proceeding Straight","Panel Truck","Unknown","1","Unknown","Unknown"
"CR-0000092680","ACV-0000189129","F","59","","Moderate","Driver","Had Not Been Drinking","South","Stopped","Car","None Apparent","1","Not Applicable","Not Applicable"
"CR-0000092724","ACV-0000189218","","0","","Unknown","Driver","Impairment Not Known","Unknown","Unknown","Unknown","Unknown","1","Unknown","Unknown"
"CR-0000092730","ACV-0000189231","M","61","","Minor","Driver","Had Not Been Drinking","South","Proceeding Straight","Panel Truck","None Apparent","1","22106","Unsafe Backing"
"CR-0000092740","ACV-0000189252","M","22","","Minor","Driver","Had Not Been Drinking","West","Making Left Turn","Car","None Apparent","1","Unknown","Unknown"
"CR-0000092729","ACV-0000189228","M","0","","Unknown","Driver","Impairment Not Known","Unknown","Proceeding Straight","Car","Unknown","1","Unknown","Unknown"
"CR-0000092711","ACV-0000189195","M","0","","Unknown","Driver","Impairment Not Known","South","Making U-Turn","Car","Unknown","1","Unknown","Unknown"
"CR-0000092731","ACV-0000189234","M","32","","Minor","Driver","Not Applicable","East","Parked","Car","None Apparent","1","Not Applicable","Not Applicable"
"CR-0000092732","ACV-0000189237","M","28","","Minor","Driver","Impairment Not Known","West","Proceeding Straight","Car","None Apparent","1","Not Applicable","Not Applicable"
"CR-0000092705","ACV-0000189183","F","43","","None","Driver","Had Not Been Drinking","North","Proceeding Straight","Car","None Apparent","1","Not Applicable","Not Applicable"
"CR-0000092679","ACV-0000189127","F","29","","Moderate","Driver","Impairment Not Known","North","Stopped","Car","None Apparent","1","Unknown","Unknown"
"CR-0000092702","ACV-0000189175","F","28","","Moderate","Driver","Had Been Drinking - Under Influence","South","Unknown","Car","None Apparent","1","22107","Unsafe Turn Movement"
"CR-0000092689","ACV-0000189150","M","51","","Minor","Driver","Had Not Been Drinking","East","Stopped","Panel Truck","None Apparent","1","Not Applicable","Not Applicable"
"CR-0000092708","ACV-0000189188","M","51","","Major","Driver","Had Not Been Drinking","West","Making Left Turn","Car","None Apparent","1","22107","Unsafe Turn Movement"
"CR-0000092704","ACV-0000189181","M","29","","Unknown","Driver","Impairment Not Known","Unknown","Proceeding Straight","Car","Unknown","1","Unknown","Unknown"
"CR-0000092700","ACV-0000189171","F","37","","Unknown","Driver","Impairment Not Known","East","Stopped","Car","None Apparent","1","Unknown","Unknown"
"CR-0000092693","ACV-0000189157","M","27","","Minor","Driver","Had Not Been Drinking","East","Proceeding Straight","Car","None Apparent","1","21703","Follow Too Closely"
"CR-0000092739","ACV-0000189250","F","64","","Unknown","Driver","Impairment Not Known","Unknown","Proceeding Straight","Unknown","Unknown","1","Unknown","Unknown"