"CrashName","Name","Sex","Age","Speed","VehicleDamage","PartyCategory","Sobriety","VehicleDirection","MovementPrecedingCollision","PartyType","OtherAssociatedFactor","VehicleCount","ViolationCode","ViolationCodeDescription"
"CR-0000093789","ACV-0000191357","M","58","","Minor","Driver","Impairment Not Known","East","Proceeding Straight","Panel Truck","None Apparent","1","Not Applicable","Not Applicable"
"CR-0000093791","ACV-0000191361","F","56","","Minor","Driver","Impairment Not Known","North","Stopped","Car","None Apparent","1","Not Applicable","Not Applicable"
"CR-0000093773","ACV-0000191323","M","38","","Minor","Driver","Had Not Been Drinking","South","Proceeding Straight","Car","Other Violation","1","21453","Run Red Light"
"CR-0000093775","ACV-0000191327","M","30","","Minor","Driver","Had Not Been Drinking","West","Entering Traffic","Car","None Apparent","1","21804","Yield From Driveway/Curb"
"CR-0000093775","ACV-0000191331","","0","","Major","Parked","Not Applicable","Not Applicable","Parked","Panel Truck","None Apparent","1","Not Applicable","Not Applicable"
"CR-0000093777","ACV-0000191335","M","26","","Minor","Driver","Had Not Been Drinking","West","Proceeding Straight","Motorcycle/Moped","None Apparent","1","Not Applicable","Not Applicable"
"CR-0000093779","ACV-0000191339","M","18","","Moderate","Driver","Had Not Been Drinking","South","Proceeding Straight","Car","None Apparent","1","Not Applicable","Not Applicable"
"CR-0000093781","ACV-0000191343","M","68","","Minor","Driver","Impairment Not Known","South","Proceeding Straight","Car","None Apparent","1","Unknown","Unknown"
"CR-0000093783","ACV-0000191347","F","43","","Unknown","Driver","Had Not Been Drinking","West","Proceeding Straight","Car","None Apparent","1","Not Applicable","Not Applicable"
"CR-0000093786","ACV-0000191351","F","40","","Moderate","Driver","Had Not Been Drinking","South","Stopped","Car","None Apparent","1","Not Applicable","Not Applicable"
"CR-0000093788","ACV-0000191355","","0","","Minor","Parked","Not Applicable","East","Parked","Car","None Apparent","1","Not Applicable","Not Applicable"
"CR-0000093790","ACV-0000191359","M","48","","Moderate","Parked","Not Applicable","Not Applicable","Parked","Car","None Apparent","1","Not Applicable","Not Applicable"
"CR-0000093792","ACV-0000191363","F","43","","Major","Driver","Had Not Been Drinking","West","Proceeding Straight","Car","None Apparent","1","Not Applicable","Not Applicable"
"CR-0000093770","ACV-0000191322","F","56","","Moderate","Driver","Impairment Not Known","North","Proceeding Straight","Car","Inattention","1","Unknown","Unknown"
"CR-0000093774","ACV-0000191326","F","30","","Major","Driver","Had Not Been Drinking","South","Proceeding Straight","Car","None Apparent","1","Not Applicable","Not Applicable"
"CR-0000093775","ACV-0000191330","","0","","Minor","Parked","Not Applicable","Not Applicable","Parked","Car","None Apparent","1","Not Applicable","Not Applicable"
"CR-0000093777","ACV-0000191334","M","78","","Moderate","Driver","Had Not Been Drinking","East","Making Left Turn","Car","None Apparent","1","21804","Yield From Driveway/Curb"
"CR-0000093779","ACV-0000191338","M","40","","Moderate","Driver","Had Not Been Drinking","North","Making U-Turn","Car","Inattention","1","21801","Yield Left Turn"
"CR-0000093781","ACV-0000191342","M","27","","Unknown","Bicycle","Impairment Not Known","East","Making U-Turn","Bicycle","None Apparent","1","Unknown","Unknown"
"CR-0000093783","ACV-0000191346","M","27","","Moderate","Driver","Had Not Been Drinking","South","Parking Maneuver","Car","None Apparent","1","21804","Yield From Driveway/Curb"
"CR-0000093786","ACV-0000191350","M","42","","Unknown","Driver","Impairment Not Known","South","Making Right Turn","Panel Truck","None Apparent","1","22350","Speeding"
"CR-0000093788","ACV-0000191354","","0","","Unknown","Driver","Impairment Not Known","West","Ran Off Road","Car","None Apparent","1","22350","Speeding"
"CR-0000093790","ACV-0000191358","M","58","","Totaled","Driver","Impairment Not Known","North","Proceeding Straight","Car","None Apparent","1","22107","Unsafe Turn Movement"
"CR-0000093792","ACV-0000191362","M","21","","Major","Driver","Had Not Been Drinking","South","Proceeding Straight","Car","None Apparent","1","00001","Other Improper Driving"
"CR-0000093773","ACV-0000191324","M","33","","Major","Driver","Had Not Been Drinking","West","Proceeding Straight","Car","None Apparent;Inattention","1","12500","Unlicensed Driver"
"CR-0000093775","ACV-0000191328","F","16","","Moderate","Driver","Had Not Been Drinking","South","Proceeding Straight","Car","None Apparent","1","Not Applicable","Not Applicable"
"CR-0000093776","ACV-0000191332","F","26","","Moderate","Driver","Impairment Not Known","North","Proceeding Straight","Car","Inattention","1","21804","Yield From Driveway/Curb"
"CR-0000093778","ACV-0000191336","F","66","","Major","Driver","Had Not Been Drinking","East","Other Unsafe Turning","Car","Other Violation","1","21453","Run Red Light"
"CR-0000093780","ACV-0000191340","M","20","","Minor","Driver","Impairment Not Known","East","Proceeding Straight","Car","None Apparent","1","Unknown","Unknown"
"CR-0000093782","ACV-0000191344","M","29","","Minor","Driver","Had Not Been Drinking","East","Backing","Panel Truck","None Apparent","1","22106","Unsafe Backing"
"CR-0000093785","ACV-0000191348","M","73","","Moderate","Driver","Had Not Been Drinking","North","Merging","Panel Truck","None Apparent","1","22107","Unsafe Turn Movement"
"CR-0000093787","ACV-0000191352","F","33","","Minor","Driver","Had Not Been Drinking","East","Making Right Turn","Car","None Apparent","1","22107","Unsafe Turn Movement"
"CR-0000093789","ACV-0000191356","M","51","","Unknown","Driver","Impairment Not Known","North","Proceeding Straight","Scooter Motorized","None Apparent","1","22350","Speeding"
"CR-0000093791","ACV-0000191360","M","67","","Minor","Driver","Impairment Not Known","North","Slowing/Stopping","Car","None Apparent","1","22350","Speeding"
"CR-0000093794","ACV-0000191366","M","32","","None","Driver","Had Not Been Drinking","South","Proceeding Straight","Car","None Apparent","1","21703","Follow Too Closely"
"CR-0000093795","ACV-0000191370","F","4","","Not Applicable","Pedestrian","Had Not Been Drinking","West","Proceeding Straight","Pedestrian","None Apparent","1","Not Applicable","Not Applicable"
"CR-0000093797","ACV-0000191374","M","29","","Major","Driver","Had Been Drinking - Under Influence","West","Proceeding Straight","Car","None Apparent","1","21453","Run Red Light"
"CR-0000093799","ACV-0000191378","F","23","","Major","Driver","Had Not Been Drinking","East","Making Left Turn","Car","None Apparent","1","21801","Yield Left Turn"
"CR-0000093801","ACV-0000191382","M","44","","Minor","Driver","Impairment Not Known","West","Changing Lanes","Panel Truck","None Apparent","1","22107","Unsafe Turn Movement"
"CR-0000093803","ACV-0000191386","F","43","","Major","Driver","Had Not Been Drinking","South","Crossing Into Opposing Lane","Car","None Apparent","1","21651","Divided Highway"
"CR-0000093805","ACV-0000191390","M","18","","Moderate","Driver","Had Not Been Drinking","North","Making Left Turn","Car","None Apparent","1","22107","Unsafe Turn Movement"
"CR-0000093807","ACV-0000191394","M","34","","None","Pedestrian","Had Not Been Drinking","South","Proceeding Straight","Scooter Non-Motorized","None Apparent","1","22350","Speeding"
"CR-0000093810","ACV-0000191398","F","0","","Unknown","Driver","Impairment Not Known","Unknown","Ran Off Road","Car","Other","1","22350","Speeding"
"CR-0000093813","ACV-0000191402","F","29","","Major","Driver","Impairment Not Known","North","Proceeding Straight","Car","Unknown","1","21453","Run Red Light"
"CR-0000093814","ACV-0000191406","F","65","","Minor","Driver","Had Not Been Drinking","East","Stopped","Car","Unknown","1","Not Applicable","Not Applicable"
"CR-0000093794","ACV-0000191367","F","25","","Minor","Driver","Had Not Been Drinking","South","Proceeding Straight","Car","None Apparent","1","Not Applicable","Not Applicable"
"CR-0000093796","ACV-0000191371","F","32","","Major","Driver","Impairment Not Known","South","Proceeding Straight","Car","None Apparent","1","22350","Speeding"
"CR-0000093797","ACV-0000191375","F","41","","Major","Driver","Had Been Drinking - Not Under Influence","West","Proceeding Straight","Car","None Apparent","1","21453","Run Red Light"
"CR-0000093799","ACV-0000191379","F","23","","Major","Driver","Had Not Been Drinking","West","Proceeding Straight","Car","None Apparent","1","Not Applicable","Not Applicable"
"CR-0000093801","ACV-0000191383","F","50","","Minor","Driver","Impairment Not Known","West","Proceeding Straight","Car","None Apparent","1","Not Applicable","Not Applicable"
"CR-0000093803","ACV-0000191387","M","27","","Moderate","Parked","Not Applicable","Not Applicable","Parked","Panel Truck","None Apparent","1","Not Applicable","Not Applicable"
"CR-0000093805","ACV-0000191391","","0","","Moderate","Parked","Had Not Been Drinking","Not Applicable","Parked","Car","None Apparent","1","Not Applicable","Not Applicable"
"CR-0000093807","ACV-0000191395","M","33","","Minor","Driver","Had Not Been Drinking","East","Other","Car","None Apparent","1","Not Applicable","Not Applicable"
"CR-0000093811","ACV-0000191399","M","0","","Not Applicable","Bicycle","Sleepy/Fatigued","West","Traveling Wrong Way","Bicycle","Unknown","1","Unknown","Unknown"
"CR-0000093813","ACV-0000191403","M","40","","Major","Driver","Impairment Not Known","West","Making Left Turn","Car","Previous Collision","1","Not Applicable","Not Applicable"
"CR-0000093815","ACV-0000191407","","0","","Unknown","Driver","Impairment Not Known","East","Proceeding Straight","Unknown","Unknown","1","22350","Speeding"
"CR-0000093793","ACV-0000191365","M","28","","Moderate","Driver","Had Not Been Drinking","North","Proceeding Straight","Car","None Apparent","1","Not Applicable","Not Applicable"
"CR-0000093795","ACV-0000191369","F","37","","Not Applicable","Pedestrian","Had Not Been Drinking","West","Proceeding Straight","Pedestrian","None Apparent","1","Not Applicable","Not Applicable"
"CR-0000093796","ACV-0000191373","F","46","","Minor","Driver","Impairment Not Known","South","Slowing/Stopping","Car","None Apparent","1","Not Applicable","Not Applicable"
"CR-0000093798","ACV-0000191377","M","32","","Minor","Driver","Impairment Not Known","West","Proceeding Straight","Car","None Apparent","1","Not Applicable","Not Applicable"
"CR-0000093800","ACV-0000191381","","0","","Minor","Parked","Had Not Been Drinking","North","Parked","Car","None Apparent","1","Not Applicable","Not Applicable"
"CR-0000093802","ACV-0000191385","F","21","","Minor","Driver","Impairment Not Known","East","Stopped","Car","None Apparent","1","Not Applicable","Not Applicable"
"CR-0000093804","ACV-0000191389","M","64","","Moderate","Driver","Had Not Been Drinking","North","Making Left Turn","Car","None Apparent","1","Unknown","Unknown"
"CR-0000093806","ACV-0000191393","F","50","","Totaled","Driver","Impairment Not Known","North","Making Left Turn","Car","None Apparent","1","Not Applicable","Not Applicable"
"CR-0000093808","ACV-0000191397","M","64","","None","Driver","Had Not Been Drinking","North","Proceeding Straight","Car","None Apparent","1","Not Applicable","Not Applicable"
"CR-0000093812","ACV-0000191401","","0","","Moderate","Driver","Impairment Not Known","East","Proceeding Straight","Car","Unknown","1","Unknown","Unknown"
"CR-0000093814","ACV-0000191405","","0","","Unknown","Driver","Impairment Not Known","East","Changing Lanes","Car","Unknown","1","22107","Unsafe Turn Movement"
"CR-0000093793","ACV-0000191364","M","35","","Minor","Driver","Had Not Been Drinking","North","Changing Lanes","Semi Truck","None Apparent","1","22107","Unsafe Turn Movement"
"CR-0000093795","ACV-0000191368","F","22","","None","Driver","Had Not Been Drinking","South","Making Right Turn","Car","None Apparent","1","21950","Yield Pedestrian In Crosswalk"
"CR-0000093796","ACV-0000191372","M","20","","Major","Driver","Impairment Not Known","South","Slowing/Stopping","Car","None Apparent","1","Not Applicable","Not Applicable"
"CR-0000093798","ACV-0000191376","","0","","Unknown","Driver","Impairment Not Known","West","Proceeding Straight","Unknown","None Apparent","1","22350","Speeding"
"CR-0000093800","ACV-0000191380","","0","","Unknown","Driver","Impairment Not Known","West","Parking Maneuver","Car","None Apparent","1","22106","Unsafe Backing"
"CR-0000093802","ACV-0000191384","","0","","Unknown","Driver","Impairment Not Known","East","Passing Other Vehicles","Car","None Apparent","1","23103","Reckless Driving 2"
"CR-0000093804","ACV-0000191388","F","25","","Major","Driver","Had Not Been Drinking","East","Proceeding Straight","Car","Inattention","1","Unknown","Unknown"
"CR-0000093806","ACV-0000191392","M","40","","Minor","Driver","Impairment Not Known","North","Making Left Turn","Panel Truck","Inattention","1","22107","Unsafe Turn Movement"
"CR-0000093808","ACV-0000191396","M","52","","Unknown","Bicycle","Had Not Been Drinking","West","Proceeding Straight","Bicycle","Inattention","1","21651","Divided Highway"
"CR-0000093811","ACV-0000191400","F","0","","Unknown","Driver","Had Not Been Drinking","North","Making Right Turn","Car","Unknown","1","Unknown","Unknown"
"CR-0000093813","ACV-0000191404","F","50","","Moderate","Driver","Impairment Not Known","West","Stopped","Car","Unknown","1","Not Applicable","Not Applicable"
"CR-0000093816","ACV-0000191410","F","54","","Moderate","Driver","Had Not Been Drinking","North","Proceeding Straight","Car","Unknown","1","Not Applicable","Not Applicable"
"CR-0000093818","ACV-0000191414","M","33","","None","Driver","Had Not Been Drinking","West","Stopped","Car","Unknown","1","Not Applicable","Not Applicable"
"CR-0000093817","ACV-0000191411","","0","","Unknown","Driver","Impairment Not Known","East","Changing Lanes","Car","Unknown","1","21658","Unsafe Lane Change"
"CR-0000093819","ACV-0000191415","","0","","Unknown","Driver","Impairment Not Known","Unknown","Unknown","Unknown","Unknown","1","Unknown","Unknown"
"CR-0000093816","ACV-0000191409","","0","","Major","Driver","Impairment Not Known","East","Proceeding Straight","Car","Other Violation","1","23103","Reckless Driving 2"
"CR-0000093818","ACV-0000191413","","0","","Unknown","Driver","Impairment Not Known","West","Proceeding Straight","Panel Truck","Unknown","1","22350","Speeding"
"CR-0000093815","ACV-0000191408","F","28","","Minor","Parked","Not Applicable","Not Applicable","Parked","Car","None Apparent","1","Not Applicable","Not Applicable"
"CR-0000093817","ACV-0000191412","M","59","","Minor","Parked","Not Applicable","Not Applicable","Parked","Car","Unknown","1","Not Applicable","Not Applicable"
"CR-0000093819","ACV-0000191416","M","59","","Unknown","Driver","Had Not Been Drinking","Unknown","Backing","Car","Unknown","1","Unknown","Unknown"
"CR-0000093823","ACV-0000191424","F","60","","Not Applicable","Pedestrian","Not Applicable","Unknown","Other (Ped)","Pedestrian","None Apparent","1","Not Applicable","Not Applicable"
"CR-0000093822","ACV-0000191421","F","21","","Moderate","Driver","Had Not Been Drinking","North","Entering Traffic","Car","None Apparent","1","21804","Yield From Driveway/Curb"
"CR-0000093837","ACV-0000191450","F","87","","Minor","Driver","Had Not Been Drinking","North","Making Right Turn","Car","None Apparent","1","22350","Speeding"
"CR-0000093846","ACV-0000191466","M","29","","Minor","Driver","Had Been Drinking - Impairment Unknown","East","Proceeding Straight","Motorcycle/Moped","None Apparent","1","22350","Speeding"
"CR-0000093848","ACV-0000191469","F","34","","Moderate","Driver","Had Been Drinking - Under Influence","North","Changing Lanes","Car","Inattention","1","22107","Unsafe Turn Movement"
"CR-0000093858","ACV-0000191492","","0","","Unknown","Driver","Impairment Not Known","West","Making Left Turn","Car","Unknown","1","21801","Yield Left Turn"
"CR-0000093823","ACV-0000191423","F","68","","Major","Driver","Impairment Not Known","West","Making Left Turn","Car","Other","1","Unknown","Unknown"
"CR-0000093831","ACV-0000191439","F","68","","None","Driver","Had Not Been Drinking","West","Making Left Turn","Car","Inattention","1","Not Applicable","Not Applicable"
"CR-0000093832","ACV-0000191441","","0","","Moderate","Parked","Not Applicable","Not Applicable","Parked","Car","None Apparent","1","Not Applicable","Not Applicable"
"CR-0000093830","ACV-0000191436","","0","","Unknown","Driver","Impairment Not Known","North","Proceeding Straight","Car","None Apparent","1","22450","Fail Stop/Sign"
"CR-0000093851","ACV-0000191479","M","42","","Minor","Driver","Had Not Been Drinking","West","Making Right Turn","Panel Truck","None Apparent","1","Not Applicable","Not Applicable"
"CR-0000093833","ACV-0000191443","M","25","","Moderate","Driver","Had Not Been Drinking","West","Proceeding Straight","Panel Truck","None Apparent","1","Not Applicable","Not Applicable"
"CR-0000093829","ACV-0000191476","M","28","","Major","Driver","Had Not Been Drinking","West","Making Left Turn","Car","None Apparent","1","21801","Yield Left Turn"
"CR-0000093828","ACV-0000191435","M","29","","Major","Driver","Had Been Drinking - Under Influence","North","Ran Off Road","Car","None Apparent","1","21663","Driving On Sidewalk"
"CR-0000093833","ACV-0000191442","M","0","","Unknown","Driver","Impairment Not Known","South","Proceeding Straight","Car","None Apparent","1","21453","Run Red Light"
"CR-0000093834","ACV-0000191444","M","21","","Minor","Driver","Had Not Been Drinking","West","Making Right Turn","Car","None Apparent","1","22350","Speeding"
"CR-0000093849","ACV-0000191472","M","35","","Major","Parked","Not Applicable","Not Applicable","Parked","Car","None Apparent","1","Not Applicable","Not Applicable"
"CR-0000093855","ACV-0000191484","M","0","","Major","Driver","Had Not Been Drinking","South","Making Right Turn","Car","None Apparent","1","22450","Fail Stop/Sign"
"CR-0000093854","ACV-0000191482","F","62","","Minor","Driver","Had Not Been Drinking","East","Making Left Turn","Car","None Apparent","1","21801","Yield Left Turn"
"CR-0000093843","ACV-0000191460","M","35","","Minor","Driver","Had Not Been Drinking","East","Changing Lanes","Car","Inattention","1","22108","Duration/Signal"
"CR-0000093853","ACV-0000191481","F","58","","Unknown","Driver","Had Not Been Drinking","East","Stopped","Car","None Apparent","1","Not Applicable","Not Applicable"
"CR-0000093842","ACV-0000191459","M","38","","Minor","Driver","Had Not Been Drinking","North","Making Right Turn","Car","None Apparent","1","Not Applicable","Not Applicable"
"CR-0000093827","ACV-0000191434","","41","","Moderate","Parked","Not Applicable","Not Applicable","Parked","Car","None Apparent","1","Not Applicable","Not Applicable"
"CR-0000093841","ACV-0000191456","M","52","","Moderate","Parked","Impairment Not Known","West","Stopped","Car","None Apparent","1","Not Applicable","Not Applicable"
"CR-0000093855","ACV-0000191485","M","77","","Not Applicable","Pedestrian","Impairment Not Known","North","Traveling Wrong Way","Scooter Motorized","Unknown","1","21200","Laws Applied To Bike"
"CR-0000093834","ACV-0000191445","F","31","","Minor","Driver","Had Not Been Drinking","West","Making Right Turn","Car","None Apparent","1","Not Applicable","Not Applicable"
"CR-0000093850","ACV-0000191474","F","54","","None","Driver","Had Not Been Drinking","North","Making Right Turn","Car","None Apparent","1","21950","Yield Pedestrian In Crosswalk"
"CR-0000093850","ACV-0000191475","M","59","","Not Applicable","Pedestrian","Had Not Been Drinking","East","Proceeding Straight","Pedestrian","None Apparent","1","Not Applicable","Not Applicable"
"CR-0000093827","ACV-0000191432","M","0","","Moderate","Unknown","Had Been Drinking - Impairment Unknown","South","Making Left Turn","Unknown","None Apparent","1","22107","Unsafe Turn Movement"
"CR-0000093858","ACV-0000191490","F","56","","Major","Driver","Had Not Been Drinking","West","Making Right Turn","Car","Unknown","1","21703","Follow Too Closely"
"CR-0000093835","ACV-0000191447","M","53","","Major","Driver","Had Not Been Drinking","South","Proceeding Straight","Motorcycle/Moped","None Apparent","1","Not Applicable","Not Applicable"
"CR-0000093842","ACV-0000191458","","0","","Unknown","Driver","Had Been Drinking - Impairment Unknown","North","Making Right Turn","Car","None Apparent","1","22107","Unsafe Turn Movement"
"CR-0000093856","ACV-0000191487","F","46","","Moderate","Driver","Had Not Been Drinking","South","Proceeding Straight","Car","Unknown","1","Not Applicable","Not Applicable"
"CR-0000093824","ACV-0000191425","M","29","","Minor","Driver","Had Not Been Drinking","West","Proceeding Straight","Car","None Apparent","1","22450","Fail Stop/Sign"
"CR-0000093849","ACV-0000191471","M","20","","Major","Driver","Had Been Drinking - Under Influence","West","Proceeding Straight","Car","None Apparent","1","23152","Driving Drunk"
"CR-0000093826","ACV-0000191431","M","57","","Unknown","Driver","Impairment Not Known","East","Stopped","Car","None Apparent","1","Unknown","Unknown"
"CR-0000093849","ACV-0000191473","","0","","Moderate","Parked","Not Applicable","Not Applicable","Parked","Car","None Apparent","1","Not Applicable","Not Applicable"
"CR-0000093847","ACV-0000191468","M","33","","Moderate","Driver","Had Not Been Drinking","West","Making U-Turn","Car","None Apparent","1","Not Applicable","Not Applicable"
"CR-0000093820","ACV-0000191418","M","0","","Minor","Driver","Had Not Been Drinking","Not Applicable","Stopped","Emergency Vehicle","None Apparent","1","Not Applicable","Not Applicable"
"CR-0000093822","ACV-0000191422","M","30","","Moderate","Driver","Had Not Been Drinking","East","Proceeding Straight","Car","None Apparent","1","Not Applicable","Not Applicable"
"CR-0000093827","ACV-0000191433","M","44","","Moderate","Parked","Not Applicable","Not Applicable","Parked","Car","None Apparent","1","Not Applicable","Not Applicable"
"CR-0000093824","ACV-0000191427","M","43","","Minor","Parked","Not Applicable","Not Applicable","Parked","Car","None Apparent","1","Not Applicable","Not Applicable"
"CR-0000093821","ACV-0000191419","","0","","Unknown","Driver","Impairment Not Known","East","Proceeding Straight","Car","Other Violation","1","22350","Speeding"
"CR-0000093837","ACV-0000191451","M","80","","Not Applicable","Pedestrian","Had Not Been Drinking","South","Other (Ped)","Pedestrian","None Apparent","1","Not Applicable","Not Applicable"
"CR-0000093847","ACV-0000191467","","0","","Unknown","Driver","Impairment Not Known","West","Proceeding Straight","Unknown","None Apparent","1","21658","Unsafe Lane Change"
"CR-0000093840","ACV-0000191454","M","49","","Moderate","Parked","Not Applicable","Not Applicable","Parked","Panel Truck","None Apparent","1","Not Applicable","Not Applicable"
"CR-0000093841","ACV-0000191455","M","53","","Moderate","Driver","Impairment Not Known","West","Proceeding Straight","Panel Truck","None Apparent","1","22107","Unsafe Turn Movement"
"CR-0000093829","ACV-0000191477","M","27","","Major","Driver","Had Not Been Drinking","East","Proceeding Straight","Car","None Apparent","1","Not Applicable","Not Applicable"
"CR-0000093854","ACV-0000191483","M","26","","Not Applicable","Bicycle","Had Not Been Drinking","West","Proceeding Straight","Bicycle","None Apparent","1","Not Applicable","Not Applicable"
"CR-0000093840","ACV-0000191453","M","12","","Major","Driver","Had Not Been Drinking","North","Proceeding Straight","Car","None Apparent","1","22350","Speeding"
"CR-0000093830","ACV-0000191437","M","28","","Moderate","Driver","Had Not Been Drinking","East","Proceeding Straight","Car","None Apparent","1","Not Applicable","Not Applicable"
"CR-0000093851","ACV-0000191478","M","28","","Unknown","Driver","Impairment Not Known","West","Making Right Turn","Car","None Apparent","1","22350","Speeding"
"CR-0000093825","ACV-0000191429","","0","","Minor","Parked","Not Applicable","Not Applicable","Parked","Car","None Apparent","1","Unknown","Unknown"
"CR-0000093835","ACV-0000191448","","0","","None","Parked","Not Applicable","Not Applicable","Parked","Panel Truck","None Apparent","1","Not Applicable","Not Applicable"
"CR-0000093844","ACV-0000191463","M","25","","Major","Driver","Impairment Not Known","South","Proceeding Straight","Motorcycle/Moped","None Apparent","1","Not Applicable","Not Applicable"
"CR-0000093831","ACV-0000191438","F","61","","Not Applicable","Pedestrian","Had Been Drinking - Impairment Unknown","South","Other (Ped)","Pedestrian","Inattention","1","21955","Crossing Controlled Intersection/Jaywalking"
"CR-0000093824","ACV-0000191426","M","47","","Minor","Parked","Not Applicable","Not Applicable","Parked","Car","None Apparent","1","Not Applicable","Not Applicable"
"CR-0000093832","ACV-0000191440","","0","","Unknown","Driver","Impairment Not Known","West","Other","Car","None Apparent","1","21650","Driving Wrong Side"
"CR-0000093853","ACV-0000191480","M","34","","Minor","Driver","Had Been Drinking - Impairment Unknown","East","Proceeding Straight","Car","Inattention","1","23152","Driving Drunk"
"CR-0000093843","ACV-0000191461","M","44","","Minor","Driver","Had Not Been Drinking","East","Stopped","Car","None Apparent","1","Not Applicable","Not Applicable"
"CR-0000093826","ACV-0000191430","","0","","Unknown","Driver","Impairment Not Known","East","Other Unsafe Turning","Car","Unknown","1","Unknown","Unknown"
"CR-0000093859","ACV-0000191493","F","0","","Not Applicable","Bicycle","Impairment Not Known","North","Proceeding Straight","Scooter Motorized","Other Violation","1","22350","Speeding"
"CR-0000093841","ACV-0000191457","","0","","Moderate","Driver","Impairment Not Known","West","Stopped","Car","None Apparent","1","Not Applicable","Not Applicable"
"CR-0000093838","ACV-0000191452","","0","","Unknown","Driver","Impairment Not Known","North","Ran Off Road","Unknown","None Apparent","1","22350","Speeding"
"CR-0000093857","ACV-0000191488","F","33","","None","Driver","Had Not Been Drinking","North","Proceeding Straight","Car","Unknown","1","22350","Speeding"
"CR-0000093845","ACV-0000191464","M","27","","Moderate","Driver","Had Been Drinking - Under Influence","West","Proceeding Straight","Car","None Apparent","1","23153","Driving Drunk With Injury"
"CR-0000093857","ACV-0000191489","F","37","","None","Driver","Had Not Been Drinking","North","Stopped","Car","Unknown","1","Not Applicable","Not Applicable"
"CR-0000093845","ACV-0000191465","M","44","","Moderate","Driver","Had Not Been Drinking","West","Stopped","Car","None Apparent","1","Not Applicable","Not Applicable"
"CR-0000093836","ACV-0000191449","M","22","","Major","Driver","Impairment Not Known","East","Making Right Turn","Semi Truck","None Apparent","1","22350","Speeding"
"CR-0000093848","ACV-0000191470","","0","","Moderate","Parked","Not Applicable","Not Applicable","Parked","Car","None Apparent","1","Not Applicable","Not Applicable"
"CR-0000093825","ACV-0000191428","","0","","Unknown","Unknown","Impairment Not Known","Unknown","Unknown","Unknown","None Apparent","1","Unknown","Unknown"
"CR-0000093859","ACV-0000191494","M","52","","None","Driver","Impairment Not Known","South","Stopped","Car","Unknown","1","Not Applicable","Not Applicable"
"CR-0000093820","ACV-0000191417","M","73","","Minor","Driver","Had Not Been Drinking","North","Proceeding Straight","Car","Speeding","1","22106","Unsafe Backing"
"CR-0000093844","ACV-0000191462","M","31","","Minor","Driver","Had Not Been Drinking","South","Making U-Turn","Panel Truck","None Apparent","1","21453","Run Red Light"
"CR-0000093835","ACV-0000191446","F","53","","Minor","Driver","Had Not Been Drinking","West","Entering Traffic","Panel Truck","None Apparent","1","21804","Yield From Driveway/Curb"
"CR-0000093856","ACV-0000191486","M","49","","Major","Driver","Had Not Been Drinking","East","Entering Traffic","Car","Unknown","1","21804","Yield From Driveway/Curb"
"CR-0000093858","ACV-0000191491","","0","","Unknown","Driver","Impairment Not Known","West","Making Right Turn","Car","Unknown","1","Not Applicable","Not Applicable"
"CR-0000093871","ACV-0000191518","","0","","Minor","Parked","Not Applicable","Not Applicable","Parked","Panel Truck","None Apparent","1","Not Applicable","Not Applicable"
"CR-0000093884","ACV-0000191542","F","0","","Unknown","Driver","Impairment Not Known","West","Proceeding Straight","Car","None Apparent","1","Not Applicable","Not Applicable"
"CR-0000093872","ACV-0000191521","","0","","Minor","Parked","Not Applicable","Not Applicable","Parked","Car","None Apparent","1","Not Applicable","Not Applicable"
"CR-0000093865","ACV-0000191504","","0","","Minor","Parked","Not Applicable","Not Applicable","Parked","Car","None Apparent","1","Not Applicable","Not Applicable"
"CR-0000093863","ACV-0000191501","","0","","Moderate","Driver","Impairment Not Known","South","Ran Off Road","Car","None Apparent","1","22350","Speeding"
"CR-0000093861","ACV-0000191497","","0","","Unknown","Driver","Impairment Not Known","Unknown","Proceeding Straight","Panel Truck","Unknown","1","Unknown","Unknown"
"CR-0000093874","ACV-0000191524","F","63","","Major","Driver","Impairment Not Known","West","Proceeding Straight","Car","None Apparent","1","21703","Follow Too Closely"
"CR-0000093878","ACV-0000191533","M","24","","Major","Driver","Had Been Drinking - Under Influence","East","Ran Off Road","Car","Other Violation","1","22350","Speeding"
"CR-0000093885","ACV-0000191544","","0","","Unknown","Driver","Impairment Not Known","South","Changing Lanes","Car","Unknown","1","Unknown","Unknown"
"CR-0000093873","ACV-0000191522","F","63","","Minor","Driver","Had Not Been Drinking","North","Proceeding Straight","Car","None Apparent","1","21453","Run Red Light"
"CR-0000093884","ACV-0000191541","M","16","","Unknown","Bicycle","Impairment Not Known","East","Other","Scooter Motorized","Defective Vehicle Equipment","1","21235","Laws Apply To Motorized Scooter"
"CR-0000093872","ACV-0000191519","","0","","Major","Driver","Impairment Not Known","Unknown","Proceeding Straight","Car","None Apparent","1","22350","Speeding"
"CR-0000093865","ACV-0000191502","","0","","Major","Driver","Impairment Not Known","South","Proceeding Straight","Car","None Apparent","1","21658","Unsafe Lane Change"
"CR-0000093870","ACV-0000191516","M","38","","Minor","Driver","Impairment Not Known","North","Stopped","Car","None Apparent","1","Not Applicable","Not Applicable"