"CrashName","Name","Sex","Age","Speed","VehicleDamage","PartyCategory","Sobriety","VehicleDirection","MovementPrecedingCollision","PartyType","OtherAssociatedFactor","VehicleCount","ViolationCode","ViolationCodeDescription"
"CR-0000094675","ACV-0000193087","","0","","Minor","Parked","Not Applicable","Not Applicable","Parked","Panel Truck","None Apparent","1","Not Applicable","Not Applicable"
"CR-0000094689","ACV-0000193115","M","39","","Major","Driver","Had Been Drinking - Under Influence","East","Proceeding Straight","Car","None Apparent","1","21663","Driving On Sidewalk"
"CR-0000094681","ACV-0000193099","M","43","","Moderate","Driver","Had Not Been Drinking","North","Stopped","Car","None Apparent","1","Not Applicable","Not Applicable"
"CR-0000094674","ACV-0000193083","M","30","","Minor","Driver","Impairment Not Known","West","Ran Off Road","Car","Other","1","22107","Unsafe Turn Movement"
"CR-0000094679","ACV-0000193094","M","25","","Unknown","Bicycle","Impairment Not Known","East","Proceeding Straight","Bicycle","None Apparent","1","21800","Yield Uncontrolled Intersection"
"CR-0000094681","ACV-0000193098","M","31","","Moderate","Driver","Had Not Been Drinking","North","Proceeding Straight","Emergency Vehicle","None Apparent","1","21703","Follow Too Closely"
"CR-0000094685","ACV-0000193108","M","38","","Unknown","Driver","Impairment Not Known","North","Making Left Turn","Car","Unknown","1","Unknown","Unknown"
"CR-0000094690","ACV-0000193116","","0","","Minor","Driver","Impairment Not Known","East","Backing","Car","Vision Obscurement","1","22106","Unsafe Backing"
"CR-0000094680","ACV-0000193096","","0","","Unknown","Driver","Impairment Not Known","South","Changing Lanes","Car","None Apparent","1","22107","Unsafe Turn Movement"
"CR-0000094692","ACV-0000193120","M","17","","Minor","Driver","Impairment Not Known","South","Proceeding Straight","Panel Truck","None Apparent","1","23123","Cellphone In Use"
"CR-0000094693","ACV-0000193122","M","59","","Unknown","Driver","Had Not Been Drinking","South","Proceeding Straight","Car","None Apparent","1","Unknown","Unknown"
"CR-0000094674","ACV-0000193084","","0","","Minor","Parked","Not Applicable","Not Applicable","Parked","Panel Truck","None Apparent","1","Not Applicable","Not Applicable"
"CR-0000094686","ACV-0000193110","M","27","","Unknown","Driver","Impairment Not Known","West","Proceeding Straight","Car","Unknown","1","Unknown","Unknown"
"CR-0000094676","ACV-0000193089","","0","","Moderate","Parked","Not Applicable","Not Applicable","Parked","Car","None Apparent","1","Not Applicable","Not Applicable"
"CR-0000094670","ACV-0000193076","","0","","Moderate","Parked","Not Applicable","Not Applicable","Parked","Car","None Apparent","1","Not Applicable","Not Applicable"
"CR-0000094673","ACV-0000193082","M","20","","Minor","Driver","Had Not Been Drinking","East","Stopped","Car","None Apparent","1","Not Applicable","Not Applicable"
"CR-0000094671","ACV-0000193078","M","48","","None","Driver","Had Not Been Drinking","West","Stopped","Car","None Apparent","1","Not Applicable","Not Applicable"
"CR-0000094676","ACV-0000193088","M","40","","Major","Driver","Had Been Drinking - Under Influence","East","Making Left Turn","Car","None Apparent","1","00001","Other Improper Driving"
"CR-0000094679","ACV-0000193095","F","33","","Unknown","Driver","Impairment Not Known","East","Making Right Turn","Car","None Apparent","1","Not Applicable","Not Applicable"
"CR-0000094683","ACV-0000193102","M","17","","Major","Driver","Impairment Not Known","South","Proceeding Straight","Car","Stop And Go Traffic","1","22350","Speeding"
"CR-0000094672","ACV-0000193079","","0","","Unknown","Driver","Impairment Not Known","West","Making Right Turn","Car","None Apparent","1","21802","Yield Stop Sign"
"CR-0000094691","ACV-0000193119","","0","","Minor","Parked","Not Applicable","Not Applicable","Parked","Car","Unknown","1","Unknown","Unknown"
"CR-0000094673","ACV-0000193081","M","21","","Minor","Driver","Had Been Drinking - Under Influence","East","Proceeding Straight","Car","Speeding","1","23152","Driving Drunk"
"CR-0000094682","ACV-0000193101","","0","","Major","Parked","Not Applicable","Not Applicable","Stopped","Car","None Apparent","1","Not Applicable","Not Applicable"
"CR-0000094677","ACV-0000193091","","0","","Moderate","Parked","Not Applicable","Not Applicable","Parked","Car","None Apparent","1","Not Applicable","Not Applicable"
"CR-0000094675","ACV-0000193085","M","22","","Major","Driver","Had Not Been Drinking","West","Making Left Turn","Car","Other Violation","1","12500","Unlicensed Driver"
"CR-0000094694","ACV-0000193124","F","54","","Moderate","Parked","Not Applicable","Not Applicable","Parked","Car","None Apparent","1","Not Applicable","Not Applicable"
"CR-0000094672","ACV-0000193080","M","48","","Unknown","Bicycle","Had Not Been Drinking","South","Proceeding Straight","Bicycle","None Apparent","1","Not Applicable","Not Applicable"
"CR-0000094690","ACV-0000193117","","0","","Moderate","Parked","Not Applicable","Not Applicable","Parked","Car","None Apparent","1","Not Applicable","Not Applicable"
"CR-0000094669","ACV-0000193074","M","38","","Moderate","Driver","Impairment Not Known","East","Ran Off Road","Car","Vision Obscurement","1","22350","Speeding"
"CR-0000094675","ACV-0000193086","","0","","Moderate","Parked","Not Applicable","Not Applicable","Parked","Car","None Apparent","1","Not Applicable","Not Applicable"
"CR-0000094688","ACV-0000193114","","0","","Unknown","Parked","Not Applicable","Not Applicable","Parked","Car","None Apparent","1","Not Applicable","Not Applicable"
"CR-0000094678","ACV-0000193093","M","47","","Minor","Driver","Had Not Been Drinking","West","Proceeding Straight","Car","None Apparent","1","Not Applicable","Not Applicable"
"CR-0000094692","ACV-0000193121","F","0","","Moderate","Driver","Impairment Not Known","West","Making Left Turn","Car","None Apparent","1","Not Applicable","Not Applicable"
"CR-0000094688","ACV-0000193113","M","30","","Major","Driver","Had Not Been Drinking","East","Traveling Wrong Way","Car","None Apparent","1","22107","Unsafe Turn Movement"
"CR-0000094677","ACV-0000193090","M","21","","Moderate","Driver","Had Been Drinking - Under Influence","East","Proceeding Straight","Car","Other Violation","1","21658","Unsafe Lane Change"
"CR-0000094680","ACV-0000193097","M","58","","Minor","Driver","Had Not Been Drinking","South","Proceeding Straight","Car","None Apparent","1","Not Applicable","Not Applicable"
"CR-0000094683","ACV-0000193104","F","39","","Moderate","Driver","Had Not Been Drinking","South","Stopped","Car","Stop And Go Traffic","1","Not Applicable","Not Applicable"
"CR-0000094684","ACV-0000193105","","0","","Unknown","Driver","Impairment Not Known","North","Backing","Car","None Apparent","1","22106","Unsafe Backing"
"CR-0000094682","ACV-0000193100","","0","","Major","Driver","Impairment Not Known","North","Proceeding Straight","Car","Other Violation","1","23103","Reckless Driving 2"
"CR-0000094683","ACV-0000193103","M","32","","Moderate","Driver","Had Not Been Drinking","South","Stopped","Car","Stop And Go Traffic","1","Not Applicable","Not Applicable"
"CR-0000094671","ACV-0000193077","M","27","","None","Driver","Had Not Been Drinking","West","Proceeding Straight","Car","None Apparent","1","22350","Speeding"
"CR-0000094714","ACV-0000193164","","0","","Unknown","Driver","Impairment Not Known","North","Making Right Turn","Car","None Apparent","1","21658","Unsafe Lane Change"
"CR-0000094713","ACV-0000193163","","0","","Minor","Parked","Not Applicable","Not Applicable","Parked","Car","None Apparent","1","Not Applicable","Not Applicable"
"CR-0000094708","ACV-0000193151","M","41","","None","Driver","Had Not Been Drinking","West","Making Left Turn","Car","Speeding","1","22100","Improper Turn"
"CR-0000094702","ACV-0000193141","M","28","","Minor","Driver","Had Not Been Drinking","Not Applicable","Proceeding Straight","Car","None Apparent","1","Not Applicable","Not Applicable"
"CR-0000094714","ACV-0000193165","F","29","","Unknown","Driver","Impairment Not Known","North","Making Right Turn","Car","None Apparent","1","Not Applicable","Not Applicable"
"CR-0000094697","ACV-0000193130","","0","","Major","Parked","Not Applicable","Not Applicable","Parked","Car","None Apparent","1","Not Applicable","Not Applicable"
"CR-0000094704","ACV-0000193144","","0","","Major","Driver","Impairment Not Known","North","Proceeding Straight","Panel Truck","None Apparent","1","21658","Unsafe Lane Change"
"CR-0000094712","ACV-0000193161","M","23","","Minor","Driver","Had Not Been Drinking","North","Stopped","Car","None Apparent","1","Not Applicable","Not Applicable"
"CR-0000094711","ACV-0000193159","","0","","Minor","Parked","Not Applicable","Not Applicable","Parked","Car","None Apparent","1","Not Applicable","Not Applicable"
"CR-0000094713","ACV-0000193162","M","24","","None","Driver","Had Been Drinking - Not Under Influence","North","Traveling Wrong Way","Motorcycle/Moped","None Apparent","1","21651","Divided Highway"
"CR-0000094704","ACV-0000193145","","0","","Major","Parked","Not Applicable","Not Applicable","Parked","Car","None Apparent","1","Not Applicable","Not Applicable"
"CR-0000094700","ACV-0000193137","","0","","Major","Parked","Not Applicable","Not Applicable","Parked","Panel Truck","None Apparent","1","Not Applicable","Not Applicable"
"CR-0000094700","ACV-0000193136","","0","","Totaled","Driver","Had Been Drinking - Impairment Unknown","South","Proceeding Straight","Car","None Apparent","1","22350","Speeding"
"CR-0000094695","ACV-0000193125","","0","","Unknown","Driver","Impairment Not Known","West","Making Right Turn","Unknown","None Apparent","1","22350","Speeding"
"CR-0000094711","ACV-0000193157","M","31","","Moderate","Driver","Had Been Drinking - Under Influence","West","Other Unsafe Turning","Car","None Apparent","1","23152","Driving Drunk"
"CR-0000094698","ACV-0000193133","M","0","","Unknown","Bicycle","Impairment Not Known","North","Proceeding Straight","Bicycle","None Apparent","1","Not Applicable","Not Applicable"
"CR-0000094707","ACV-0000193149","M","35","","Major","Driver","Had Not Been Drinking","North","Other Unsafe Turning","Motorcycle/Moped","Inattention","1","22350","Speeding"
"CR-0000094702","ACV-0000193140","M","22","","Moderate","Driver","Had Been Drinking - Under Influence","Not Applicable","Making Right Turn","Car","Other Violation","1","23152","Driving Drunk"
"CR-0000094699","ACV-0000193134","M","22","","Minor","Driver","Had Been Drinking - Under Influence","East","Other Unsafe Turning","Car","None Apparent","1","22350","Speeding"
"CR-0000094701","ACV-0000193139","","0","","Minor","Parked","Not Applicable","Not Applicable","Parked","Car","None Apparent","1","Not Applicable","Not Applicable"
"CR-0000094703","ACV-0000193143","M","25","","Moderate","Driver","Had Not Been Drinking","West","Making Right Turn","Emergency Vehicle","None Apparent","1","Unknown","Unknown"
"CR-0000094710","ACV-0000193155","M","32","","Minor","Driver","Had Not Been Drinking","South","Slowing/Stopping","Car","None Apparent","1","22517","Open Door Traffic"
"CR-0000094710","ACV-0000193156","M","0","","Minor","Driver","Had Not Been Drinking","South","Passing Other Vehicles","Emergency Vehicle","None Apparent","1","Not Applicable","Not Applicable"
"CR-0000094696","ACV-0000193128","","0","","Not Applicable","Pedestrian","Impairment Not Known","West","Proceeding Straight","Pedestrian","None Apparent","1","Not Applicable","Not Applicable"
"CR-0000094712","ACV-0000193160","F","0","","Minor","Driver","Had Not Been Drinking","North","Proceeding Straight","Emergency Vehicle","None Apparent","1","22350","Speeding"
"CR-0000094698","ACV-0000193132","F","30","","None","Driver","Had Been Drinking - Under Influence","South","Making Left Turn","Car","Other Violation","1","23152","Driving Drunk"
"CR-0000094715","ACV-0000193167","M","53","","Major","Driver","Had Not Been Drinking","South","Making Left Turn","Car","None Apparent","1","Not Applicable","Not Applicable"
"CR-0000094715","ACV-0000193166","","0","","Major","Driver","Impairment Not Known","East","Proceeding Straight","Car","None Apparent","1","21453","Run Red Light"
"CR-0000094697","ACV-0000193131","","0","","Moderate","Parked","Not Applicable","Not Applicable","Parked","Car","None Apparent","1","Not Applicable","Not Applicable"
"CR-0000094701","ACV-0000193138","","0","","Minor","Driver","Impairment Not Known","South","Proceeding Straight","Panel Truck","None Apparent","1","22350","Speeding"
"CR-0000094699","ACV-0000193135","","0","","Minor","Parked","Not Applicable","Not Applicable","Parked","Car","None Apparent","1","Not Applicable","Not Applicable"
"CR-0000094708","ACV-0000193152","M","57","","Not Applicable","Pedestrian","Had Not Been Drinking","North","Making Right Turn","Pedestrian","None Apparent","1","Not Applicable","Not Applicable"
"CR-0000094711","ACV-0000193158","","0","","Moderate","Parked","Not Applicable","Not Applicable","Parked","Car","None Apparent","1","Not Applicable","Not Applicable"
"CR-0000094709","ACV-0000193154","F","0","","Minor","Driver","Had Not Been Drinking","South","Proceeding Straight","Emergency Vehicle","None Apparent","1","Not Applicable","Not Applicable"
"CR-0000094706","ACV-0000193147","","0","","Unknown","Driver","Impairment Not Known","West","Proceeding Straight","Car","None Apparent","1","22350","Speeding"
"CR-0000094695","ACV-0000193126","M","43","","Major","Driver","Had Not Been Drinking","North","Proceeding Straight","Car","None Apparent","1","Not Applicable","Not Applicable"
"CR-0000094707","ACV-0000193150","","0","","Minor","Parked","Not Applicable","Not Applicable","Parked","Car","None Apparent","1","Not Applicable","Not Applicable"
"CR-0000094706","ACV-0000193148","M","60","","Minor","Driver","Had Not Been Drinking","West","Stopped","Car","None Apparent","1","Not Applicable","Not Applicable"
"CR-0000094704","ACV-0000193146","","0","","Major","Parked","Not Applicable","Not Applicable","Parked","Car","None Apparent","1","Not Applicable","Not Applicable"
"CR-0000094696","ACV-0000193127","","0","","Unknown","Driver","Impairment Not Known","South","Proceeding Straight","Unknown","None Apparent","1","22350","Speeding"
"CR-0000094703","ACV-0000193142","M","30","","Moderate","Driver","Had Not Been Drinking","West","Making Right Turn","Emergency Vehicle","None Apparent","1","Unknown","Unknown"
"CR-0000094709","ACV-0000193153","M","35","","None","Bicycle","Had Not Been Drinking","South","Proceeding Straight","Scooter Motorized","Unknown","1","22350","Speeding"
"CR-0000094697","ACV-0000193129","F","50","","Major","Driver","Had Been Drinking - Under Influence","South","Proceeding Straight","Car","None Apparent","1","23152","Driving Drunk"
"CR-0000094718","ACV-0000193171","M","63","","Moderate","Driver","Had Not Been Drinking","South","Proceeding Straight","Panel Truck","Unknown","1","Unknown","Unknown"
"CR-0000094716","ACV-0000193168","M","0","","Major","Driver","Impairment Not Known","North","Crossing Into Opposing Lane","Car","None Apparent","1","21651","Divided Highway"
"CR-0000094717","ACV-0000193169","M","38","","Major","Driver","Had Been Drinking - Under Influence","North","Ran Off Road","Panel Truck","Inattention","1","23153","Driving Drunk With Injury"
"CR-0000094718","ACV-0000193170","F","66","","Major","Driver","Impairment Not Known","East","Proceeding Straight","Car","Unknown","1","Unknown","Unknown"
"CR-0000094720","ACV-0000193175","M","55","","Unknown","Driver","Impairment Not Known","Unknown","Making Left Turn","Car","Unknown","1","Unknown","Unknown"
"CR-0000094719","ACV-0000193173","","0","","Unknown","Unknown","Impairment Not Known","Unknown","Unknown","Unknown","Unknown","1","Unknown","Unknown"
"CR-0000094719","ACV-0000193172","M","31","","Unknown","Parked","Not Applicable","Not Applicable","Parked","Car","Unknown","1","Unknown","Unknown"
"CR-0000094720","ACV-0000193174","M","69","","Unknown","Driver","Impairment Not Known","North","Proceeding Straight","Car","Unknown","1","Unknown","Unknown"
"CR-0000094723","ACV-0000193180","","0","","Unknown","Driver","Impairment Not Known","Unknown","Unknown","Panel Truck","Unknown","1","Unknown","Unknown"
"CR-0000094722","ACV-0000193178","F","0","","Unknown","Driver","Impairment Not Known","East","Proceeding Straight","Car","Unknown","1","Unknown","Unknown"
"CR-0000094725","ACV-0000193183","M","23","","Unknown","Parked","Impairment Not Known","Not Applicable","Parked","Car","Unknown","1","Unknown","Unknown"
"CR-0000094725","ACV-0000193184","","0","","Unknown","Unknown","Impairment Not Known","Unknown","Unknown","Unknown","Unknown","1","Unknown","Unknown"
"CR-0000094727","ACV-0000193187","","0","","Unknown","Driver","Impairment Not Known","Unknown","Proceeding Straight","Car","Unknown","1","Unknown","Unknown"
"CR-0000094726","ACV-0000193186","M","25","","Unknown","Driver","Impairment Not Known","East","Proceeding Straight","Car","Unknown","1","Not Applicable","Not Applicable"
"CR-0000094726","ACV-0000193185","","0","","Unknown","Driver","Impairment Not Known","East","Proceeding Straight","Car","Unknown","1","Unknown","Unknown"
"CR-0000094727","ACV-0000193188","","0","","Unknown","Parked","Impairment Not Known","Not Applicable","Parked","Car","Unknown","1","Unknown","Unknown"
"CR-0000094724","ACV-0000193181","F","38","","Unknown","Driver","Impairment Not Known","South","Proceeding Straight","Car","Unknown","1","Unknown","Unknown"
"CR-0000094724","ACV-0000193182","M","0","","Unknown","Driver","Impairment Not Known","South","Unknown","Car","Unknown","1","Unknown","Unknown"
"CR-0000094721","ACV-0000193176","M","0","","Unknown","Driver","Impairment Not Known","North","Proceeding Straight","Panel Truck","Unknown","1","Unknown","Unknown"
"CR-0000094722","ACV-0000193177","F","34","","Unknown","Driver","Impairment Not Known","East","Stopped","Car","Unknown","1","Unknown","Unknown"
"CR-0000094723","ACV-0000193179","F","35","","Unknown","Driver","Impairment Not Known","Unknown","Stopped","Car","Unknown","1","Unknown","Unknown"
"CR-0000094734","ACV-0000193203","M","48","","Minor","Driver","Had Not Been Drinking","East","Stopped","Car","None Apparent","1","Not Applicable","Not Applicable"
"CR-0000094772","ACV-0000193276","F","50","","Minor","Driver","Had Not Been Drinking","East","Proceeding Straight","Car","None Apparent","1","Not Applicable","Not Applicable"
"CR-0000094744","ACV-0000193218","","0","","Unknown","Driver","Impairment Not Known","West","Proceeding Straight","Unknown","Unknown","1","22350","Speeding"
"CR-0000094765","ACV-0000193266","","0","","Moderate","Driver","Impairment Not Known","North","Proceeding Straight","Car","None Apparent;Unfamiliar With Road","1","22107","Unsafe Turn Movement"
"CR-0000094785","ACV-0000193299","F","67","","Moderate","Driver","Impairment Not Known","South","Proceeding Straight","Car","None Apparent","1","Not Applicable","Not Applicable"
"CR-0000094774","ACV-0000193278","M","30","","Moderate","Driver","Had Not Been Drinking","West","Proceeding Straight","Car","None Apparent","1","Not Applicable","Not Applicable"
"CR-0000094741","ACV-0000193211","F","81","","Major","Driver","Had Not Been Drinking","North","Proceeding Straight","Car","None Apparent","1","Not Applicable","Not Applicable"
"CR-0000094779","ACV-0000193297","M","14","","Not Applicable","Bicycle","Had Not Been Drinking","South","Traveling Wrong Way","Bicycle","Unknown","1","21650","Driving Wrong Side"
"CR-0000094792","ACV-0000193315","F","37","","Moderate","Driver","Impairment Not Known","North","Making Right Turn","Car","Unknown","1","Unknown","Unknown"
"CR-0000094764","ACV-0000193260","M","21","","Major","Driver","Had Not Been Drinking","South","Stopped","Car","None Apparent","1","Not Applicable","Not Applicable"
"CR-0000094788","ACV-0000193307","M","29","","Minor","Driver","Had Not Been Drinking","West","Proceeding Straight","Car","None Apparent","1","Not Applicable","Not Applicable"
"CR-0000094781","ACV-0000193290","M","0","","Major","Driver","Had Not Been Drinking","North","Proceeding Straight","Car","None Apparent","1","Not Applicable","Not Applicable"
"CR-0000094787","ACV-0000193302","F","27","","Major","Driver","Impairment Not Known","North","Making Right Turn","Car","None Apparent","1","Not Applicable","Not Applicable"
"CR-0000094789","ACV-0000193308","M","27","","Moderate","Driver","Impairment Not Known","North","Making Right Turn","Car","Unknown","1","22450","Fail Stop/Sign"
"CR-0000094774","ACV-0000193277","M","21","","Minor","Driver","Had Not Been Drinking","West","Changing Lanes","Car","Other Violation","1","22107","Unsafe Turn Movement"
"CR-0000094768","ACV-0000193267","F","45","","Moderate","Driver","Had Not Been Drinking","North","Making U-Turn","Car","None Apparent","1","22103","Unsafe U-Turn"
"CR-0000094743","ACV-0000193214","M","45","","Moderate","Driver","Had Not Been Drinking","North","Proceeding Straight","Car","None Apparent","1","Not Applicable","Not Applicable"
"CR-0000094745","ACV-0000193219","M","33","","Minor","Driver","Impairment Not Known","East","Stopped","Car","None Apparent","1","Not Applicable","Not Applicable"
"CR-0000094742","ACV-0000193209","","19","","Major","Driver","Had Been Drinking - Not Under Influence","Unknown","Entering Traffic","Car","None Apparent","1","Unknown","Unknown"
"CR-0000094752","ACV-0000193233","M","28","","None","Driver","Impairment Not Known","North","Proceeding Straight","Car","None Apparent","1","21954","Pedestrian Yield Car"
"CR-0000094769","ACV-0000193269","","0","","Minor","Driver","Impairment Not Known","Not Applicable","Ran Off Road","Car","None Apparent","1","Not Applicable","Not Applicable"
"CR-0000094778","ACV-0000193285","M","25","","Minor","Driver","Had Not Been Drinking","North","Stopped","Car","None Apparent","1","Not Applicable","Not Applicable"
"CR-0000094788","ACV-0000193306","M","57","","Minor","Driver","Had Not Been Drinking","East","Proceeding Straight","Car","None Apparent","1","Not Applicable","Not Applicable"
"CR-0000094732","ACV-0000193199","F","44","","Unknown","Pedestrian","Impairment Not Known","South","Proceeding Straight","Bicycle","None Apparent","1","Not Applicable","Not Applicable"
"CR-0000094749","ACV-0000193226","","0","","Major","Parked","Not Applicable","Not Applicable","Parked","Car","None Apparent","1","Not Applicable","Not Applicable"
"CR-0000094782","ACV-0000193292","","0","","Minor","Driver","Impairment Not Known","North","Parking Maneuver","Car","None Apparent","1","Unknown","Unknown"
"CR-0000094751","ACV-0000193231","M","46","","None","Bicycle","Had Not Been Drinking","East","Proceeding Straight","Bicycle","Other","1","Not Applicable","Not Applicable"
"CR-0000094790","ACV-0000193310","F","49","","Minor","Driver","Impairment Not Known","East","Making Left Turn","Car","None Apparent","1","Not Applicable","Not Applicable"
"CR-0000094778","ACV-0000193284","","0","","Minor","Driver","Impairment Not Known","North","Proceeding Straight","Car","None Apparent","1","22350","Speeding"
"CR-0000094755","ACV-0000193236","F","57","","None","Driver","Had Not Been Drinking","West","Making Left Turn","Car","None Apparent","1","21950","Yield Pedestrian In Crosswalk"
"CR-0000094781","ACV-0000193291","M","0","","Minor","Driver","Had Not Been Drinking","North","Stopped","Car","None Apparent","1","Not Applicable","Not Applicable"
"CR-0000094752","ACV-0000193232","M","32","","Not Applicable","Pedestrian","Impairment Not Known","West","Proceeding Straight","Pedestrian","None Apparent","1","21954","Pedestrian Yield Car"
"CR-0000094756","ACV-0000193240","M","60","","Major","Driver","Impairment Not Known","Unknown","Proceeding Straight","Car","None Apparent","1","21453","Run Red Light"
"CR-0000094760","ACV-0000193246","","0","","Moderate","Parked","Not Applicable","Not Applicable","Parked","Car","None Apparent","1","Not Applicable","Not Applicable"
"CR-0000094773","ACV-0000193272","","0","","Minor","Driver","Impairment Not Known","South","Changing Lanes","Unknown","None Apparent","1","22107","Unsafe Turn Movement"
"CR-0000094767","ACV-0000193262","","0","","Unknown","Driver","Impairment Not Known","West","Proceeding Straight","Unknown","None Apparent","1","22350","Speeding"
"CR-0000094750","ACV-0000193230","F","51","","Unknown","Driver","Impairment Not Known","North","Proceeding Straight","Car","None Apparent","1","Not Applicable","Not Applicable"
"CR-0000094786","ACV-0000193304","M","28","","Minor","Driver","Had Not Been Drinking","North","Stopped","Car","None Apparent","1","Not Applicable","Not Applicable"
"CR-0000094743","ACV-0000193213","F","18","","Moderate","Driver","Had Not Been Drinking","East","Proceeding Straight","Car","None Apparent","1","21453","Run Red Light"
"CR-0000094733","ACV-0000193201","M","31","","Major","Driver","Impairment Not Known","West","Proceeding Straight","Car","None Apparent","1","Not Applicable","Not Applicable"
"CR-0000094773","ACV-0000193273","M","28","","Minor","Driver","Impairment Not Known","South","Proceeding Straight","Car","None Apparent","1","Not Applicable","Not Applicable"
"CR-0000094761","ACV-0000193254","M","43","","Minor","Driver","Had Not Been Drinking","West","Proceeding Straight","Train","Stop And Go Traffic","1","Not Applicable","Not Applicable"
"CR-0000094764","ACV-0000193258","F","48","","Moderate","Driver","Had Not Been Drinking","West","Entering Traffic","Car","Vision Obscurement","1","21804","Yield From Driveway/Curb"
"CR-0000094770","ACV-0000193271","M","86","","Not Applicable","Pedestrian","Impairment Not Known","South","Proceeding Straight","Pedestrian","None Apparent","1","Not Applicable","Not Applicable"
"CR-0000094746","ACV-0000193215","","0","","Unknown","Driver","Impairment Not Known","South","Proceeding Straight","Unknown","Stop And Go Traffic","1","22350","Speeding"
"CR-0000094760","ACV-0000193250","","0","","Minor","Parked","Not Applicable","Not Applicable","Parked","Unknown","None Apparent","1","Not Applicable","Not Applicable"
"CR-0000094759","ACV-0000193248","M","41","","Moderate","Driver","Had Not Been Drinking","South","Proceeding Straight","Car","None Apparent","1","Not Applicable","Not Applicable"
"CR-0000094786","ACV-0000193301","M","0","","Major","Driver","Had Been Drinking - Under Influence","North","Proceeding Straight","Car","Other Violation","1","23153","Driving Drunk With Injury"
"CR-0000094763","ACV-0000193256","M","27","","Totaled","Driver","Had Been Drinking - Under Influence","North","Making Left Turn","Car","Other Violation","1","22350","Speeding"
"CR-0000094757","ACV-0000193239","M","29","","Major","Driver","Had Been Drinking - Under Influence","East","Proceeding Straight","Car","Other Violation","1","22350","Speeding"
"CR-0000094749","ACV-0000193227","","0","","Major","Parked","Not Applicable","Not Applicable","Parked","Car","None Apparent","1","Not Applicable","Not Applicable"
"CR-0000094794","ACV-0000193317","","0","","Unknown","Driver","Impairment Not Known","South","Proceeding Straight","Unknown","None Apparent","1","22350","Speeding"
"CR-0000094790","ACV-0000193309","F","21","","Minor","Driver","Impairment Not Known","West","Changing Lanes","Car","None Apparent","1","22107","Unsafe Turn Movement"
"CR-0000094771","ACV-0000193275","M","64","","Unknown","Driver","Impairment Not Known","North","Proceeding Straight","Panel Truck","None Apparent","1","22350","Speeding"
"CR-0000094777","ACV-0000193281","","0","","None","Driver","Impairment Not Known","North","Proceeding Straight","Unknown","Inattention","1","21703","Follow Too Closely"
"CR-0000094760","ACV-0000193247","","0","","Moderate","Parked","Not Applicable","Not Applicable","Parked","Car","None Apparent","1","Not Applicable","Not Applicable"
"CR-0000094728","ACV-0000193190","","0","","Unknown","Parked","Not Applicable","Not Applicable","Parked","Car","None Apparent","1","Not Applicable","Not Applicable"
"CR-0000094761","ACV-0000193252","M","55","","Minor","Driver","Had Not Been Drinking","West","Making Left Turn","Car","Inattention","1","21453","Run Red Light"
"CR-0000094772","ACV-0000193274","M","43","","Minor","Driver","Had Not Been Drinking","West","Making U-Turn","Car","None Apparent","1","21801","Yield Left Turn"
"CR-0000094729","ACV-0000193193","F","34","","Moderate","Driver","Had Not Been Drinking","West","Making Left Turn","Car","None Apparent","1","Not Applicable","Not Applicable"
"CR-0000094755","ACV-0000193238","M","26","","Not Applicable","Pedestrian","Impairment Not Known","East","Proceeding Straight","Pedestrian","None Apparent","1","Not Applicable","Not Applicable"
"CR-0000094760","ACV-0000193249","","0","","Moderate","Driver","Not Applicable","Not Applicable","Parked","Car","None Apparent","1","Not Applicable","Not Applicable"
"CR-0000094748","ACV-0000193223","F","16","","Minor","Driver","Impairment Not Known","North","Proceeding Straight","Car","None Apparent","1","Not Applicable","Not Applicable"
"CR-0000094732","ACV-0000193198","M","27","","None","Parked","Impairment Not Known","South","Parked","Car","None Apparent","1","22517","Open Door Traffic"
"CR-0000094735","ACV-0000193204","M","49","","Moderate","Driver","Had Not Been Drinking","South","Proceeding Straight","Car","None Apparent","1","22350","Speeding"
"CR-0000094794","ACV-0000193318","","0","","Minor","Parked","Not Applicable","Not Applicable","Parked","Car","None Apparent","1","Not Applicable","Not Applicable"
"CR-0000094739","ACV-0000193206","M","33","","Unknown","Driver","Under Drug Influence","North","Proceeding Straight","Panel Truck","None Apparent","1","22350","Speeding"
"CR-0000094758","ACV-0000193243","","0","","Unknown","Driver","Impairment Not Known","East","Making Left Turn","Semi Truck","None Apparent","1","21801","Yield Left Turn"
"CR-0000094779","ACV-0000193300","F","57","","Minor","Driver","Had Not Been Drinking","West","Stopped","Car","Unknown","1","Not Applicable","Not Applicable"
"CR-0000094731","ACV-0000193197","F","21","","Minor","Driver","Impairment Not Known","South","Proceeding Straight","Car","None Apparent","1","Not Applicable","Not Applicable"
"CR-0000094762","ACV-0000193255","F","19","","Major","Driver","Impairment Not Known","North","Slowing/Stopping","Car","None Apparent","1","Not Applicable","Not Applicable"
"CR-0000094767","ACV-0000193263","F","54","","Moderate","Driver","Had Not Been Drinking","West","Stopped","Car","None Apparent","1","Not Applicable","Not Applicable"