"CrashName","Name","Sex","Age","Speed","VehicleDamage","PartyCategory","Sobriety","VehicleDirection","MovementPrecedingCollision","PartyType","OtherAssociatedFactor","VehicleCount","ViolationCode","ViolationCodeDescription"
"CR-0000095031","ACV-0000193775","M","40","","Major","Driver","Had Not Been Drinking","North","Making Left Turn","Car","None Apparent","1","21804","Yield From Driveway/Curb"
"CR-0000095035","ACV-0000193783","M","0","","Unknown","Driver","Impairment Not Known","West","Making Left Turn","Car","None Apparent","1","21950","Yield Pedestrian In Crosswalk"
"CR-0000095040","ACV-0000193792","M","55","","None","Driver","Had Not Been Drinking","East","Changing Lanes","Car","None Apparent","1","22350","Speeding"
"CR-0000095043","ACV-0000193799","F","45","","Minor","Driver","Impairment Not Known","North","Stopped","Car","None Apparent","1","Not Applicable","Not Applicable"
"CR-0000095047","ACV-0000193807","M","25","","None","Driver","Had Not Been Drinking","North","Proceeding Straight","Emergency Vehicle","None Apparent","1","Not Applicable","Not Applicable"
"CR-0000095051","ACV-0000193815","M","23","","Major","Driver","Had Been Drinking - Under Influence","North","Crossing Into Opposing Lane","Car","None Apparent","1","21801","Yield Left Turn"
"CR-0000095014","ACV-0000193744","F","0","","Moderate","Driver","Had Not Been Drinking","North","Proceeding Straight","Car","None Apparent","1","22350","Speeding"
"CR-0000095018","ACV-0000193752","M","18","","Major","Driver","Impairment Not Known","West","Stopped","Car","None Apparent","1","22107","Unsafe Turn Movement"
"CR-0000095022","ACV-0000193760","F","59","","Major","Driver","Had Not Been Drinking","East","Proceeding Straight","Car","None Apparent","1","Unknown","Unknown"
"CR-0000095026","ACV-0000193768","M","0","","Moderate","Parked","Not Applicable","Not Applicable","Parked","Car","None Apparent","1","Not Applicable","Not Applicable"
"CR-0000095031","ACV-0000193776","M","15","","Major","Driver","Impairment Not Known","West","Proceeding Straight","Car","None Apparent","1","Not Applicable","Not Applicable"
"CR-0000095035","ACV-0000193784","M","23","","Not Applicable","Pedestrian","Had Not Been Drinking","East","Other (Ped)","Pedestrian","None Apparent","1","Not Applicable","Not Applicable"
"CR-0000095040","ACV-0000193793","M","28","","Minor","Driver","Had Not Been Drinking","East","Stopped","Emergency Vehicle","None Apparent","1","Not Applicable","Not Applicable"
"CR-0000095044","ACV-0000193800","M","28","","None","Driver","Had Not Been Drinking","East","Backing","Panel Truck","None Apparent","1","22106","Unsafe Backing"
"CR-0000095048","ACV-0000193808","M","20","","Moderate","Driver","Had Been Drinking - Under Influence","South","Proceeding Straight","Car","None Apparent","1","21658","Unsafe Lane Change"
"CR-0000095051","ACV-0000193817","","0","","Unknown","Parked","Not Applicable","Not Applicable","Parked","Unknown","None Apparent","1","Not Applicable","Not Applicable"
"CR-0000095052","ACV-0000193818","M","33","","Major","Driver","Impairment Not Known","North","Proceeding Straight","Panel Truck","None Apparent","1","22350","Speeding"
"CR-0000095090","ACV-0000193870","F","19","","Major","Driver","Had Not Been Drinking","South","Making Left Turn","Car","None Apparent","1","Unknown","Unknown"
"CR-0000095090","ACV-0000193869","M","27","","Major","Driver","Had Been Drinking - Not Under Influence","North","Proceeding Straight","Motorcycle/Moped","None Apparent","1","Unknown","Unknown"
"CR-0000095091","ACV-0000193871","F","30","","Major","Driver","Impairment Not Known","North","Ran Off Road","Car","None Apparent","1","22350","Speeding"
"CR-0000095089","ACV-0000193867","M","18","","Not Applicable","Bicycle","Impairment Not Known","South","Proceeding Straight","Scooter Motorized","Unknown","1","21456","Pedestrian Don't Walk"
"CR-0000095089","ACV-0000193868","F","36","","Unknown","Driver","Had Not Been Drinking","East","Proceeding Straight","Bus - School","Unknown","1","Not Applicable","Not Applicable"
"CR-0000095102","ACV-0000193885","M","18","","Major","Driver","Impairment Not Known","South","Proceeding Straight","Car","Unknown","1","21453","Run Red Light"
"CR-0000095103","ACV-0000193888","M","72","","Not Applicable","Pedestrian","Impairment Not Known","East","Other (Ped)","Pedestrian","Unknown","1","Unknown","Unknown"
"CR-0000095101","ACV-0000193884","M","46","","Totaled","Driver","Impairment Not Known","West","Proceeding Straight","Car","Unknown","1","22350","Speeding"
"CR-0000095102","ACV-0000193886","M","26","","Major","Driver","Impairment Not Known","West","Proceeding Straight","Car","Unknown","1","21453","Run Red Light"
"CR-0000095103","ACV-0000193887","M","61","","Minor","Driver","Had Not Been Drinking","East","Making Left Turn","Car","Unknown","1","Unknown","Unknown"
"CR-0000095104","ACV-0000193890","M","53","","Not Applicable","Pedestrian","Impairment Not Known","North","Proceeding Straight","Pedestrian","Unknown","1","21456","Pedestrian Don't Walk"
"CR-0000095104","ACV-0000193889","F","59","","Minor","Driver","Impairment Not Known","West","Proceeding Straight","Car","Unknown","1","Not Applicable","Not Applicable"
"CR-0000095107","ACV-0000193895","M","67","","Major","Driver","Had Not Been Drinking","West","Proceeding Straight","Panel Truck","None Apparent","1","Not Applicable","Not Applicable"
"CR-0000095111","ACV-0000193903","M","23","","None","Driver","Had Not Been Drinking","North","Proceeding Straight","Car","Other Violation;Inattention","1","22350","Speeding"
"CR-0000095115","ACV-0000193911","F","30","","Unknown","Driver","Impairment Not Known","North","Making Right Turn","Car","Unknown","1","Unknown","Unknown"
"CR-0000095107","ACV-0000193894","F","75","","Minor","Driver","Had Not Been Drinking","South","Proceeding Straight","Car","None Apparent","1","22450","Fail Stop/Sign"
"CR-0000095110","ACV-0000193902","F","31","","Moderate","Driver","Impairment Not Known","West","Making Left Turn","Car","None Apparent","1","Not Applicable","Not Applicable"
"CR-0000095114","ACV-0000193910","F","26","","Minor","Driver","Had Not Been Drinking","South","Proceeding Straight","Car","None Apparent","1","Not Applicable","Not Applicable"
"CR-0000095108","ACV-0000193896","M","20","","Minor","Driver","Had Not Been Drinking","East","Proceeding Straight","Motorcycle/Moped","None Apparent","1","21755","Pass On Right"
"CR-0000095111","ACV-0000193904","M","8","","Unknown","Bicycle","Had Not Been Drinking","East","Other (Bike)","Bicycle","None Apparent","1","Not Applicable","Not Applicable"
"CR-0000095115","ACV-0000193912","F","37","","Unknown","Driver","Impairment Not Known","South","Making Left Turn","Car","Unknown","1","Unknown","Unknown"
"CR-0000095105","ACV-0000193891","","0","","Minor","Driver","Impairment Not Known","East","Proceeding Straight","Car","None Apparent","1","21453","Run Red Light"
"CR-0000095109","ACV-0000193899","M","58","","Minor","Driver","Impairment Not Known","South","Proceeding Straight","Car","None Apparent","1","21950","Yield Pedestrian In Crosswalk"
"CR-0000095113","ACV-0000193907","F","20","","Major","Driver","Had Not Been Drinking","West","Proceeding Straight","Car","None Apparent","1","21755","Pass On Right"
"CR-0000095108","ACV-0000193897","M","55","","Minor","Driver","Had Not Been Drinking","East","Proceeding Straight","Bus - Other","None Apparent","1","Not Applicable","Not Applicable"
"CR-0000095112","ACV-0000193905","M","45","","Minor","Driver","Had Not Been Drinking","West","Making Left Turn","Panel Truck","None Apparent","1","21801","Yield Left Turn"
"CR-0000095116","ACV-0000193913","M","34","","Moderate","Driver","Had Not Been Drinking","East","Making Left Turn","Motorcycle/Moped","None Apparent","1","21801","Yield Left Turn"
"CR-0000095105","ACV-0000193892","F","39","","Minor","Driver","Had Not Been Drinking","South","Proceeding Straight","Car","None Apparent","1","Not Applicable","Not Applicable"
"CR-0000095109","ACV-0000193900","M","16","","Unknown","Bicycle","Impairment Not Known","West","Proceeding Straight","Bicycle","None Apparent","1","Not Applicable","Not Applicable"
"CR-0000095113","ACV-0000193908","M","26","","Unknown","Driver","Had Not Been Drinking","East","Making Left Turn","Panel Truck","None Apparent","1","Not Applicable","Not Applicable"
"CR-0000095106","ACV-0000193893","","0","","Unknown","Driver","Impairment Not Known","Unknown","Unknown","Car","Unknown","1","23103","Reckless Driving 2"
"CR-0000095110","ACV-0000193901","M","58","","Not Applicable","Pedestrian","Had Been Drinking - Under Influence","North","Other (Ped)","Pedestrian","None Apparent","1","21954","Pedestrian Yield Car"
"CR-0000095114","ACV-0000193909","M","72","","Moderate","Driver","Had Not Been Drinking","West","Proceeding Straight","Car","Other Violation;Inattention","1","22450","Fail Stop/Sign"
"CR-0000095108","ACV-0000193898","","0","","Minor","Parked","Not Applicable","Not Applicable","Parked","Car","None Apparent","1","Not Applicable","Not Applicable"
"CR-0000095112","ACV-0000193906","M","28","","Unknown","Bicycle","Had Not Been Drinking","East","Proceeding Straight","Bicycle","None Apparent","1","Not Applicable","Not Applicable"
"CR-0000095123","ACV-0000193921","M","27","","Unknown","Driver","Impairment Not Known","North","Merging","Car","Unknown","1","Unknown","Unknown"
"CR-0000095122","ACV-0000193919","F","61","","None","Driver","Had Been Drinking - Not Under Influence","North","Making Right Turn","Car","None Apparent","1","Unknown","Unknown"
"CR-0000095127","ACV-0000193927","","0","","Unknown","Driver","Impairment Not Known","East","Proceeding Straight","Unknown","None Apparent","1","22350","Speeding"
"CR-0000095120","ACV-0000193914","F","77","","Moderate","Driver","Had Not Been Drinking","South","Making Left Turn","Car","None Apparent","1","22107","Unsafe Turn Movement"
"CR-0000095124","ACV-0000193923","","0","","Minor","Parked","Not Applicable","Not Applicable","Parked","Emergency Vehicle","None Apparent","1","Not Applicable","Not Applicable"
"CR-0000095123","ACV-0000193920","M","61","","Unknown","Driver","Impairment Not Known","North","Proceeding Straight","Car","Unknown","1","Unknown","Unknown"
"CR-0000095127","ACV-0000193928","M","0","","Unknown","Bicycle","Impairment Not Known","South","Proceeding Straight","Bicycle","None Apparent","1","Not Applicable","Not Applicable"
"CR-0000095121","ACV-0000193916","M","18","","Minor","Driver","Had Not Been Drinking","North","Proceeding Straight","Car","None Apparent","1","Unknown","Unknown"
"CR-0000095125","ACV-0000193924","F","72","","Major","Driver","Impairment Not Known","West","Proceeding Straight","Car","None Apparent","1","21453","Run Red Light"
"CR-0000095121","ACV-0000193917","F","40","","Minor","Driver","Had Not Been Drinking","West","Making Right Turn","Car","None Apparent","1","Unknown","Unknown"
"CR-0000095125","ACV-0000193925","F","75","","Minor","Driver","Impairment Not Known","North","Proceeding Straight","Car","None Apparent","1","Not Applicable","Not Applicable"
"CR-0000095120","ACV-0000193915","M","17","","Major","Driver","Had Not Been Drinking","North","Proceeding Straight","Car","None Apparent","1","Not Applicable","Not Applicable"
"CR-0000095124","ACV-0000193922","M","70","","Moderate","Driver","Had Been Drinking - Under Influence","East","Proceeding Straight","Car","Speeding","1","23152","Driving Drunk"
"CR-0000095122","ACV-0000193918","F","37","","Unknown","Bicycle","Had Been Drinking - Not Under Influence","West","Proceeding Straight","Bicycle","None Apparent","1","Unknown","Unknown"
"CR-0000095127","ACV-0000193926","","0","","Unknown","Driver","Impairment Not Known","East","Proceeding Straight","Unknown","None Apparent","1","22350","Speeding"
"CR-0000095147","ACV-0000193954","","0","","Unknown","Driver","Impairment Not Known","North","Proceeding Straight","Car","Unknown","1","Unknown","Unknown"
"CR-0000095148","ACV-0000193957","F","0","","Unknown","Driver","Impairment Not Known","East","Proceeding Straight","Car","Unknown","1","Unknown","Unknown"
"CR-0000095149","ACV-0000193958","M","85","","Minor","Driver","Had Not Been Drinking","West","Proceeding Straight","Car","None Apparent","1","21658","Unsafe Lane Change"
"CR-0000095147","ACV-0000193955","F","41","","Not Applicable","Pedestrian","Impairment Not Known","Not Applicable","Other (Ped)","Pedestrian","Unknown","1","Unknown","Unknown"
"CR-0000095148","ACV-0000193956","F","0","","Unknown","Driver","Impairment Not Known","East","Proceeding Straight","Car","Unknown","1","Unknown","Unknown"
"CR-0000095149","ACV-0000193959","","0","","Minor","Parked","Not Applicable","Not Applicable","Parked","Emergency Vehicle","None Apparent","1","Not Applicable","Not Applicable"
"CR-0000095162","ACV-0000193977","M","33","","Moderate","Driver","Had Been Drinking - Under Influence","East","Proceeding Straight","Car","None Apparent","1","23152","Driving Drunk"
"CR-0000095166","ACV-0000193985","M","62","","Moderate","Driver","Had Not Been Drinking","West","Making Left Turn","Car","None Apparent","1","21801","Yield Left Turn"
"CR-0000095161","ACV-0000193976","","0","","Minor","Parked","Not Applicable","Not Applicable","Parked","Car","None Apparent","1","Not Applicable","Not Applicable"
"CR-0000095165","ACV-0000193984","M","40","","Minor","Driver","Not Applicable","Not Applicable","Parked","Emergency Vehicle","None Apparent","1","Not Applicable","Not Applicable"
"CR-0000095160","ACV-0000193974","M","64","","Unknown","Driver","Impairment Not Known","North","Proceeding Straight","Car","Unknown","1","Unknown","Unknown"
"CR-0000095164","ACV-0000193982","M","25","","Moderate","Driver","Had Not Been Drinking","East","Proceeding Straight","Car","None Apparent","1","Unknown","Unknown"
"CR-0000095160","ACV-0000193973","","0","","Unknown","Driver","Impairment Not Known","West","Making Left Turn","Car","Unknown","1","Unknown","Unknown"
"CR-0000095164","ACV-0000193981","F","0","","Moderate","Driver","Had Not Been Drinking","East","Proceeding Straight","Emergency Vehicle","None Apparent","1","Unknown","Unknown"
"CR-0000095161","ACV-0000193975","M","0","","None","Driver","Had Not Been Drinking","North","Backing","Emergency Vehicle","None Apparent","1","22106","Unsafe Backing"
"CR-0000095165","ACV-0000193983","M","32","","Minor","Driver","Had Been Drinking - Not Under Influence","North","Passing Other Vehicles","Semi Truck","None Apparent","1","22106","Unsafe Backing"
"CR-0000095162","ACV-0000193978","","0","","Unknown","Parked","Not Applicable","Not Applicable","Parked","Car","None Apparent","1","Not Applicable","Not Applicable"
"CR-0000095166","ACV-0000193986","M","33","","Moderate","Driver","Had Not Been Drinking","East","Proceeding Straight","Car","None Apparent","1","Not Applicable","Not Applicable"
"CR-0000095163","ACV-0000193979","M","65","","Minor","Driver","Had Not Been Drinking","South","Making Left Turn","Panel Truck","None Apparent","1","22350","Speeding"
"CR-0000095167","ACV-0000193987","M","50","","Unknown","Driver","Impairment Not Known","North","Proceeding Straight","Car","None Apparent","1","22350","Speeding"
"CR-0000095159","ACV-0000193972","M","15","","Major","Driver","Impairment Not Known","East","Other Unsafe Turning","Car","Unknown","1","22350","Speeding"
"CR-0000095163","ACV-0000193980","M","76","","Unknown","Bicycle","Had Not Been Drinking","North","Proceeding Straight","Bicycle","None Apparent","1","Not Applicable","Not Applicable"
"CR-0000095167","ACV-0000193988","F","61","","Minor","Driver","Had Not Been Drinking","North","Stopped","Car","None Apparent","1","Not Applicable","Not Applicable"
"CR-0000095189","ACV-0000194018","F","71","","Unknown","Driver","Impairment Not Known","South","Unknown","Car","None Apparent","1","Unknown","Unknown"
"CR-0000095194","ACV-0000194026","M","26","","Major","Driver","Had Been Drinking - Under Influence","South","Making Right Turn","Car","None Apparent","1","23152","Driving Drunk"
"CR-0000095189","ACV-0000194017","F","58","","Unknown","Driver","Impairment Not Known","South","Unknown","Car","None Apparent","1","Unknown","Unknown"
"CR-0000095193","ACV-0000194024","M","18","","Major","Driver","Impairment Not Known","West","Proceeding Straight","Car","None Apparent","1","22350","Speeding"
"CR-0000095187","ACV-0000194014","M","62","","Totaled","Driver","Impairment Not Known","South","Proceeding Straight","Car","None Apparent","1","Not Applicable","Not Applicable"
"CR-0000095192","ACV-0000194023","M","18","","Moderate","Driver","Had Not Been Drinking","South","Proceeding Straight","Car","None Apparent","1","Not Applicable","Not Applicable"
"CR-0000095190","ACV-0000194019","","0","","Unknown","Driver","Impairment Not Known","West","Other Unsafe Turning","Car","Other Violation;Inattention","1","22107","Unsafe Turn Movement"
"CR-0000095195","ACV-0000194027","M","73","","Major","Driver","Had Not Been Drinking","West","Making Left Turn","Car","None Apparent","1","21453","Run Red Light"
"CR-0000095190","ACV-0000194020","F","21","","Minor","Driver","Had Not Been Drinking","West","Stopped","Car","None Apparent","1","Not Applicable","Not Applicable"
"CR-0000095195","ACV-0000194028","M","51","","Major","Driver","Had Not Been Drinking","North","Proceeding Straight","Car","None Apparent","1","Not Applicable","Not Applicable"
"CR-0000095187","ACV-0000194015","","0","","Minor","Parked","Not Applicable","Not Applicable","Parked","Car","None Apparent","1","Not Applicable","Not Applicable"
"CR-0000095192","ACV-0000194022","","0","","Unknown","Driver","Impairment Not Known","North","Making U-Turn","Car","None Apparent","1","22107","Unsafe Turn Movement"
"CR-0000095196","ACV-0000194030","M","31","","Major","Driver","Had Not Been Drinking","East","Proceeding Straight","Car","Other Violation","1","Not Applicable","Not Applicable"
"CR-0000095187","ACV-0000194013","M","19","","Moderate","Driver","Impairment Not Known","South","Making Left Turn","Car","None Apparent","1","22107","Unsafe Turn Movement"
"CR-0000095191","ACV-0000194021","","0","","Major","Driver","Impairment Not Known","South","Ran Off Road","Car","None Apparent","1","22350","Speeding"
"CR-0000095196","ACV-0000194029","F","40","","Totaled","Driver","Had Not Been Drinking","East","Making Right Turn","Car","None Apparent","1","21804","Yield From Driveway/Curb"
"CR-0000095188","ACV-0000194016","M","26","","Totaled","Driver","Had Been Drinking - Under Influence","West","Proceeding Straight","Car","None Apparent","1","22350","Speeding"
"CR-0000095193","ACV-0000194025","","0","","Minor","Parked","Not Applicable","Not Applicable","Parked","Car","None Apparent","1","Not Applicable","Not Applicable"
"CR-0000095200","ACV-0000194037","","0","","Moderate","Parked","Not Applicable","Not Applicable","Parked","Car","None Apparent","1","Not Applicable","Not Applicable"
"CR-0000095204","ACV-0000194045","F","35","","Unknown","Driver","Under Drug Influence","East","Proceeding Straight","Car","None Apparent","1","Not Applicable","Not Applicable"
"CR-0000095208","ACV-0000194054","","0","","Minor","Parked","Not Applicable","Not Applicable","Parked","Panel Truck","None Apparent","1","Not Applicable","Not Applicable"
"CR-0000095198","ACV-0000194033","","0","","Unknown","Driver","Impairment Not Known","South","Other Unsafe Turning","Unknown","Unknown","1","Unknown","Unknown"
"CR-0000095203","ACV-0000194041","M","23","","Major","Driver","Impairment Not Known","South","Proceeding Straight","Car","Other Violation","1","23103","Reckless Driving 2"
"CR-0000095206","ACV-0000194049","","0","","Minor","Parked","Not Applicable","Not Applicable","Parked","Car","None Apparent","1","Not Applicable","Not Applicable"
"CR-0000095200","ACV-0000194036","M","52","","Moderate","Driver","Had Been Drinking - Under Influence","East","Proceeding Straight","Car","None Apparent","1","23152","Driving Drunk"
"CR-0000095204","ACV-0000194044","F","40","","Major","Driver","Had Been Drinking - Under Influence","North","Proceeding Straight","Car","Other Violation","1","22350","Speeding"
"CR-0000095208","ACV-0000194052","M","18","","Major","Driver","Had Been Drinking - Under Influence","East","Proceeding Straight","Car","Other Violation","1","23152","Driving Drunk"
"CR-0000095199","ACV-0000194034","M","28","","Unknown","Driver","Impairment Not Known","West","Proceeding Straight","Car","None Apparent","1","22350","Speeding"
"CR-0000095203","ACV-0000194042","M","35","","Major","Driver","Impairment Not Known","West","Proceeding Straight","Car","None Apparent","1","Not Applicable","Not Applicable"
"CR-0000095207","ACV-0000194050","","0","","Unknown","Driver","Impairment Not Known","North","Proceeding Straight","Car","None Apparent","1","22350","Speeding"
"CR-0000095168","ACV-0000194032","M","51","","Minor","Driver","Impairment Not Known","East","Stopped","Car","None Apparent","1","Not Applicable","Not Applicable"
"CR-0000095202","ACV-0000194040","","0","","Moderate","Driver","Impairment Not Known","North","Ran Off Road","Car","None Apparent","1","21658","Unsafe Lane Change"
"CR-0000095206","ACV-0000194048","M","29","","Minor","Driver","Had Been Drinking - Under Influence","West","Proceeding Straight","Car","None Apparent","1","22107","Unsafe Turn Movement"
"CR-0000095199","ACV-0000194035","M","47","","Unknown","Driver","Impairment Not Known","West","Stopped","Car","None Apparent","1","Not Applicable","Not Applicable"
"CR-0000095203","ACV-0000194043","M","35","","Moderate","Parked","Not Applicable","Not Applicable","Parked","Car","None Apparent","1","Not Applicable","Not Applicable"
"CR-0000095207","ACV-0000194051","F","39","","Minor","Driver","Had Not Been Drinking","North","Stopped","Car","None Apparent","1","Not Applicable","Not Applicable"
"CR-0000095168","ACV-0000194031","","0","","Unknown","Driver","Impairment Not Known","East","Making U-Turn","Car","Inattention","1","22350","Speeding"
"CR-0000095201","ACV-0000194039","M","57","","Not Applicable","Pedestrian","Impairment Not Known","Not Applicable","Other (Ped)","Pedestrian","None Apparent","1","Not Applicable","Not Applicable"
"CR-0000095205","ACV-0000194047","M","140","","Minor","Driver","Had Not Been Drinking","West","Stopped","Bus - Other","None Apparent","1","Not Applicable","Not Applicable"
"CR-0000095201","ACV-0000194038","M","46","","None","Driver","Had Not Been Drinking","South","Backing","Car","None Apparent","1","22106","Unsafe Backing"
"CR-0000095205","ACV-0000194046","M","19","","Major","Driver","Had Been Drinking - Under Influence","West","Proceeding Straight","Car","Other Violation;Speeding","1","22107","Unsafe Turn Movement"
"CR-0000095212","ACV-0000194061","M","47","","Moderate","Driver","Had Been Drinking - Under Influence","East","Proceeding Straight","Car","None Apparent","1","22350","Speeding"
"CR-0000095216","ACV-0000194069","M","53","","Major","Driver","Had Not Been Drinking","East","Making Left Turn","Car","None Apparent","1","22107","Unsafe Turn Movement"
"CR-0000095219","ACV-0000194077","","0","","Major","Driver","Impairment Not Known","South","Crossing Into Opposing Lane","Car","None Apparent","1","23103","Reckless Driving 2"
"CR-0000095210","ACV-0000194057","M","0","","Unknown","Driver","Impairment Not Known","West","Proceeding Straight","Car","None Apparent","1","20002","Leave Accident Scene"
"CR-0000095214","ACV-0000194065","F","23","","Unknown","Driver","Had Not Been Drinking","North","Proceeding Straight","Car","Inattention","1","23123","Cellphone In Use"
"CR-0000095218","ACV-0000194073","M","60","","Minor","Driver","Had Not Been Drinking","West","Proceeding Straight","Car","None Apparent","1","21703","Follow Too Closely"
"CR-0000095210","ACV-0000194058","M","65","","Minor","Driver","Impairment Not Known","West","Proceeding Straight","Car","None Apparent","1","Not Applicable","Not Applicable"
"CR-0000095214","ACV-0000194066","M","34","","Unknown","Driver","Not Applicable","Not Applicable","Parked","Car","None Apparent","1","Not Applicable","Not Applicable"
"CR-0000095218","ACV-0000194074","M","63","","Minor","Driver","Had Not Been Drinking","West","Proceeding Straight","Car","None Apparent","1","Not Applicable","Not Applicable"
"CR-0000095211","ACV-0000194059","","0","","Unknown","Driver","Impairment Not Known","West","Changing Lanes","Semi Truck","None Apparent","1","22107","Unsafe Turn Movement"
"CR-0000095215","ACV-0000194067","F","18","","Major","Driver","Had Not Been Drinking","West","Proceeding Straight","Car","Other Violation","1","22350","Speeding"
"CR-0000095218","ACV-0000194075","F","66","","Minor","Driver","Had Not Been Drinking","West","Proceeding Straight","Car","None Apparent","1","Not Applicable","Not Applicable"
"CR-0000095211","ACV-0000194060","F","67","","Moderate","Driver","Had Not Been Drinking","West","Proceeding Straight","Car","None Apparent","1","Not Applicable","Not Applicable"
"CR-0000095215","ACV-0000194068","","0","","Minor","Parked","Not Applicable","Not Applicable","Parked","Car","None Apparent","1","Not Applicable","Not Applicable"
"CR-0000095218","ACV-0000194076","F","61","","Minor","Driver","Had Not Been Drinking","West","Proceeding Straight","Car","None Apparent","1","Not Applicable","Not Applicable"
"CR-0000095209","ACV-0000194056","M","67","","Minor","Driver","Impairment Not Known","West","Proceeding Straight","Car","None Apparent","1","Not Applicable","Not Applicable"
"CR-0000095213","ACV-0000194064","F","49","","Unknown","Driver","Had Not Been Drinking","North","Making Left Turn","Car","None Apparent","1","22107","Unsafe Turn Movement"
"CR-0000095217","ACV-0000194072","M","27","","Moderate","Driver","Impairment Not Known","North","Proceeding Straight","Panel Truck","None Apparent","1","21804","Yield From Driveway/Curb"
"CR-0000095208","ACV-0000194053","","0","","Minor","Parked","Not Applicable","Not Applicable","Parked","Panel Truck","None Apparent","1","Not Applicable","Not Applicable"
"CR-0000095212","ACV-0000194062","F","27","","Minor","Driver","Had Not Been Drinking","North","Stopped","Panel Truck","None Apparent","1","Not Applicable","Not Applicable"
"CR-0000095216","ACV-0000194070","M","22","","Major","Driver","Had Not Been Drinking","West","Proceeding Straight","Car","None Apparent","1","Not Applicable","Not Applicable"
"CR-0000095209","ACV-0000194055","F","34","","Minor","Driver","Impairment Not Known","West","Changing Lanes","Car","None Apparent","1","22107","Unsafe Turn Movement"
"CR-0000095213","ACV-0000194063","M","41","","Major","Driver","Had Not Been Drinking","South","Proceeding Straight","Car","None Apparent","1","22350","Speeding"
"CR-0000095217","ACV-0000194071","M","46","","Moderate","Driver","Impairment Not Known","East","Proceeding Straight","Car","None Apparent","1","21804","Yield From Driveway/Curb"
"CR-0000095219","ACV-0000194078","M","66","","Major","Parked","Not Applicable","Not Applicable","Parked","Car","None Apparent","1","Not Applicable","Not Applicable"
"CR-0000095219","ACV-0000194079","F","37","","Major","Parked","Not Applicable","Not Applicable","Parked","Car","None Apparent","1","Not Applicable","Not Applicable"
"CR-0000095223","ACV-0000194087","M","52","","Minor","Driver","Had Not Been Drinking","South","Merging","Car","None Apparent","1","Not Applicable","Not Applicable"
"CR-0000095227","ACV-0000194095","M","18","","Moderate","Driver","Impairment Not Known","West","Proceeding Straight","Car","None Apparent","1","Not Applicable","Not Applicable"
"CR-0000095220","ACV-0000194081","","0","","Minor","Parked","Not Applicable","Not Applicable","Parked","Car","None Apparent","1","Not Applicable","Not Applicable"
"CR-0000095224","ACV-0000194089","F","30","","Moderate","Driver","Had Not Been Drinking","East","Stopped","Car","None Apparent","1","Not Applicable","Not Applicable"
"CR-0000095229","ACV-0000194097","M","61","","Moderate","Driver","Had Been Drinking - Under Influence","East","Proceeding Straight","Car","Speeding","1","23153","Driving Drunk With Injury"
"CR-0000095221","ACV-0000194082","","0","","Unknown","Driver","Impairment Not Known","East","Changing Lanes","Car","None Apparent","1","22107","Unsafe Turn Movement"
"CR-0000095225","ACV-0000194090","","0","","Unknown","Driver","Impairment Not Known","North","Making Left Turn","Car","None Apparent","1","21453","Run Red Light"
"CR-0000095229","ACV-0000194098","M","33","","Moderate","Driver","Had Not Been Drinking","East","Stopped","Car","None Apparent","1","Not Applicable","Not Applicable"
"CR-0000095220","ACV-0000194080","M","20","","None","Driver","Had Been Drinking - Under Influence","North","Proceeding Straight","Car","None Apparent","1","23152","Driving Drunk"
"CR-0000095224","ACV-0000194088","M","0","","Moderate","Driver","Impairment Not Known","East","Proceeding Straight","Car","None Apparent","1","22350","Speeding"
"CR-0000095228","ACV-0000194096","","0","","Minor","Parked","Not Applicable","Not Applicable","Parked","Car","None Apparent","1","22107","Unsafe Turn Movement"
"CR-0000095222","ACV-0000194084","M","27","","Minor","Driver","Had Not Been Drinking","South","Proceeding Straight","Motorcycle/Moped","None Apparent","1","Not Applicable","Not Applicable"
"CR-0000095226","ACV-0000194092","F","36","","Major","Driver","Had Been Drinking - Under Influence","South","Proceeding Straight","Car","None Apparent","1","23123","Cellphone In Use"
"CR-0000095230","ACV-0000194100","M","22","","Major","Driver","Had Been Drinking - Under Influence","East","Ran Off Road","Car","Other Violation","1","22350","Speeding"
"CR-0000095223","ACV-0000194086","M","30","","Minor","Driver","Had Not Been Drinking","South","Merging","Car","None Apparent","1","21703","Follow Too Closely"
"CR-0000095228","ACV-0000194094","M","55","","Minor","Driver","Had Been Drinking - Under Influence","West","Making Right Turn","Car","None Apparent","1","22107","Unsafe Turn Movement"
"CR-0000095230","ACV-0000194102","","0","","Not Applicable","Parked","Not Applicable","Not Applicable","Parked","Other","None Apparent","1","Not Applicable","Not Applicable"
"CR-0000095222","ACV-0000194083","M","24","","Minor","Driver","Had Not Been Drinking","East","Making Left Turn","Car","None Apparent","1","22107","Unsafe Turn Movement"
"CR-0000095225","ACV-0000194091","F","24","","Unknown","Driver","Had Not Been Drinking","East","Proceeding Straight","Car","None Apparent","1","Not Applicable","Not Applicable"
"CR-0000095229","ACV-0000194099","M","19","","Minor","Driver","Had Not Been Drinking","East","Stopped","Car","None Apparent","1","Not Applicable","Not Applicable"